[
    {
        "timestamp_ns": 315968948860046000,
        "track_uuid": "b5edca23-fc00-4223-a1e8-f0572f70fca1",
        "category": "BOX_TRUCK",
        "length_m": 6.409860611,
        "width_m": 3.6038823128,
        "height_m": 3.8065795898,
        "qw": 0.9998823012,
        "qx": 0.0,
        "qy": 0.0,
        "qz": 0.0153422196,
        "tx_m": 206.8481023722,
        "ty_m": -7.9607556919,
        "tz_m": 1.377236947,
        "num_interior_pts": 14
    },
    {
        "timestamp_ns": 315968948960242000,
        "track_uuid": "33a5cd5c-b597-4522-bdbb-0404f512ffa5",
        "category": "CONSTRUCTION_BARREL",
        "length_m": 0.5715,
        "width_m": 0.5435,
        "height_m": 1.3812,
        "qw": 0.7555163244,
        "qx": 0.0,
        "qy": 0.0,
        "qz": 0.6551298219,
        "tx_m": 7.1961725616,
        "ty_m": -6.3765985983,
        "tz_m": 0.375064613,
        "num_interior_pts": 104
    },
    {
        "timestamp_ns": 315968949059768000,
        "track_uuid": "33a5cd5c-b597-4522-bdbb-0404f512ffa5",
        "category": "CONSTRUCTION_BARREL",
        "length_m": 0.5715,
        "width_m": 0.5435,
        "height_m": 1.3812,
        "qw": 0.7555754864,
        "qx": 0.0,
        "qy": 0.0,
        "qz": 0.6550615882,
        "tx_m": 6.0969708033,
        "ty_m": -6.3795097325,
        "tz_m": 0.3755712649,
        "num_interior_pts": 112
    },
    {
        "timestamp_ns": 315968949159964000,
        "track_uuid": "14f054ee-6a8e-416b-869a-be1f784e478b",
        "category": "CONSTRUCTION_BARREL",
        "length_m": 0.5715,
        "width_m": 0.5435,
        "height_m": 1.0754356384,
        "qw": 0.9994265081,
        "qx": 0.0,
        "qy": 0.0,
        "qz": -0.0338622929,
        "tx_m": 28.1072785165,
        "ty_m": -6.2236560074,
        "tz_m": 0.1141235362,
        "num_interior_pts": 16
    },
    {
        "timestamp_ns": 315968949260160000,
        "track_uuid": "b5edca23-fc00-4223-a1e8-f0572f70fca1",
        "category": "BOX_TRUCK",
        "length_m": 6.409860611,
        "width_m": 3.6038823128,
        "height_m": 3.8065795898,
        "qw": 0.9998672768,
        "qx": 0.0,
        "qy": 0.0,
        "qz": 0.0162919827,
        "tx_m": 202.3346967023,
        "ty_m": -7.7836954922,
        "tz_m": 0.6157968966,
        "num_interior_pts": 10
    },
    {
        "timestamp_ns": 315968949359693000,
        "track_uuid": "c01bb965-272e-47c5-b3e5-43bcb2af184d",
        "category": "WHEELED_DEVICE",
        "length_m": 1.0787,
        "width_m": 0.4791,
        "height_m": 1.2156,
        "qw": 0.7314110422,
        "qx": 0.0,
        "qy": 0.0,
        "qz": -0.6819368646,
        "tx_m": 46.5603372772,
        "ty_m": 9.9234898759,
        "tz_m": -0.0712342009,
        "num_interior_pts": 9
    },
    {
        "timestamp_ns": 315968949459890000,
        "track_uuid": "9fd31417-bde6-4611-9f2e-e284a320914f",
        "category": "STOP_SIGN",
        "length_m": 0.1697455049,
        "width_m": 0.7750958204,
        "height_m": 3.1776332855,
        "qw": 0.7373246504,
        "qx": 0.0,
        "qy": 0.0,
        "qz": 0.6755385702,
        "tx_m": 27.6013215486,
        "ty_m": 13.6128547334,
        "tz_m": 0.8040283065,
        "num_interior_pts": 33
    },
    {
        "timestamp_ns": 315968949560086000,
        "track_uuid": "cf2dfd94-1a68-412f-8e66-076d7f99d854",
        "category": "REGULAR_VEHICLE",
        "length_m": 5.6308774948,
        "width_m": 2.4253008366,
        "height_m": 2.5157,
        "qw": 0.908111156,
        "qx": 0.0,
        "qy": 0.0,
        "qz": -0.4187291826,
        "tx_m": -62.2797780098,
        "ty_m": 4.9464145363,
        "tz_m": 1.0136393246,
        "num_interior_pts": 116
    },
    {
        "timestamp_ns": 315968949660282000,
        "track_uuid": "9ec02f57-4f3c-41cf-b54d-976dcb8f5efa",
        "category": "REGULAR_VEHICLE",
        "length_m": 4.03,
        "width_m": 1.7886247635,
        "height_m": 1.996717453,
        "qw": 0.9999777725,
        "qx": 0.0,
        "qy": 0.0,
        "qz": 0.006667427,
        "tx_m": -132.6284172577,
        "ty_m": -6.6487103811,
        "tz_m": 1.1985162289,
        "num_interior_pts": 1
    },
    {
        "timestamp_ns": 315968949759815000,
        "track_uuid": "92bd1c88-5f70-46c7-9f6d-e8a3f54427d9",
        "category": "REGULAR_VEHICLE",
        "length_m": 5.1852002144,
        "width_m": 1.8257997036,
        "height_m": 1.450460434,
        "qw": 0.0005623652,
        "qx": 0.0,
        "qy": 0.0,
        "qz": 0.9999998419,
        "tx_m": 59.1230586462,
        "ty_m": 6.1100918607,
        "tz_m": 0.1501022927,
        "num_interior_pts": 0
    },
    {
        "timestamp_ns": 315968949860011000,
        "track_uuid": "9253ee3e-b857-4ffa-97b6-485d02604ec4",
        "category": "REGULAR_VEHICLE",
        "length_m": 5.1413125992,
        "width_m": 1.9256317616,
        "height_m": 1.5275745392,
        "qw": 0.0190298369,
        "qx": 0.0,
        "qy": 0.0,
        "qz": 0.9998189163,
        "tx_m": 28.4478714629,
        "ty_m": 6.2890920385,
        "tz_m": 0.1823290983,
        "num_interior_pts": 200
    },
    {
        "timestamp_ns": 315968949960208000,
        "track_uuid": "438ffb67-c708-4ec6-a4cb-4fb8fee06fe7",
        "category": "REGULAR_VEHICLE",
        "length_m": 4.559132576,
        "width_m": 1.9845223427,
        "height_m": 1.7704544067,
        "qw": 0.9999925854,
        "qx": 0.0,
        "qy": 0.0,
        "qz": 0.0038508678,
        "tx_m": -37.6050317084,
        "ty_m": -2.9720576111,
        "tz_m": 0.6746323778,
        "num_interior_pts": 73
    },
    {
        "timestamp_ns": 315968950059735000,
        "track_uuid": "06863a92-c359-4618-a8c3-71d83e949bbc",
        "category": "REGULAR_VEHICLE",
        "length_m": 4.7677965164,
        "width_m": 1.9392518997,
        "height_m": 1.4766159058,
        "qw": -0.0213632612,
        "qx": 0.0,
        "qy": 0.0,
        "qz": 0.9997717795,
        "tx_m": 108.9811316229,
        "ty_m": 4.1316321589,
        "tz_m": -0.0687816798,
        "num_interior_pts": 11
    },
    {
        "timestamp_ns": 315968950163109000,
        "track_uuid": "a24e75f4-e586-4138-94fc-9056574f5d53",
        "category": "CONSTRUCTION_CONE",
        "length_m": 0.4727998674,
        "width_m": 0.7373,
        "height_m": 1.1902,
        "qw": -0.0055486803,
        "qx": 0.0,
        "qy": 0.0,
        "qz": 0.999984606,
        "tx_m": 18.2786210668,
        "ty_m": -89.7757209327,
        "tz_m": 0.5188349246,
        "num_interior_pts": 0
    },
    {
        "timestamp_ns": 315968950260127000,
        "track_uuid": "0433eb5e-5ba5-48d0-8fc7-c3dda8031ce6",
        "category": "CONSTRUCTION_CONE",
        "length_m": 0.3126932383,
        "width_m": 0.2096,
        "height_m": 0.8675498962,
        "qw": 0.7013071449,
        "qx": 0.0,
        "qy": 0.0,
        "qz": 0.7128592347,
        "tx_m": -29.3960035474,
        "ty_m": -5.3168545213,
        "tz_m": 0.0748548751,
        "num_interior_pts": 5
    },
    {
        "timestamp_ns": 315968950359660000,
        "track_uuid": "33a5cd5c-b597-4522-bdbb-0404f512ffa5",
        "category": "CONSTRUCTION_BARREL",
        "length_m": 0.5715,
        "width_m": 0.5435,
        "height_m": 1.3812,
        "qw": 0.7542942695,
        "qx": 0.0,
        "qy": 0.0,
        "qz": 0.6565364841,
        "tx_m": -7.2666826233,
        "ty_m": -6.4303162695,
        "tz_m": 0.3757725013,
        "num_interior_pts": 89
    },
    {
        "timestamp_ns": 315968950459857000,
        "track_uuid": "bc8280be-be81-4f61-92d7-4f206f36a186",
        "category": "REGULAR_VEHICLE",
        "length_m": 4.4175858498,
        "width_m": 2.0828304291,
        "height_m": 1.8995285034,
        "qw": -0.7005364482,
        "qx": 0.0,
        "qy": 0.0,
        "qz": 0.713616623,
        "tx_m": 4.0283226581,
        "ty_m": -67.1594640278,
        "tz_m": 0.7131623444,
        "num_interior_pts": 0
    },
    {
        "timestamp_ns": 315968950560053000,
        "track_uuid": "e664dbf1-ffbe-423f-b9fa-255b3d2dd0c8",
        "category": "CONSTRUCTION_CONE",
        "length_m": 0.2326,
        "width_m": 0.233992517,
        "height_m": 0.9034099579,
        "qw": 0.7403348828,
        "qx": 0.0,
        "qy": 0.0,
        "qz": 0.6722382475,
        "tx_m": -16.575130069,
        "ty_m": -5.5228225871,
        "tz_m": 0.0321230539,
        "num_interior_pts": 8
    },
    {
        "timestamp_ns": 315968950659586000,
        "track_uuid": "319768d3-4dfc-44bf-9b2c-207c5f36af15",
        "category": "CONSTRUCTION_CONE",
        "length_m": 0.707,
        "width_m": 0.7373,
        "height_m": 1.1902,
        "qw": -0.0243454119,
        "qx": 0.0,
        "qy": 0.0,
        "qz": 0.9997036065,
        "tx_m": 13.9799843611,
        "ty_m": -88.4322869863,
        "tz_m": 0.9772199363,
        "num_interior_pts": 1
    },
    {
        "timestamp_ns": 315968950759782000,
        "track_uuid": "33a5cd5c-b597-4522-bdbb-0404f512ffa5",
        "category": "CONSTRUCTION_BARREL",
        "length_m": 0.5715,
        "width_m": 0.5435,
        "height_m": 1.3812,
        "qw": 0.754213637,
        "qx": 0.0,
        "qy": 0.0,
        "qz": 0.6566291113,
        "tx_m": -10.6305683035,
        "ty_m": -6.4427837156,
        "tz_m": 0.4024488206,
        "num_interior_pts": 61
    },
    {
        "timestamp_ns": 315968950859978000,
        "track_uuid": "91598dc2-f914-4950-ac0e-7f1cfca28863",
        "category": "REGULAR_VEHICLE",
        "length_m": 5.0947256088,
        "width_m": 2.0138874054,
        "height_m": 1.7786808014,
        "qw": -0.0050378568,
        "qx": 0.0,
        "qy": 0.0,
        "qz": 0.9999873099,
        "tx_m": 211.5936071307,
        "ty_m": 7.9505454217,
        "tz_m": -0.7102069059,
        "num_interior_pts": 0
    },
    {
        "timestamp_ns": 315968950960175000,
        "track_uuid": "d94c81cc-3009-462e-bd69-f1e7040c6515",
        "category": "CONSTRUCTION_CONE",
        "length_m": 0.2678185403,
        "width_m": 0.2589490414,
        "height_m": 0.9274272919,
        "qw": 0.8051232158,
        "qx": 0.0,
        "qy": 0.0,
        "qz": 0.593107585,
        "tx_m": -6.3008045092,
        "ty_m": -5.6759022695,
        "tz_m": 0.1043868823,
        "num_interior_pts": 22
    },
    {
        "timestamp_ns": 315968951059702000,
        "track_uuid": "b1b9ae42-47e9-4ca0-9034-931e5a87281b",
        "category": "CONSTRUCTION_BARREL",
        "length_m": 0.5715,
        "width_m": 0.5435,
        "height_m": 1.3812,
        "qw": 0.7615140889,
        "qx": 0.0,
        "qy": 0.0,
        "qz": 0.6481483567,
        "tx_m": -9.4098570265,
        "ty_m": -5.9768468782,
        "tz_m": 0.3489866304,
        "num_interior_pts": 105
    },
    {
        "timestamp_ns": 315968951159898000,
        "track_uuid": "e7a09d41-0e47-46da-ab89-7f59c508e143",
        "category": "REGULAR_VEHICLE",
        "length_m": 4.1551856995,
        "width_m": 1.8589347601,
        "height_m": 1.7581577301,
        "qw": -0.7005913764,
        "qx": 0.0,
        "qy": 0.0,
        "qz": 0.7135626976,
        "tx_m": -2.2943924082,
        "ty_m": -28.3618663523,
        "tz_m": 0.5121321413,
        "num_interior_pts": 217
    },
    {
        "timestamp_ns": 315968951260094000,
        "track_uuid": "1e4421a4-9025-4923-98a2-58a5e279d049",
        "category": "REGULAR_VEHICLE",
        "length_m": 4.4692420959,
        "width_m": 1.7708286047,
        "height_m": 1.7295970917,
        "qw": 0.9999858721,
        "qx": 0.0,
        "qy": 0.0,
        "qz": 0.0053156045,
        "tx_m": -22.1857910119,
        "ty_m": -0.3718649188,
        "tz_m": 0.6475905373,
        "num_interior_pts": 203
    },
    {
        "timestamp_ns": 315968951360291000,
        "track_uuid": "6f652ef3-c5c0-4ed5-82db-7f8cc92b1764",
        "category": "CONSTRUCTION_CONE",
        "length_m": 0.310945034,
        "width_m": 0.2867123485,
        "height_m": 0.9525775909,
        "qw": 0.6891185126,
        "qx": 0.0,
        "qy": 0.0,
        "qz": 0.7246486566,
        "tx_m": 13.7148598138,
        "ty_m": -5.7997841435,
        "tz_m": 0.0190010003,
        "num_interior_pts": 18
    },
    {
        "timestamp_ns": 315968951459823000,
        "track_uuid": "3a6c8bfe-3f16-4a3c-b25d-cd5376f5ed0a",
        "category": "CONSTRUCTION_BARREL",
        "length_m": 0.5715,
        "width_m": 0.5435,
        "height_m": 1.3812,
        "qw": 0.7683200039,
        "qx": 0.0,
        "qy": 0.0,
        "qz": 0.6400659119,
        "tx_m": -12.3611143854,
        "ty_m": -6.5993814298,
        "tz_m": 0.366096298,
        "num_interior_pts": 100
    },
    {
        "timestamp_ns": 315968951560020000,
        "track_uuid": "9ec02f57-4f3c-41cf-b54d-976dcb8f5efa",
        "category": "REGULAR_VEHICLE",
        "length_m": 4.03,
        "width_m": 1.7886247635,
        "height_m": 1.996717453,
        "qw": 0.9999796178,
        "qx": 0.0,
        "qy": 0.0,
        "qz": 0.0063846665,
        "tx_m": -149.5946325221,
        "ty_m": -6.4996225747,
        "tz_m": 0.8016850847,
        "num_interior_pts": 2
    },
    {
        "timestamp_ns": 315968951660216000,
        "track_uuid": "005d72ec-8d7f-4c14-8ec1-0e414414b122",
        "category": "REGULAR_VEHICLE",
        "length_m": 5.0757265091,
        "width_m": 2.0570077896,
        "height_m": 1.5172328949,
        "qw": -0.0077287545,
        "qx": 0.0,
        "qy": 0.0,
        "qz": 0.9999701327,
        "tx_m": 75.4266151336,
        "ty_m": 6.8379381314,
        "tz_m": 0.6286718661,
        "num_interior_pts": 24
    },
    {
        "timestamp_ns": 315968951759749000,
        "track_uuid": "1442102f-a3fa-4c22-a8ca-d41952a27545",
        "category": "CONSTRUCTION_CONE",
        "length_m": 0.2731404901,
        "width_m": 0.2106640339,
        "height_m": 0.9993267059,
        "qw": 0.7200748817,
        "qx": 0.0,
        "qy": 0.0,
        "qz": 0.6938963646,
        "tx_m": 10.5090087351,
        "ty_m": -5.3578533561,
        "tz_m": 0.0439641738,
        "num_interior_pts": 21
    },
    {
        "timestamp_ns": 315968951859945000,
        "track_uuid": "7f5862bd-b686-40e2-ae1e-6129e0b20a80",
        "category": "WHEELED_DEVICE",
        "length_m": 1.0787,
        "width_m": 0.4791,
        "height_m": 1.2725105286,
        "qw": 0.9532364409,
        "qx": 0.0,
        "qy": 0.0,
        "qz": -0.3022255578,
        "tx_m": 3.2676238611,
        "ty_m": -18.8103061674,
        "tz_m": 0.2251392637,
        "num_interior_pts": 19
    },
    {
        "timestamp_ns": 315968951960142000,
        "track_uuid": "630c4a28-4dd0-41a0-bd4a-d872f341b252",
        "category": "REGULAR_VEHICLE",
        "length_m": 5.0893950462,
        "width_m": 1.8665161133,
        "height_m": 1.6743354797,
        "qw": -0.0229542763,
        "qx": 0.0,
        "qy": 0.0,
        "qz": 0.9997365159,
        "tx_m": -6.7110385086,
        "ty_m": 3.5372146203,
        "tz_m": 0.4626126923,
        "num_interior_pts": 1053
    },
    {
        "timestamp_ns": 315968952059668000,
        "track_uuid": "9e1dd897-6d61-405c-8011-10969fc21a40",
        "category": "CONSTRUCTION_CONE",
        "length_m": 0.2326,
        "width_m": 0.2463902235,
        "height_m": 0.9273681641,
        "qw": 0.9176724758,
        "qx": 0.0,
        "qy": 0.0,
        "qz": 0.3973376739,
        "tx_m": -14.669614142,
        "ty_m": -5.7069811284,
        "tz_m": 0.1233992692,
        "num_interior_pts": 13
    },
    {
        "timestamp_ns": 315968952159864000,
        "track_uuid": "3a6c8bfe-3f16-4a3c-b25d-cd5376f5ed0a",
        "category": "CONSTRUCTION_BARREL",
        "length_m": 0.5715,
        "width_m": 0.5435,
        "height_m": 1.3812,
        "qw": 0.7683568619,
        "qx": 0.0,
        "qy": 0.0,
        "qz": 0.6400216659,
        "tx_m": -18.0025513217,
        "ty_m": -6.6105585189,
        "tz_m": 0.4457333585,
        "num_interior_pts": 57
    },
    {
        "timestamp_ns": 315968952260060000,
        "track_uuid": "9253ee3e-b857-4ffa-97b6-485d02604ec4",
        "category": "REGULAR_VEHICLE",
        "length_m": 5.1413125992,
        "width_m": 1.9256317616,
        "height_m": 1.5275745392,
        "qw": 0.0083057076,
        "qx": 0.0,
        "qy": 0.0,
        "qz": 0.999965507,
        "tx_m": -12.5329708132,
        "ty_m": 6.3888653487,
        "tz_m": 0.2854639875,
        "num_interior_pts": 357
    },
    {
        "timestamp_ns": 315968952360257000,
        "track_uuid": "d94c81cc-3009-462e-bd69-f1e7040c6515",
        "category": "CONSTRUCTION_CONE",
        "length_m": 0.2678185403,
        "width_m": 0.2589490414,
        "height_m": 0.9274272919,
        "qw": 0.8063984453,
        "qx": 0.0,
        "qy": 0.0,
        "qz": 0.5913725961,
        "tx_m": -17.6600038212,
        "ty_m": -5.6402241959,
        "tz_m": 0.1140126864,
        "num_interior_pts": 17
    },
    {
        "timestamp_ns": 315968952459789000,
        "track_uuid": "e6619e54-6b25-4efc-9cae-307c160279e0",
        "category": "CONSTRUCTION_BARREL",
        "length_m": 0.5715,
        "width_m": 0.5435,
        "height_m": 1.3812,
        "qw": 0.756505196,
        "qx": 0.0,
        "qy": 0.0,
        "qz": 0.6539876822,
        "tx_m": -20.8946887037,
        "ty_m": -6.5087695221,
        "tz_m": 0.4476376119,
        "num_interior_pts": 8
    },
    {
        "timestamp_ns": 315968952559986000,
        "track_uuid": "f1304554-cea8-4544-b177-6e99c6d94314",
        "category": "REGULAR_VEHICLE",
        "length_m": 4.03,
        "width_m": 1.74,
        "height_m": 1.41,
        "qw": 0.99957174,
        "qx": 0.0,
        "qy": 0.0,
        "qz": -0.0292632306,
        "tx_m": -145.1820747805,
        "ty_m": -0.9885975115,
        "tz_m": 0.8492864329,
        "num_interior_pts": 0
    },
    {
        "timestamp_ns": 315968952660182000,
        "track_uuid": "438ffb67-c708-4ec6-a4cb-4fb8fee06fe7",
        "category": "REGULAR_VEHICLE",
        "length_m": 4.559132576,
        "width_m": 1.9845223427,
        "height_m": 1.7704544067,
        "qw": 0.9999956785,
        "qx": 0.0,
        "qy": 0.0,
        "qz": 0.0029398954,
        "tx_m": -35.7297837651,
        "ty_m": -2.8062382088,
        "tz_m": 0.6696900092,
        "num_interior_pts": 71
    },
    {
        "timestamp_ns": 315968952759715000,
        "track_uuid": "9c490e06-13a5-4909-b827-a8718c47d2ef",
        "category": "CONSTRUCTION_CONE",
        "length_m": 0.3167644739,
        "width_m": 0.2926846743,
        "height_m": 0.9977607727,
        "qw": 0.7268922671,
        "qx": 0.0,
        "qy": 0.0,
        "qz": 0.6867515067,
        "tx_m": 10.3157424604,
        "ty_m": -5.8678508688,
        "tz_m": 0.1163542039,
        "num_interior_pts": 23
    },
    {
        "timestamp_ns": 315968952859911000,
        "track_uuid": "87867570-9e5b-49e3-9050-e132c386d0fd",
        "category": "CONSTRUCTION_BARREL",
        "length_m": 0.5715,
        "width_m": 0.5435,
        "height_m": 1.3202915192,
        "qw": 0.7694906721,
        "qx": 0.0,
        "qy": 0.0,
        "qz": 0.6386580506,
        "tx_m": -23.6413348861,
        "ty_m": -6.1288838382,
        "tz_m": 0.4209064243,
        "num_interior_pts": 27
    },
    {
        "timestamp_ns": 315968952960108000,
        "track_uuid": "e7a09d41-0e47-46da-ab89-7f59c508e143",
        "category": "REGULAR_VEHICLE",
        "length_m": 4.1551856995,
        "width_m": 1.8589347601,
        "height_m": 1.7581577301,
        "qw": -0.6990844104,
        "qx": 0.0,
        "qy": 0.0,
        "qz": 0.7150391508,
        "tx_m": -17.1932124528,
        "ty_m": -28.7363251895,
        "tz_m": 0.7783592234,
        "num_interior_pts": 8
    },
    {
        "timestamp_ns": 315968953059635000,
        "track_uuid": "50486d4c-35b2-404c-81d5-f22db98d2f13",
        "category": "REGULAR_VEHICLE",
        "length_m": 4.03,
        "width_m": 1.74,
        "height_m": 1.5242671967,
        "qw": 0.6942609662,
        "qx": 0.0,
        "qy": 0.0,
        "qz": 0.7197233572,
        "tx_m": 5.829929749,
        "ty_m": 102.3040428435,
        "tz_m": -0.2866915463,
        "num_interior_pts": 6
    },
    {
        "timestamp_ns": 315968953159831000,
        "track_uuid": "d8d75c72-fb6d-422a-8184-7b88c65cf771",
        "category": "CONSTRUCTION_CONE",
        "length_m": 0.2326,
        "width_m": 0.2287683785,
        "height_m": 0.9648838043,
        "qw": 0.6861376953,
        "qx": 0.0,
        "qy": 0.0,
        "qz": 0.7274716923,
        "tx_m": -29.5840092016,
        "ty_m": -5.5518064476,
        "tz_m": 0.1780383005,
        "num_interior_pts": 1
    },
    {
        "timestamp_ns": 315968953260027000,
        "track_uuid": "fc1ab7b5-3dd8-4fa1-a1d1-28c2a2a1cea7",
        "category": "CONSTRUCTION_BARREL",
        "length_m": 0.7217390537,
        "width_m": 0.5435,
        "height_m": 1.0544128418,
        "qw": 0.709914714,
        "qx": 0.0,
        "qy": 0.0,
        "qz": 0.7042876534,
        "tx_m": -55.5827093624,
        "ty_m": -7.3868308331,
        "tz_m": 0.442432456,
        "num_interior_pts": 3
    },
    {
        "timestamp_ns": 315968953360224000,
        "track_uuid": "59214f21-fdd2-430e-bfcb-79424be36a99",
        "category": "SIGN",
        "length_m": 0.8693774939,
        "width_m": 1.9068220854,
        "height_m": 1.9429645538,
        "qw": 0.7052190171,
        "qx": 0.0,
        "qy": 0.0,
        "qz": 0.7089895189,
        "tx_m": -20.166117862,
        "ty_m": -42.019673229,
        "tz_m": 0.8631447894,
        "num_interior_pts": 0
    },
    {
        "timestamp_ns": 315968953459756000,
        "track_uuid": "630c4a28-4dd0-41a0-bd4a-d872f341b252",
        "category": "REGULAR_VEHICLE",
        "length_m": 5.0893950462,
        "width_m": 1.8665161133,
        "height_m": 1.6743354797,
        "qw": -0.0118538528,
        "qx": 0.0,
        "qy": 0.0,
        "qz": 0.9999297406,
        "tx_m": -35.672458776,
        "ty_m": 3.5415703312,
        "tz_m": 0.6518417106,
        "num_interior_pts": 69
    },
    {
        "timestamp_ns": 315968953559953000,
        "track_uuid": "bb8506d7-ce16-474f-96c4-4301946ea99f",
        "category": "PEDESTRIAN",
        "length_m": 0.8367592096,
        "width_m": 0.9317239523,
        "height_m": 1.5820865631,
        "qw": 0.7584610254,
        "qx": 0.0,
        "qy": 0.0,
        "qz": 0.6517184001,
        "tx_m": -9.0023179498,
        "ty_m": 78.9925385862,
        "tz_m": 0.255590528,
        "num_interior_pts": 8
    },
    {
        "timestamp_ns": 315968953660149000,
        "track_uuid": "40f06557-e33c-4a44-92c1-c928df0c7895",
        "category": "CONSTRUCTION_CONE",
        "length_m": 0.2506196201,
        "width_m": 0.2172463387,
        "height_m": 0.9455623627,
        "qw": 0.7568323298,
        "qx": 0.0,
        "qy": 0.0,
        "qz": 0.6536090763,
        "tx_m": 2.7557004263,
        "ty_m": -6.4278713394,
        "tz_m": 0.1464449108,
        "num_interior_pts": 27
    },
    {
        "timestamp_ns": 315968953759682000,
        "track_uuid": "3a6c8bfe-3f16-4a3c-b25d-cd5376f5ed0a",
        "category": "CONSTRUCTION_BARREL",
        "length_m": 0.5715,
        "width_m": 0.5435,
        "height_m": 1.3812,
        "qw": 0.7683433895,
        "qx": 0.0,
        "qy": 0.0,
        "qz": 0.6400378394,
        "tx_m": -31.608422495,
        "ty_m": -6.7322506082,
        "tz_m": 0.24490925,
        "num_interior_pts": 13
    },
    {
        "timestamp_ns": 315968953859878000,
        "track_uuid": "bc8280be-be81-4f61-92d7-4f206f36a186",
        "category": "REGULAR_VEHICLE",
        "length_m": 4.4175858498,
        "width_m": 2.0828304291,
        "height_m": 1.8995285034,
        "qw": -0.6993649991,
        "qx": 0.0,
        "qy": 0.0,
        "qz": 0.7147647151,
        "tx_m": -24.7974287938,
        "ty_m": -68.1054573472,
        "tz_m": 0.5043952444,
        "num_interior_pts": 2
    },
    {
        "timestamp_ns": 315968953960075000,
        "track_uuid": "52926149-a874-4c12-98e1-75c924f167d7",
        "category": "REGULAR_VEHICLE",
        "length_m": 4.03,
        "width_m": 1.74,
        "height_m": 1.41,
        "qw": 0.999995564,
        "qx": 0.0,
        "qy": 0.0,
        "qz": 0.0029785774,
        "tx_m": -16.2774998641,
        "ty_m": 84.4500445169,
        "tz_m": 0.3045095402,
        "num_interior_pts": 7
    },
    {
        "timestamp_ns": 315968954060264000,
        "track_uuid": "005d72ec-8d7f-4c14-8ec1-0e414414b122",
        "category": "REGULAR_VEHICLE",
        "length_m": 5.0757265091,
        "width_m": 2.0570077896,
        "height_m": 1.5172328949,
        "qw": -0.0075048587,
        "qx": 0.0,
        "qy": 0.0,
        "qz": 0.9999718382,
        "tx_m": 29.7429677086,
        "ty_m": 6.6949363593,
        "tz_m": 0.2980872269,
        "num_interior_pts": 228
    },
    {
        "timestamp_ns": 315968954159797000,
        "track_uuid": "9c490e06-13a5-4909-b827-a8718c47d2ef",
        "category": "CONSTRUCTION_CONE",
        "length_m": 0.3167644739,
        "width_m": 0.2926846743,
        "height_m": 0.9977607727,
        "qw": 0.7268192065,
        "qx": 0.0,
        "qy": 0.0,
        "qz": 0.6868288295,
        "tx_m": -2.1094836422,
        "ty_m": -5.8933298094,
        "tz_m": 0.1487791962,
        "num_interior_pts": 19
    },
    {
        "timestamp_ns": 315968954259993000,
        "track_uuid": "1953d6fd-1b23-4fd2-870c-d4e7dab5d45c",
        "category": "CONSTRUCTION_CONE",
        "length_m": 0.2906276584,
        "width_m": 0.2547984719,
        "height_m": 0.9621276855,
        "qw": 0.692561487,
        "qx": 0.0,
        "qy": 0.0,
        "qz": 0.7213588474,
        "tx_m": -38.5389308275,
        "ty_m": -5.4851643429,
        "tz_m": 0.1547497683,
        "num_interior_pts": 3
    },
    {
        "timestamp_ns": 315968954360190000,
        "track_uuid": "6f601fe2-2b1b-4656-8590-de6f50e07320",
        "category": "CONSTRUCTION_BARREL",
        "length_m": 0.6668807268,
        "width_m": 0.5435,
        "height_m": 1.1321773529,
        "qw": 0.7270391208,
        "qx": 0.0,
        "qy": 0.0,
        "qz": 0.6865960361,
        "tx_m": -5.8042606964,
        "ty_m": -6.1668526252,
        "tz_m": 0.2613139274,
        "num_interior_pts": 94
    },
    {
        "timestamp_ns": 315968954460386000,
        "track_uuid": "9fd31417-bde6-4611-9f2e-e284a320914f",
        "category": "STOP_SIGN",
        "length_m": 0.1697455049,
        "width_m": 0.7750958204,
        "height_m": 3.1776332855,
        "qw": 0.737215268,
        "qx": 0.0,
        "qy": 0.0,
        "qz": 0.6756579376,
        "tx_m": -16.4803171733,
        "ty_m": 13.5847068193,
        "tz_m": 0.9842289188,
        "num_interior_pts": 44
    },
    {
        "timestamp_ns": 315968954559919000,
        "track_uuid": "e83eb243-bbdc-49a1-a3f2-c3f2999d1fa9",
        "category": "REGULAR_VEHICLE",
        "length_m": 5.51450634,
        "width_m": 1.9781594276,
        "height_m": 1.7085552216,
        "qw": -0.0044408647,
        "qx": 0.0,
        "qy": 0.0,
        "qz": 0.9999901393,
        "tx_m": 116.4666842706,
        "ty_m": 7.2960623268,
        "tz_m": 0.1011814362,
        "num_interior_pts": 12
    },
    {
        "timestamp_ns": 315968954660115000,
        "track_uuid": "c836800b-2220-459c-8227-cca2d9b1a48b",
        "category": "REGULAR_VEHICLE",
        "length_m": 4.1049451828,
        "width_m": 2.0259895325,
        "height_m": 1.7659435272,
        "qw": 0.999830081,
        "qx": 0.0,
        "qy": 0.0,
        "qz": 0.0184339125,
        "tx_m": 79.2640213769,
        "ty_m": 0.1113697139,
        "tz_m": 0.4641460105,
        "num_interior_pts": 25
    },
    {
        "timestamp_ns": 315968954760311000,
        "track_uuid": "9ec02f57-4f3c-41cf-b54d-976dcb8f5efa",
        "category": "REGULAR_VEHICLE",
        "length_m": 4.03,
        "width_m": 1.7886247635,
        "height_m": 1.996717453,
        "qw": 0.9999772355,
        "qx": 0.0,
        "qy": 0.0,
        "qz": 0.0067474769,
        "tx_m": -177.8032969745,
        "ty_m": -6.5689301069,
        "tz_m": 1.3164331522,
        "num_interior_pts": 1
    },
    {
        "timestamp_ns": 315968954859844000,
        "track_uuid": "91598dc2-f914-4950-ac0e-7f1cfca28863",
        "category": "REGULAR_VEHICLE",
        "length_m": 5.0947256088,
        "width_m": 2.0138874054,
        "height_m": 1.7786808014,
        "qw": -0.0036518534,
        "qx": 0.0,
        "qy": 0.0,
        "qz": 0.999993332,
        "tx_m": 142.5035032968,
        "ty_m": 7.1859832228,
        "tz_m": -0.0378682328,
        "num_interior_pts": 0
    },
    {
        "timestamp_ns": 315968954960041000,
        "track_uuid": "438ffb67-c708-4ec6-a4cb-4fb8fee06fe7",
        "category": "REGULAR_VEHICLE",
        "length_m": 4.559132576,
        "width_m": 1.9845223427,
        "height_m": 1.7704544067,
        "qw": 0.9999941002,
        "qx": 0.0,
        "qy": 0.0,
        "qz": 0.0034350638,
        "tx_m": -34.7923541157,
        "ty_m": -2.5431940945,
        "tz_m": 0.6458124109,
        "num_interior_pts": 78
    },
    {
        "timestamp_ns": 315968955060231000,
        "track_uuid": "17e09108-f62c-41fd-94c3-e960d7e51bcd",
        "category": "REGULAR_VEHICLE",
        "length_m": 6.2947893143,
        "width_m": 2.0106406212,
        "height_m": 1.663772583,
        "qw": 0.0068130045,
        "qx": 0.0,
        "qy": 0.0,
        "qz": 0.9999767912,
        "tx_m": 162.8628472369,
        "ty_m": 4.4054801456,
        "tz_m": -0.1777474194,
        "num_interior_pts": 3
    },
    {
        "timestamp_ns": 315968955159764000,
        "track_uuid": "06863a92-c359-4618-a8c3-71d83e949bbc",
        "category": "REGULAR_VEHICLE",
        "length_m": 4.7677965164,
        "width_m": 1.9392518997,
        "height_m": 1.4766159058,
        "qw": -0.0097964985,
        "qx": 0.0,
        "qy": 0.0,
        "qz": 0.9999520132,
        "tx_m": 11.5411626217,
        "ty_m": 3.575091829,
        "tz_m": 0.3618801675,
        "num_interior_pts": 734
    },
    {
        "timestamp_ns": 315968955259960000,
        "track_uuid": "deba4efb-b0cb-4fba-b029-aa34ece88d3f",
        "category": "CONSTRUCTION_CONE",
        "length_m": 0.2503264248,
        "width_m": 0.2096,
        "height_m": 0.9789943695,
        "qw": 0.6861345664,
        "qx": 0.0,
        "qy": 0.0,
        "qz": 0.7274746434,
        "tx_m": -54.7108821034,
        "ty_m": -5.536558727,
        "tz_m": 0.2766372175,
        "num_interior_pts": 0
    },
    {
        "timestamp_ns": 315968955360156000,
        "track_uuid": "ab03f3f3-e56b-4913-b3a8-e33075412d07",
        "category": "CONSTRUCTION_CONE",
        "length_m": 0.707,
        "width_m": 0.304418236,
        "height_m": 0.9765930176,
        "qw": 0.7209044149,
        "qx": 0.0,
        "qy": 0.0,
        "qz": 0.6930345046,
        "tx_m": 205.4390906973,
        "ty_m": -4.1582252761,
        "tz_m": -1.0877469971,
        "num_interior_pts": 0
    },
    {
        "timestamp_ns": 315968955460353000,
        "track_uuid": "89fc9eb0-ae2b-4bfb-978c-8e27fbf0aad3",
        "category": "CONSTRUCTION_CONE",
        "length_m": 0.2897568047,
        "width_m": 0.3308005333,
        "height_m": 0.980846405,
        "qw": 0.6988899068,
        "qx": 0.0,
        "qy": 0.0,
        "qz": 0.7152292626,
        "tx_m": -20.678825266,
        "ty_m": -5.5236903436,
        "tz_m": 0.145041595,
        "num_interior_pts": 11
    },
    {
        "timestamp_ns": 315968955559886000,
        "track_uuid": "40f06557-e33c-4a44-92c1-c928df0c7895",
        "category": "CONSTRUCTION_CONE",
        "length_m": 0.2506196201,
        "width_m": 0.2172463387,
        "height_m": 0.9455623627,
        "qw": 0.7565873921,
        "qx": 0.0,
        "qy": 0.0,
        "qz": 0.6538925891,
        "tx_m": -16.4403058696,
        "ty_m": -6.4729647132,
        "tz_m": 0.2534923667,
        "num_interior_pts": 13
    },
    {
        "timestamp_ns": 315968955660082000,
        "track_uuid": "1442102f-a3fa-4c22-a8ca-d41952a27545",
        "category": "CONSTRUCTION_CONE",
        "length_m": 0.2731404901,
        "width_m": 0.2106640339,
        "height_m": 0.9993267059,
        "qw": 0.7201969672,
        "qx": 0.0,
        "qy": 0.0,
        "qz": 0.6937696508,
        "tx_m": -25.6652378799,
        "ty_m": -5.4672012126,
        "tz_m": 0.2186232302,
        "num_interior_pts": 8
    },
    {
        "timestamp_ns": 315968955760278000,
        "track_uuid": "e6619e54-6b25-4efc-9cae-307c160279e0",
        "category": "CONSTRUCTION_BARREL",
        "length_m": 0.5715,
        "width_m": 0.5435,
        "height_m": 1.3812,
        "qw": 0.756281513,
        "qx": 0.0,
        "qy": 0.0,
        "qz": 0.6542463397,
        "tx_m": -52.6739021318,
        "ty_m": -6.6939018728,
        "tz_m": 0.6253977121,
        "num_interior_pts": 0
    },
    {
        "timestamp_ns": 315968955859811000,
        "track_uuid": "6f601fe2-2b1b-4656-8590-de6f50e07320",
        "category": "CONSTRUCTION_BARREL",
        "length_m": 0.6668807268,
        "width_m": 0.5435,
        "height_m": 1.1321773529,
        "qw": 0.7267770158,
        "qx": 0.0,
        "qy": 0.0,
        "qz": 0.686873474,
        "tx_m": -21.5794831122,
        "ty_m": -6.2391512144,
        "tz_m": 0.2510607463,
        "num_interior_pts": 33
    },
    {
        "timestamp_ns": 315968955960008000,
        "track_uuid": "3a6c8bfe-3f16-4a3c-b25d-cd5376f5ed0a",
        "category": "CONSTRUCTION_BARREL",
        "length_m": 0.5715,
        "width_m": 0.5435,
        "height_m": 1.3812,
        "qw": 0.7680852524,
        "qx": 0.0,
        "qy": 0.0,
        "qz": 0.6403475971,
        "tx_m": -54.1948890242,
        "ty_m": -6.8759092534,
        "tz_m": 0.3930884263,
        "num_interior_pts": 8
    },
    {
        "timestamp_ns": 315968956060197000,
        "track_uuid": "14f054ee-6a8e-416b-869a-be1f784e478b",
        "category": "CONSTRUCTION_BARREL",
        "length_m": 0.5715,
        "width_m": 0.5435,
        "height_m": 1.0754356384,
        "qw": 0.9994406623,
        "qx": 0.0,
        "qy": 0.0,
        "qz": -0.0334419289,
        "tx_m": -36.0725390334,
        "ty_m": -6.2075462597,
        "tz_m": 0.187392686,
        "num_interior_pts": 10
    },
    {
        "timestamp_ns": 315968956159730000,
        "track_uuid": "c01bb965-272e-47c5-b3e5-43bcb2af184d",
        "category": "WHEELED_DEVICE",
        "length_m": 1.0787,
        "width_m": 0.4791,
        "height_m": 1.2156,
        "qw": 0.7316155109,
        "qx": 0.0,
        "qy": 0.0,
        "qz": -0.6817174959,
        "tx_m": -16.7690379714,
        "ty_m": 9.950998952,
        "tz_m": 0.1240512901,
        "num_interior_pts": 8
    },
    {
        "timestamp_ns": 315968956259926000,
        "track_uuid": "9fd31417-bde6-4611-9f2e-e284a320914f",
        "category": "STOP_SIGN",
        "length_m": 0.1697455049,
        "width_m": 0.7750958204,
        "height_m": 3.1776332855,
        "qw": 0.7372334054,
        "qx": 0.0,
        "qy": 0.0,
        "qz": 0.6756381472,
        "tx_m": -35.6735806342,
        "ty_m": 13.5871327776,
        "tz_m": 0.9154112815,
        "num_interior_pts": 7
    },
    {
        "timestamp_ns": 315968956360122000,
        "track_uuid": "6464ec27-6649-425d-9ee0-c59211391b69",
        "category": "STOP_SIGN",
        "length_m": 0.5014973879,
        "width_m": 0.7801840305,
        "height_m": 3.2239227295,
        "qw": 0.7859894279,
        "qx": 0.0,
        "qy": 0.0,
        "qz": 0.6182399366,
        "tx_m": 43.0066362574,
        "ty_m": 16.744585921,
        "tz_m": 1.2156539062,
        "num_interior_pts": 17
    },
    {
        "timestamp_ns": 315968956459655000,
        "track_uuid": "e83eb243-bbdc-49a1-a3f2-c3f2999d1fa9",
        "category": "REGULAR_VEHICLE",
        "length_m": 5.51450634,
        "width_m": 1.9781594276,
        "height_m": 1.7085552216,
        "qw": -0.0039741968,
        "qx": 0.0,
        "qy": 0.0,
        "qz": 0.9999921028,
        "tx_m": 76.423065367,
        "ty_m": 7.0328402464,
        "tz_m": 0.6976739242,
        "num_interior_pts": 29
    },
    {
        "timestamp_ns": 315968956559852000,
        "track_uuid": "dd47d50a-5b1a-43b3-bc27-b13daa546a67",
        "category": "REGULAR_VEHICLE",
        "length_m": 4.1059169769,
        "width_m": 1.754806757,
        "height_m": 1.6080436707,
        "qw": -0.0247580823,
        "qx": 0.0,
        "qy": 0.0,
        "qz": 0.9996934717,
        "tx_m": 91.6695510345,
        "ty_m": 3.9392146559,
        "tz_m": 0.3177893823,
        "num_interior_pts": 0
    },
    {
        "timestamp_ns": 315968956660048000,
        "track_uuid": "cf2dfd94-1a68-412f-8e66-076d7f99d854",
        "category": "REGULAR_VEHICLE",
        "length_m": 5.6308774948,
        "width_m": 2.4253008366,
        "height_m": 2.5157,
        "qw": 0.9999630672,
        "qx": 0.0,
        "qy": 0.0,
        "qz": -0.0085944307,
        "tx_m": -82.6678747858,
        "ty_m": -0.2001136477,
        "tz_m": 1.5391094278,
        "num_interior_pts": 21
    },
    {
        "timestamp_ns": 315968956760244000,
        "track_uuid": "c836800b-2220-459c-8227-cca2d9b1a48b",
        "category": "REGULAR_VEHICLE",
        "length_m": 4.1049451828,
        "width_m": 2.0259895325,
        "height_m": 1.7659435272,
        "qw": 0.9998467133,
        "qx": 0.0,
        "qy": 0.0,
        "qz": 0.0175085676,
        "tx_m": 83.8106945954,
        "ty_m": 0.1399320156,
        "tz_m": -0.1300986015,
        "num_interior_pts": 33
    },
    {
        "timestamp_ns": 315968956859777000,
        "track_uuid": "cf2dfd94-1a68-412f-8e66-076d7f99d854",
        "category": "REGULAR_VEHICLE",
        "length_m": 5.6308774948,
        "width_m": 2.4253008366,
        "height_m": 2.5157,
        "qw": 0.9999628911,
        "qx": 0.0,
        "qy": 0.0,
        "qz": -0.0086148938,
        "tx_m": -82.607216715,
        "ty_m": -0.2175527525,
        "tz_m": 1.3379777544,
        "num_interior_pts": 20
    },
    {
        "timestamp_ns": 315968956959973000,
        "track_uuid": "dd47d50a-5b1a-43b3-bc27-b13daa546a67",
        "category": "REGULAR_VEHICLE",
        "length_m": 4.1059169769,
        "width_m": 1.754806757,
        "height_m": 1.6080436707,
        "qw": -0.0247945903,
        "qx": 0.0,
        "qy": 0.0,
        "qz": 0.9996925669,
        "tx_m": 83.6217929091,
        "ty_m": 3.8358987605,
        "tz_m": 0.2123572437,
        "num_interior_pts": 0
    },
    {
        "timestamp_ns": 315968957060164000,
        "track_uuid": "6464ec27-6649-425d-9ee0-c59211391b69",
        "category": "STOP_SIGN",
        "length_m": 0.5014973879,
        "width_m": 0.7801840305,
        "height_m": 3.2239227295,
        "qw": 0.7869165122,
        "qx": 0.0,
        "qy": 0.0,
        "qz": 0.6170594808,
        "tx_m": 35.1375258188,
        "ty_m": 16.6572864342,
        "tz_m": 1.0391936612,
        "num_interior_pts": 27
    },
    {
        "timestamp_ns": 315968957159697000,
        "track_uuid": "b5edca23-fc00-4223-a1e8-f0572f70fca1",
        "category": "BOX_TRUCK",
        "length_m": 6.409860611,
        "width_m": 3.6038823128,
        "height_m": 3.8065795898,
        "qw": 0.9995695936,
        "qx": 0.0,
        "qy": 0.0,
        "qz": 0.0293364545,
        "tx_m": 126.5284841343,
        "ty_m": -7.9501606091,
        "tz_m": 0.5510760505,
        "num_interior_pts": 42
    },
    {
        "timestamp_ns": 315968957259893000,
        "track_uuid": "6f601fe2-2b1b-4656-8590-de6f50e07320",
        "category": "CONSTRUCTION_BARREL",
        "length_m": 0.6668807268,
        "width_m": 0.5435,
        "height_m": 1.1321773529,
        "qw": 0.7281491927,
        "qx": 0.0,
        "qy": 0.0,
        "qz": 0.68541867,
        "tx_m": -37.3978398633,
        "ty_m": -6.1874799759,
        "tz_m": 0.4204481057,
        "num_interior_pts": 11
    },
    {
        "timestamp_ns": 315968957360089000,
        "track_uuid": "e6619e54-6b25-4efc-9cae-307c160279e0",
        "category": "CONSTRUCTION_BARREL",
        "length_m": 0.5715,
        "width_m": 0.5435,
        "height_m": 1.3812,
        "qw": 0.7570993623,
        "qx": 0.0,
        "qy": 0.0,
        "qz": 0.653299744,
        "tx_m": -70.7470457492,
        "ty_m": -6.5343569197,
        "tz_m": 0.6059819381,
        "num_interior_pts": 0
    },
    {
        "timestamp_ns": 315968957460286000,
        "track_uuid": "255d61e3-5920-4c8b-aecd-63f0cee1cf48",
        "category": "CONSTRUCTION_CONE",
        "length_m": 0.2867625952,
        "width_m": 0.2450826615,
        "height_m": 0.9075717926,
        "qw": 0.7059919377,
        "qx": 0.0,
        "qy": 0.0,
        "qz": 0.7082198698,
        "tx_m": -44.016015789,
        "ty_m": -7.0911085597,
        "tz_m": 0.2095283847,
        "num_interior_pts": 1
    },
    {
        "timestamp_ns": 315968957559819000,
        "track_uuid": "deba4efb-b0cb-4fba-b029-aa34ece88d3f",
        "category": "CONSTRUCTION_CONE",
        "length_m": 0.2503264248,
        "width_m": 0.2096,
        "height_m": 0.9789943695,
        "qw": 0.6882258364,
        "qx": 0.0,
        "qy": 0.0,
        "qz": 0.7254965183,
        "tx_m": -80.6963996167,
        "ty_m": -5.3295568048,
        "tz_m": 0.110419525,
        "num_interior_pts": 0
    },
    {
        "timestamp_ns": 315968957660015000,
        "track_uuid": "1e4421a4-9025-4923-98a2-58a5e279d049",
        "category": "REGULAR_VEHICLE",
        "length_m": 4.4692420959,
        "width_m": 1.7708286047,
        "height_m": 1.7295970917,
        "qw": 0.99999725,
        "qx": 0.0,
        "qy": 0.0,
        "qz": 0.0023452041,
        "tx_m": -18.643867858,
        "ty_m": -0.0679318717,
        "tz_m": 0.5640380103,
        "num_interior_pts": 296
    },
    {
        "timestamp_ns": 315968957760211000,
        "track_uuid": "92bd1c88-5f70-46c7-9f6d-e8a3f54427d9",
        "category": "REGULAR_VEHICLE",
        "length_m": 5.1852002144,
        "width_m": 1.8257997036,
        "height_m": 1.450460434,
        "qw": 0.0017787256,
        "qx": 0.0,
        "qy": 0.0,
        "qz": 0.9999984181,
        "tx_m": -103.7305975999,
        "ty_m": 5.4067480355,
        "tz_m": 0.253788524,
        "num_interior_pts": 1
    },
    {
        "timestamp_ns": 315968957859744000,
        "track_uuid": "e83eb243-bbdc-49a1-a3f2-c3f2999d1fa9",
        "category": "REGULAR_VEHICLE",
        "length_m": 5.51450634,
        "width_m": 1.9781594276,
        "height_m": 1.7085552216,
        "qw": -0.0036244251,
        "qx": 0.0,
        "qy": 0.0,
        "qz": 0.9999934317,
        "tx_m": 42.2437765859,
        "ty_m": 6.8865471752,
        "tz_m": 0.3502109663,
        "num_interior_pts": 142
    },
    {
        "timestamp_ns": 315968957959940000,
        "track_uuid": "14f054ee-6a8e-416b-869a-be1f784e478b",
        "category": "CONSTRUCTION_BARREL",
        "length_m": 0.5715,
        "width_m": 0.5435,
        "height_m": 1.0754356384,
        "qw": 0.9994478126,
        "qx": 0.0,
        "qy": 0.0,
        "qz": -0.0332275483,
        "tx_m": -58.67428819,
        "ty_m": -6.3762965012,
        "tz_m": 0.259005745,
        "num_interior_pts": 6
    },
    {
        "timestamp_ns": 315968958060131000,
        "track_uuid": "0433eb5e-5ba5-48d0-8fc7-c3dda8031ce6",
        "category": "CONSTRUCTION_CONE",
        "length_m": 0.3126932383,
        "width_m": 0.2096,
        "height_m": 0.8675498962,
        "qw": 0.7052299091,
        "qx": 0.0,
        "qy": 0.0,
        "qz": 0.7089786847,
        "tx_m": -106.2427700102,
        "ty_m": -5.5187546867,
        "tz_m": -0.0375301835,
        "num_interior_pts": 0
    },
    {
        "timestamp_ns": 315968958160327000,
        "track_uuid": "deba4efb-b0cb-4fba-b029-aa34ece88d3f",
        "category": "CONSTRUCTION_CONE",
        "length_m": 0.2503264248,
        "width_m": 0.2096,
        "height_m": 0.9789943695,
        "qw": 0.6888918871,
        "qx": 0.0,
        "qy": 0.0,
        "qz": 0.724864103,
        "tx_m": -88.5440250462,
        "ty_m": -5.6588623328,
        "tz_m": -0.2241609542,
        "num_interior_pts": 0
    },
    {
        "timestamp_ns": 315968958259860000,
        "track_uuid": "438ffb67-c708-4ec6-a4cb-4fb8fee06fe7",
        "category": "REGULAR_VEHICLE",
        "length_m": 4.559132576,
        "width_m": 1.9845223427,
        "height_m": 1.7704544067,
        "qw": 0.9999979659,
        "qx": 0.0,
        "qy": 0.0,
        "qz": 0.0020169752,
        "tx_m": -33.6104576143,
        "ty_m": -2.2805818111,
        "tz_m": 0.3478091389,
        "num_interior_pts": 68
    },
    {
        "timestamp_ns": 315968958360056000,
        "track_uuid": "92bd1c88-5f70-46c7-9f6d-e8a3f54427d9",
        "category": "REGULAR_VEHICLE",
        "length_m": 5.1852002144,
        "width_m": 1.8257997036,
        "height_m": 1.450460434,
        "qw": 0.0031005775,
        "qx": 0.0,
        "qy": 0.0,
        "qz": 0.9999951932,
        "tx_m": -119.9734714713,
        "ty_m": 5.7006509867,
        "tz_m": -0.5404485134,
        "num_interior_pts": 0
    },
    {
        "timestamp_ns": 315968958460253000,
        "track_uuid": "a8130516-202b-49c3-af3b-db5d6ce2991d",
        "category": "STOP_SIGN",
        "length_m": 0.3986700773,
        "width_m": 0.9679033756,
        "height_m": 2.972196579,
        "qw": 0.7203628738,
        "qx": 0.0,
        "qy": 0.0,
        "qz": -0.6935973833,
        "tx_m": 37.1821576709,
        "ty_m": -9.5795685945,
        "tz_m": 1.2804364062,
        "num_interior_pts": 24
    },
    {
        "timestamp_ns": 315968958559785000,
        "track_uuid": "b1b9ae42-47e9-4ca0-9034-931e5a87281b",
        "category": "CONSTRUCTION_BARREL",
        "length_m": 0.5715,
        "width_m": 0.5435,
        "height_m": 1.3812,
        "qw": 0.7654789388,
        "qx": 0.0,
        "qy": 0.0,
        "qz": 0.64346095,
        "tx_m": -86.0090494584,
        "ty_m": -5.4579305654,
        "tz_m": 0.193091043,
        "num_interior_pts": 0
    },
    {
        "timestamp_ns": 315968958659982000,
        "track_uuid": "da574402-c418-4f97-9e5d-f336921bc531",
        "category": "CONSTRUCTION_CONE",
        "length_m": 0.3951955438,
        "width_m": 0.2096,
        "height_m": 0.853061676,
        "qw": 0.7251533218,
        "qx": 0.0,
        "qy": 0.0,
        "qz": 0.688587438,
        "tx_m": -103.0870914567,
        "ty_m": -4.3083399138,
        "tz_m": -0.3101545941,
        "num_interior_pts": 0
    },
    {
        "timestamp_ns": 315968958760178000,
        "track_uuid": "3692678c-56b5-4f61-89b3-377ba7b96072",
        "category": "REGULAR_VEHICLE",
        "length_m": 4.5435838699,
        "width_m": 1.74,
        "height_m": 1.6814174652,
        "qw": 0.7264828848,
        "qx": 0.0,
        "qy": 0.0,
        "qz": 0.687184559,
        "tx_m": 131.0544927973,
        "ty_m": -7.9712270389,
        "tz_m": 0.6948007821,
        "num_interior_pts": 0
    },
    {
        "timestamp_ns": 315968958860375000,
        "track_uuid": "92bd1c88-5f70-46c7-9f6d-e8a3f54427d9",
        "category": "REGULAR_VEHICLE",
        "length_m": 5.1852002144,
        "width_m": 1.8257997036,
        "height_m": 1.450460434,
        "qw": 0.0042337027,
        "qx": 0.0,
        "qy": 0.0,
        "qz": 0.9999910378,
        "tx_m": -133.2384851229,
        "ty_m": 6.604373982,
        "tz_m": -0.3953796588,
        "num_interior_pts": 0
    },
    {
        "timestamp_ns": 315968958959907000,
        "track_uuid": "59163c06-e1bd-453b-8161-b75e0d9e1175",
        "category": "SIGN",
        "length_m": 0.6138499975,
        "width_m": 1.6075675488,
        "height_m": 2.1662139893,
        "qw": 0.9994598769,
        "qx": 0.0,
        "qy": 0.0,
        "qz": -0.0328626617,
        "tx_m": -102.1630563102,
        "ty_m": 10.789500361,
        "tz_m": 0.2247064363,
        "num_interior_pts": 15
    },
    {
        "timestamp_ns": 315968959060098000,
        "track_uuid": "6f601fe2-2b1b-4656-8590-de6f50e07320",
        "category": "CONSTRUCTION_BARREL",
        "length_m": 0.6668807268,
        "width_m": 0.5435,
        "height_m": 1.1321773529,
        "qw": 0.7315185275,
        "qx": 0.0,
        "qy": 0.0,
        "qz": 0.6818215631,
        "tx_m": -59.849817491,
        "ty_m": -5.7138970075,
        "tz_m": 0.0264186459,
        "num_interior_pts": 3
    },
    {
        "timestamp_ns": 315968959160294000,
        "track_uuid": "1442102f-a3fa-4c22-a8ca-d41952a27545",
        "category": "CONSTRUCTION_CONE",
        "length_m": 0.2731404901,
        "width_m": 0.2106640339,
        "height_m": 0.9993267059,
        "qw": 0.7203779766,
        "qx": 0.0,
        "qy": 0.0,
        "qz": 0.6935816973,
        "tx_m": -67.1462783829,
        "ty_m": -4.7430128764,
        "tz_m": -0.2323733056,
        "num_interior_pts": 0
    },
    {
        "timestamp_ns": 315968959259827000,
        "track_uuid": "c3f3b9fa-3aef-4d89-8806-a0ec2a019e97",
        "category": "CONSTRUCTION_CONE",
        "length_m": 0.5231804848,
        "width_m": 0.6524146795,
        "height_m": 1.1018619537,
        "qw": -0.6837485919,
        "qx": 0.0,
        "qy": 0.0,
        "qz": 0.7297176598,
        "tx_m": 22.7667559044,
        "ty_m": 80.0705525629,
        "tz_m": 0.4260631792,
        "num_interior_pts": 7
    },
    {
        "timestamp_ns": 315968959360023000,
        "track_uuid": "1368947e-6555-47b2-95ba-e24bfffd7b52",
        "category": "REGULAR_VEHICLE",
        "length_m": 4.9814310074,
        "width_m": 2.1204576492,
        "height_m": 1.8245010376,
        "qw": -0.432136339,
        "qx": 0.0,
        "qy": 0.0,
        "qz": 0.9018082859,
        "tx_m": 21.4430131788,
        "ty_m": -3.7728516062,
        "tz_m": 0.6603568631,
        "num_interior_pts": 1054
    },
    {
        "timestamp_ns": 315968959460220000,
        "track_uuid": "4bfefa97-2fbb-4541-8a76-62fef3a08c38",
        "category": "REGULAR_VEHICLE",
        "length_m": 4.4851264954,
        "width_m": 1.8922455311,
        "height_m": 2.2275238037,
        "qw": -0.6993555626,
        "qx": 0.0,
        "qy": 0.0,
        "qz": 0.7147739483,
        "tx_m": 88.2071065934,
        "ty_m": -11.5956227155,
        "tz_m": 0.9872323296,
        "num_interior_pts": 0
    },
    {
        "timestamp_ns": 315968959559752000,
        "track_uuid": "91598dc2-f914-4950-ac0e-7f1cfca28863",
        "category": "REGULAR_VEHICLE",
        "length_m": 5.0947256088,
        "width_m": 2.0138874054,
        "height_m": 1.7786808014,
        "qw": 0.0033457736,
        "qx": 0.0,
        "qy": 0.0,
        "qz": 0.9999944029,
        "tx_m": 29.2058394772,
        "ty_m": 6.5018652264,
        "tz_m": 0.3800509792,
        "num_interior_pts": 103
    },
    {
        "timestamp_ns": 315968959659949000,
        "track_uuid": "acb2f005-2d0f-4ec2-bb78-2d91a92dd7b6",
        "category": "REGULAR_VEHICLE",
        "length_m": 4.03,
        "width_m": 2.2779164314,
        "height_m": 1.6995334625,
        "qw": -0.0008329523,
        "qx": 0.0,
        "qy": 0.0,
        "qz": 0.9999996531,
        "tx_m": 162.7763581146,
        "ty_m": 1.8423350107,
        "tz_m": -0.5378623622,
        "num_interior_pts": 0
    },
    {
        "timestamp_ns": 315968959760145000,
        "track_uuid": "da5d7135-a601-45ed-ad1f-863846900291",
        "category": "REGULAR_VEHICLE",
        "length_m": 5.1057128906,
        "width_m": 2.0891232491,
        "height_m": 1.7473049164,
        "qw": 0.0048496002,
        "qx": 0.0,
        "qy": 0.0,
        "qz": 0.9999882406,
        "tx_m": 47.3954912362,
        "ty_m": 6.1391801029,
        "tz_m": -0.1567174929,
        "num_interior_pts": 19
    },
    {
        "timestamp_ns": 315968959859678000,
        "track_uuid": "e79b881b-7d21-4555-a967-dd1fb5e4079f",
        "category": "REGULAR_VEHICLE",
        "length_m": 4.03,
        "width_m": 1.74,
        "height_m": 1.7249908447,
        "qw": -0.0097775927,
        "qx": 0.0,
        "qy": 0.0,
        "qz": 0.9999521982,
        "tx_m": -0.9203109042,
        "ty_m": 70.939766814,
        "tz_m": -0.257960238,
        "num_interior_pts": 5
    },
    {
        "timestamp_ns": 315968959959874000,
        "track_uuid": "a8130516-202b-49c3-af3b-db5d6ce2991d",
        "category": "STOP_SIGN",
        "length_m": 0.3986700773,
        "width_m": 0.9679033756,
        "height_m": 2.972196579,
        "qw": 0.7179891135,
        "qx": 0.0,
        "qy": 0.0,
        "qz": -0.6960543319,
        "tx_m": 21.2189879121,
        "ty_m": -9.8438953311,
        "tz_m": 0.9299777631,
        "num_interior_pts": 60
    },
    {
        "timestamp_ns": 315968960060064000,
        "track_uuid": "3a6c8bfe-3f16-4a3c-b25d-cd5376f5ed0a",
        "category": "CONSTRUCTION_BARREL",
        "length_m": 0.5715,
        "width_m": 0.5435,
        "height_m": 1.3812,
        "qw": 0.7720217556,
        "qx": 0.0,
        "qy": 0.0,
        "qz": 0.6355961051,
        "tx_m": -101.1617667717,
        "ty_m": -5.9149049207,
        "tz_m": 0.3561387365,
        "num_interior_pts": 0
    },
    {
        "timestamp_ns": 315968960159596000,
        "track_uuid": "87867570-9e5b-49e3-9050-e132c386d0fd",
        "category": "CONSTRUCTION_BARREL",
        "length_m": 0.5715,
        "width_m": 0.5435,
        "height_m": 1.3202915192,
        "qw": 0.7709968932,
        "qx": 0.0,
        "qy": 0.0,
        "qz": 0.6368389048,
        "tx_m": -102.2760414086,
        "ty_m": -5.4428223783,
        "tz_m": 0.190098493,
        "num_interior_pts": 0
    },
    {
        "timestamp_ns": 315968960259793000,
        "track_uuid": "b1b9ae42-47e9-4ca0-9034-931e5a87281b",
        "category": "CONSTRUCTION_BARREL",
        "length_m": 0.5715,
        "width_m": 0.5435,
        "height_m": 1.3812,
        "qw": 0.7658389257,
        "qx": 0.0,
        "qy": 0.0,
        "qz": 0.6430324563,
        "tx_m": -103.2976241293,
        "ty_m": -5.4169739347,
        "tz_m": 0.1743613355,
        "num_interior_pts": 0
    },
    {
        "timestamp_ns": 315968960359989000,
        "track_uuid": "0433eb5e-5ba5-48d0-8fc7-c3dda8031ce6",
        "category": "CONSTRUCTION_CONE",
        "length_m": 0.3126932383,
        "width_m": 0.2096,
        "height_m": 0.8675498962,
        "qw": 0.7043683323,
        "qx": 0.0,
        "qy": 0.0,
        "qz": 0.7098346656,
        "tx_m": -130.8568978198,
        "ty_m": -4.7292826254,
        "tz_m": -0.3269109362,
        "num_interior_pts": 0
    },
    {
        "timestamp_ns": 315968960460186000,
        "track_uuid": "1442102f-a3fa-4c22-a8ca-d41952a27545",
        "category": "CONSTRUCTION_CONE",
        "length_m": 0.2731404901,
        "width_m": 0.2106640339,
        "height_m": 0.9993267059,
        "qw": 0.7205340762,
        "qx": 0.0,
        "qy": 0.0,
        "qz": 0.6934195303,
        "tx_m": -79.3464816965,
        "ty_m": -5.365817845,
        "tz_m": -0.2770899832,
        "num_interior_pts": 0
    },
    {
        "timestamp_ns": 315968960559718000,
        "track_uuid": "0433eb5e-5ba5-48d0-8fc7-c3dda8031ce6",
        "category": "CONSTRUCTION_CONE",
        "length_m": 0.3126932383,
        "width_m": 0.2096,
        "height_m": 0.8675498962,
        "qw": 0.7035472427,
        "qx": 0.0,
        "qy": 0.0,
        "qz": 0.7106484907,
        "tx_m": -132.5706727368,
        "ty_m": -5.2005052158,
        "tz_m": -0.4839577142,
        "num_interior_pts": 1
    },
    {
        "timestamp_ns": 315968960659915000,
        "track_uuid": "72ee06d4-f14b-4c83-9361-41972f701115",
        "category": "CONSTRUCTION_BARREL",
        "length_m": 0.8635292649,
        "width_m": 0.5435,
        "height_m": 1.0836734772,
        "qw": 0.6767339276,
        "qx": 0.0,
        "qy": 0.0,
        "qz": 0.7362276762,
        "tx_m": -160.01740508,
        "ty_m": -6.7886515628,
        "tz_m": 0.1895106393,
        "num_interior_pts": 1
    },
    {
        "timestamp_ns": 315968960760111000,
        "track_uuid": "14f054ee-6a8e-416b-869a-be1f784e478b",
        "category": "CONSTRUCTION_BARREL",
        "length_m": 0.5715,
        "width_m": 0.5435,
        "height_m": 1.0754356384,
        "qw": 0.9993496096,
        "qx": 0.0,
        "qy": 0.0,
        "qz": -0.036060473,
        "tx_m": -87.8394412307,
        "ty_m": -6.704149988,
        "tz_m": 0.4908576684,
        "num_interior_pts": 0
    },
    {
        "timestamp_ns": 315968960860307000,
        "track_uuid": "a8130516-202b-49c3-af3b-db5d6ce2991d",
        "category": "STOP_SIGN",
        "length_m": 0.3986700773,
        "width_m": 0.9679033756,
        "height_m": 2.972196579,
        "qw": 0.7224463687,
        "qx": 0.0,
        "qy": 0.0,
        "qz": -0.6914269624,
        "tx_m": 13.5991903079,
        "ty_m": -9.6756126848,
        "tz_m": 0.9439462715,
        "num_interior_pts": 162
    },
    {
        "timestamp_ns": 315968960959840000,
        "track_uuid": "fa78abcd-6b92-4306-a07a-d365fc0bf6b0",
        "category": "REGULAR_VEHICLE",
        "length_m": 4.03,
        "width_m": 1.74,
        "height_m": 1.41,
        "qw": 0.9999999536,
        "qx": 0.0,
        "qy": 0.0,
        "qz": -0.0003045472,
        "tx_m": -12.6233149063,
        "ty_m": 88.3900646991,
        "tz_m": 0.7144703359,
        "num_interior_pts": 0
    },
    {
        "timestamp_ns": 315968961060030000,
        "track_uuid": "da5d7135-a601-45ed-ad1f-863846900291",
        "category": "REGULAR_VEHICLE",
        "length_m": 5.1057128906,
        "width_m": 2.0891232491,
        "height_m": 1.7473049164,
        "qw": -0.0033717991,
        "qx": 0.0,
        "qy": 0.0,
        "qz": 0.9999943155,
        "tx_m": 21.4921959665,
        "ty_m": 6.2996130337,
        "tz_m": 0.2218619142,
        "num_interior_pts": 413
    },
    {
        "timestamp_ns": 315968961160226000,
        "track_uuid": "abdf89c9-4179-4753-b1d2-5acf2187c3a6",
        "category": "REGULAR_VEHICLE",
        "length_m": 5.3087682724,
        "width_m": 2.1036715508,
        "height_m": 1.9970932007,
        "qw": -0.7064067772,
        "qx": 0.0,
        "qy": 0.0,
        "qz": 0.7078060928,
        "tx_m": -8.4263947761,
        "ty_m": 54.8722458598,
        "tz_m": 0.5352382412,
        "num_interior_pts": 64
    },
    {
        "timestamp_ns": 315968961259759000,
        "track_uuid": "91598dc2-f914-4950-ac0e-7f1cfca28863",
        "category": "REGULAR_VEHICLE",
        "length_m": 5.0947256088,
        "width_m": 2.0138874054,
        "height_m": 1.7786808014,
        "qw": -0.0057253751,
        "qx": 0.0,
        "qy": 0.0,
        "qz": 0.9999836099,
        "tx_m": -3.9357353162,
        "ty_m": 6.387241834,
        "tz_m": 0.4846165821,
        "num_interior_pts": 1751
    },
    {
        "timestamp_ns": 315968961359955000,
        "track_uuid": "6434ae1d-3600-4313-9e7e-454e595c4a7b",
        "category": "REGULAR_VEHICLE",
        "length_m": 4.4031386375,
        "width_m": 2.1569848061,
        "height_m": 1.4634914398,
        "qw": 0.0054716254,
        "qx": 0.0,
        "qy": 0.0,
        "qz": 0.9999850305,
        "tx_m": 93.7021166597,
        "ty_m": 7.9640818796,
        "tz_m": -0.1671842792,
        "num_interior_pts": 25
    },
    {
        "timestamp_ns": 315968961460152000,
        "track_uuid": "3d89e4f4-cea7-4f60-950c-1d9c3851557d",
        "category": "REGULAR_VEHICLE",
        "length_m": 4.03,
        "width_m": 1.74,
        "height_m": 1.41,
        "qw": -0.7061897953,
        "qx": 0.0,
        "qy": 0.0,
        "qz": 0.7080225795,
        "tx_m": 87.0969145673,
        "ty_m": -11.3327877539,
        "tz_m": 0.1172753854,
        "num_interior_pts": 0
    },
    {
        "timestamp_ns": 315968961560348000,
        "track_uuid": "1e4421a4-9025-4923-98a2-58a5e279d049",
        "category": "REGULAR_VEHICLE",
        "length_m": 4.4692420959,
        "width_m": 1.7708286047,
        "height_m": 1.7295970917,
        "qw": 0.9999747588,
        "qx": 0.0,
        "qy": 0.0,
        "qz": 0.0071050571,
        "tx_m": -10.2077245956,
        "ty_m": -0.2710890164,
        "tz_m": 0.53329694,
        "num_interior_pts": 595
    },
    {
        "timestamp_ns": 315968961659881000,
        "track_uuid": "17e09108-f62c-41fd-94c3-e960d7e51bcd",
        "category": "REGULAR_VEHICLE",
        "length_m": 6.2947893143,
        "width_m": 2.0106406212,
        "height_m": 1.663772583,
        "qw": -0.0056905273,
        "qx": 0.0,
        "qy": 0.0,
        "qz": 0.9999838088,
        "tx_m": 20.4152428014,
        "ty_m": 3.4870149588,
        "tz_m": 0.5867323705,
        "num_interior_pts": 538
    },
    {
        "timestamp_ns": 315968961760077000,
        "track_uuid": "1766d44d-c210-41e3-9047-048185004307",
        "category": "REGULAR_VEHICLE",
        "length_m": 4.8099851608,
        "width_m": 1.74,
        "height_m": 2.1003875732,
        "qw": 0.7181973438,
        "qx": 0.0,
        "qy": 0.0,
        "qz": -0.6958394753,
        "tx_m": 66.0013945031,
        "ty_m": -10.290198254,
        "tz_m": 1.0479053149,
        "num_interior_pts": 95
    },
    {
        "timestamp_ns": 315968961860273000,
        "track_uuid": "1368947e-6555-47b2-95ba-e24bfffd7b52",
        "category": "REGULAR_VEHICLE",
        "length_m": 4.9814310074,
        "width_m": 2.1204576492,
        "height_m": 1.8245010376,
        "qw": -0.6697130806,
        "qx": 0.0,
        "qy": 0.0,
        "qz": 0.7426199497,
        "tx_m": -2.4197872528,
        "ty_m": -12.4189006466,
        "tz_m": 0.4090725945,
        "num_interior_pts": 922
    },
    {
        "timestamp_ns": 315968961959806000,
        "track_uuid": "17e09108-f62c-41fd-94c3-e960d7e51bcd",
        "category": "REGULAR_VEHICLE",
        "length_m": 6.2947893143,
        "width_m": 2.0106406212,
        "height_m": 1.663772583,
        "qw": -0.0083302627,
        "qx": 0.0,
        "qy": 0.0,
        "qz": 0.9999653028,
        "tx_m": 15.0554890279,
        "ty_m": 3.4494563596,
        "tz_m": 0.5341723785,
        "num_interior_pts": 750
    },
    {
        "timestamp_ns": 315968962059997000,
        "track_uuid": "2f7ffe5e-0c78-4afc-89e8-7335a8eba452",
        "category": "REGULAR_VEHICLE",
        "length_m": 4.03,
        "width_m": 2.0313732624,
        "height_m": 1.6117687225,
        "qw": -0.706007849,
        "qx": 0.0,
        "qy": 0.0,
        "qz": 0.7082040081,
        "tx_m": -6.7330168788,
        "ty_m": -71.6746651567,
        "tz_m": -0.1891310185,
        "num_interior_pts": 5
    },
    {
        "timestamp_ns": 315968962160193000,
        "track_uuid": "3d89e4f4-cea7-4f60-950c-1d9c3851557d",
        "category": "REGULAR_VEHICLE",
        "length_m": 4.03,
        "width_m": 1.74,
        "height_m": 1.41,
        "qw": 0.7072705633,
        "qx": 0.0,
        "qy": 0.0,
        "qz": -0.7069429611,
        "tx_m": 80.9931727169,
        "ty_m": -11.0708925623,
        "tz_m": 0.2078010812,
        "num_interior_pts": 1
    },
    {
        "timestamp_ns": 315968962260389000,
        "track_uuid": "4bfefa97-2fbb-4541-8a76-62fef3a08c38",
        "category": "REGULAR_VEHICLE",
        "length_m": 4.4851264954,
        "width_m": 1.8922455311,
        "height_m": 2.2275238037,
        "qw": -0.6999842412,
        "qx": 0.0,
        "qy": 0.0,
        "qz": 0.7141582892,
        "tx_m": 64.7916180258,
        "ty_m": -10.1558488046,
        "tz_m": 0.6513520153,
        "num_interior_pts": 2
    },
    {
        "timestamp_ns": 315968962359922000,
        "track_uuid": "6434ae1d-3600-4313-9e7e-454e595c4a7b",
        "category": "REGULAR_VEHICLE",
        "length_m": 4.4031386375,
        "width_m": 2.1569848061,
        "height_m": 1.4634914398,
        "qw": 0.002106107,
        "qx": 0.0,
        "qy": 0.0,
        "qz": 0.9999977822,
        "tx_m": 70.8052471159,
        "ty_m": 7.7661667565,
        "tz_m": 0.2030141731,
        "num_interior_pts": 45
    },
    {
        "timestamp_ns": 315968962460118000,
        "track_uuid": "a0b2c37d-272b-4fd1-b9f0-2da1964fd49c",
        "category": "REGULAR_VEHICLE",
        "length_m": 4.03,
        "width_m": 1.74,
        "height_m": 1.41,
        "qw": -0.0118659034,
        "qx": 0.0,
        "qy": 0.0,
        "qz": 0.9999295977,
        "tx_m": -15.0108773826,
        "ty_m": -107.235709737,
        "tz_m": -0.0055248019,
        "num_interior_pts": 5
    },
    {
        "timestamp_ns": 315968962560315000,
        "track_uuid": "da5d7135-a601-45ed-ad1f-863846900291",
        "category": "REGULAR_VEHICLE",
        "length_m": 5.1057128906,
        "width_m": 2.0891232491,
        "height_m": 1.7473049164,
        "qw": -0.0035324334,
        "qx": 0.0,
        "qy": 0.0,
        "qz": 0.9999937609,
        "tx_m": -9.4415405384,
        "ty_m": 6.1174271153,
        "tz_m": 0.4734285059,
        "num_interior_pts": 1005
    },
    {
        "timestamp_ns": 315968962659848000,
        "track_uuid": "1a550269-064b-4ca2-9000-43d64b383412",
        "category": "CONSTRUCTION_BARREL",
        "length_m": 0.5756673217,
        "width_m": 0.5435,
        "height_m": 1.3756046295,
        "qw": 0.7269836113,
        "qx": 0.0,
        "qy": 0.0,
        "qz": 0.6866548106,
        "tx_m": 120.9439475694,
        "ty_m": -4.8892641245,
        "tz_m": -0.0630509003,
        "num_interior_pts": 1
    },
    {
        "timestamp_ns": 315968962760044000,
        "track_uuid": "fb97430d-0311-4842-92c7-6e4ec51fcd30",
        "category": "PEDESTRIAN",
        "length_m": 0.6,
        "width_m": 0.6703002453,
        "height_m": 2.1222076416,
        "qw": 0.7055180975,
        "qx": 0.0,
        "qy": 0.0,
        "qz": 0.7086919035,
        "tx_m": -16.9505628487,
        "ty_m": -21.8273704416,
        "tz_m": 0.8058692621,
        "num_interior_pts": 3
    },
    {
        "timestamp_ns": 315968962860240000,
        "track_uuid": "620224bc-6b97-4a3f-ac62-4a54708962b8",
        "category": "REGULAR_VEHICLE",
        "length_m": 4.7388505936,
        "width_m": 2.1311881542,
        "height_m": 1.4682941437,
        "qw": 0.9999111602,
        "qx": 0.0,
        "qy": 0.0,
        "qz": 0.0133293522,
        "tx_m": -54.5984990987,
        "ty_m": -0.0933507072,
        "tz_m": 0.5875079377,
        "num_interior_pts": 2
    },
    {
        "timestamp_ns": 315968962959773000,
        "track_uuid": "e83eb243-bbdc-49a1-a3f2-c3f2999d1fa9",
        "category": "REGULAR_VEHICLE",
        "length_m": 5.51450634,
        "width_m": 1.9781594276,
        "height_m": 1.7085552216,
        "qw": -0.0025123478,
        "qx": 0.0,
        "qy": 0.0,
        "qz": 0.999996844,
        "tx_m": -71.6429484868,
        "ty_m": 6.6127996025,
        "tz_m": 0.5023184824,
        "num_interior_pts": 5
    },
    {
        "timestamp_ns": 315968963059964000,
        "track_uuid": "eb5d0552-bc18-46ab-bed1-33efb0a0946a",
        "category": "PEDESTRIAN",
        "length_m": 0.6,
        "width_m": 0.6062715054,
        "height_m": 1.5622062683,
        "qw": 0.7088707399,
        "qx": 0.0,
        "qy": 0.0,
        "qz": 0.7053384111,
        "tx_m": -21.0695513062,
        "ty_m": -20.1389864666,
        "tz_m": 0.6664064013,
        "num_interior_pts": 48
    },
    {
        "timestamp_ns": 315968963160160000,
        "track_uuid": "4bfefa97-2fbb-4541-8a76-62fef3a08c38",
        "category": "REGULAR_VEHICLE",
        "length_m": 4.4851264954,
        "width_m": 1.8922455311,
        "height_m": 2.2275238037,
        "qw": -0.6939483288,
        "qx": 0.0,
        "qy": 0.0,
        "qz": 0.720024803,
        "tx_m": 54.5364404477,
        "ty_m": -10.9641049188,
        "tz_m": 0.6022218264,
        "num_interior_pts": 4
    },
    {
        "timestamp_ns": 315968963259693000,
        "track_uuid": "6464ec27-6649-425d-9ee0-c59211391b69",
        "category": "STOP_SIGN",
        "length_m": 0.5014973879,
        "width_m": 0.7801840305,
        "height_m": 3.2239227295,
        "qw": 0.7874896707,
        "qx": 0.0,
        "qy": 0.0,
        "qz": 0.6163278499,
        "tx_m": -29.5479661591,
        "ty_m": 16.596827627,
        "tz_m": 1.1782172609,
        "num_interior_pts": 16
    },
    {
        "timestamp_ns": 315968963359889000,
        "track_uuid": "fb97430d-0311-4842-92c7-6e4ec51fcd30",
        "category": "PEDESTRIAN",
        "length_m": 0.6,
        "width_m": 0.6703002453,
        "height_m": 2.1222076416,
        "qw": 0.7066095852,
        "qx": 0.0,
        "qy": 0.0,
        "qz": 0.7076036278,
        "tx_m": -24.4543673252,
        "ty_m": -20.8157807955,
        "tz_m": 0.947514088,
        "num_interior_pts": 45
    },
    {
        "timestamp_ns": 315968963460085000,
        "track_uuid": "7f5261f8-51b4-4ac9-8f38-2a5b11bd8c61",
        "category": "REGULAR_VEHICLE",
        "length_m": 4.8530397415,
        "width_m": 1.7951087952,
        "height_m": 1.6757450104,
        "qw": -0.0038383621,
        "qx": 0.0,
        "qy": 0.0,
        "qz": 0.9999926335,
        "tx_m": 7.48947929,
        "ty_m": 6.1860083804,
        "tz_m": 0.3243729428,
        "num_interior_pts": 1238
    },
    {
        "timestamp_ns": 315968963560282000,
        "track_uuid": "3a6c8bfe-3f16-4a3c-b25d-cd5376f5ed0a",
        "category": "CONSTRUCTION_BARREL",
        "length_m": 0.5715,
        "width_m": 0.5435,
        "height_m": 1.3812,
        "qw": 0.7693839163,
        "qx": 0.0,
        "qy": 0.0,
        "qz": 0.6387866541,
        "tx_m": -135.048292166,
        "ty_m": -6.7248014836,
        "tz_m": 0.9603367707,
        "num_interior_pts": 2
    },
    {
        "timestamp_ns": 315968963659815000,
        "track_uuid": "438ffb67-c708-4ec6-a4cb-4fb8fee06fe7",
        "category": "REGULAR_VEHICLE",
        "length_m": 4.559132576,
        "width_m": 1.9845223427,
        "height_m": 1.7704544067,
        "qw": 0.9999841745,
        "qx": 0.0,
        "qy": 0.0,
        "qz": -0.0056259085,
        "tx_m": -22.7749089961,
        "ty_m": -2.2838760855,
        "tz_m": 0.7269730968,
        "num_interior_pts": 134
    },
    {
        "timestamp_ns": 315968963760011000,
        "track_uuid": "b5edca23-fc00-4223-a1e8-f0572f70fca1",
        "category": "BOX_TRUCK",
        "length_m": 6.409860611,
        "width_m": 3.6038823128,
        "height_m": 3.8065795898,
        "qw": 0.9989635421,
        "qx": 0.0,
        "qy": 0.0,
        "qz": 0.0455174856,
        "tx_m": 56.362216358,
        "ty_m": -8.2116561074,
        "tz_m": 1.3257289798,
        "num_interior_pts": 278
    },
    {
        "timestamp_ns": 315968963860207000,
        "track_uuid": "3692678c-56b5-4f61-89b3-377ba7b96072",
        "category": "REGULAR_VEHICLE",
        "length_m": 4.5435838699,
        "width_m": 1.74,
        "height_m": 1.6814174652,
        "qw": 0.6085253642,
        "qx": 0.0,
        "qy": 0.0,
        "qz": 0.7935344234,
        "tx_m": 78.8190726146,
        "ty_m": -3.8576356847,
        "tz_m": 0.127608521,
        "num_interior_pts": 82
    },
    {
        "timestamp_ns": 315968963959740000,
        "track_uuid": "6464ec27-6649-425d-9ee0-c59211391b69",
        "category": "STOP_SIGN",
        "length_m": 0.5014973879,
        "width_m": 0.7801840305,
        "height_m": 3.2239227295,
        "qw": 0.7865841091,
        "qx": 0.0,
        "qy": 0.0,
        "qz": 0.617483149,
        "tx_m": -39.2523425857,
        "ty_m": 16.4845215293,
        "tz_m": 1.1386123641,
        "num_interior_pts": 8
    },
    {
        "timestamp_ns": 315968964059929000,
        "track_uuid": "4bfefa97-2fbb-4541-8a76-62fef3a08c38",
        "category": "REGULAR_VEHICLE",
        "length_m": 4.4851264954,
        "width_m": 1.8922455311,
        "height_m": 2.2275238037,
        "qw": -0.6956075339,
        "qx": 0.0,
        "qy": 0.0,
        "qz": 0.7184219922,
        "tx_m": 41.8697416378,
        "ty_m": -10.7162118411,
        "tz_m": 1.0495564506,
        "num_interior_pts": 44
    },
    {
        "timestamp_ns": 315968964160126000,
        "track_uuid": "1a550269-064b-4ca2-9000-43d64b383412",
        "category": "CONSTRUCTION_BARREL",
        "length_m": 0.5756673217,
        "width_m": 0.5435,
        "height_m": 1.3756046295,
        "qw": 0.7242733718,
        "qx": 0.0,
        "qy": 0.0,
        "qz": 0.6895129316,
        "tx_m": 100.9049228316,
        "ty_m": -5.2235105325,
        "tz_m": -0.0466259509,
        "num_interior_pts": 0
    },
    {
        "timestamp_ns": 315968964259659000,
        "track_uuid": "acb2f005-2d0f-4ec2-bb78-2d91a92dd7b6",
        "category": "REGULAR_VEHICLE",
        "length_m": 4.03,
        "width_m": 2.2779164314,
        "height_m": 1.6995334625,
        "qw": -0.0075437759,
        "qx": 0.0,
        "qy": 0.0,
        "qz": 0.9999715453,
        "tx_m": 57.9357854202,
        "ty_m": 3.7241871844,
        "tz_m": 0.1609339794,
        "num_interior_pts": 33
    },
    {
        "timestamp_ns": 315968964359855000,
        "track_uuid": "17e09108-f62c-41fd-94c3-e960d7e51bcd",
        "category": "REGULAR_VEHICLE",
        "length_m": 6.2947893143,
        "width_m": 2.0106406212,
        "height_m": 1.663772583,
        "qw": -0.0100632537,
        "qx": 0.0,
        "qy": 0.0,
        "qz": 0.9999493642,
        "tx_m": -43.5452529246,
        "ty_m": 3.3643720592,
        "tz_m": 0.4854682566,
        "num_interior_pts": 83
    }
]