[{"available_distance": 90, "battery_level": 69, "brake": 0, "brake_switch": 1, "gear_position": 7, "left_signal": 0, "rear_left_rpm": 117.5106, "rear_right_rpm": 133.6485, "right_signal": 0, "steering": 191.9000000000001, "steering_speed": 65.70000000000046, "throttle": 55, "utime": 1531883530891054, "vehicle_speed": 14.74, "yaw_rate": 18.900000000000034}, {"available_distance": 90, "battery_level": 69, "brake": 0, "brake_switch": 1, "gear_position": 7, "left_signal": 0, "rear_left_rpm": 115.67580000000001, "rear_right_rpm": 132.9396, "right_signal": 0, "steering": 206.4000000000001, "steering_speed": 1.9000000000002721, "throttle": 125, "utime": 1531883531391621, "vehicle_speed": 14.63, "yaw_rate": 21.00000000000003}, {"available_distance": 90, "battery_level": 69, "brake": 0, "brake_switch": 1, "gear_position": 7, "left_signal": 1, "rear_left_rpm": 121.2636, "rear_right_rpm": 138.9861, "right_signal": 0, "steering": 206.29999999999973, "steering_speed": -1.9999999999998188, "throttle": 158, "utime": 1531883531890914, "vehicle_speed": 15.19, "yaw_rate": 21.900000000000034}, {"available_distance": 90, "battery_level": 69, "brake": 0, "brake_switch": 1, "gear_position": 7, "left_signal": 1, "rear_left_rpm": 125.4753, "rear_right_rpm": 147.4512, "right_signal": 0, "steering": 192.29999999999973, "steering_speed": -59.79999999999954, "throttle": 182, "utime": 1531883532391342, "vehicle_speed": 16.1, "yaw_rate": 22.400000000000034}, {"available_distance": 90, "battery_level": 69, "brake": 0, "brake_switch": 1, "gear_position": 7, "left_signal": 0, "rear_left_rpm": 143.2395, "rear_right_rpm": 155.8329, "right_signal": 0, "steering": 120.09999999999991, "steering_speed": -183.29999999999956, "throttle": 202, "utime": 1531883532891863, "vehicle_speed": 17.240000000000002, "yaw_rate": 16.30000000000001}, {"available_distance": 90, "battery_level": 69, "brake": 0, "brake_switch": 1, "gear_position": 7, "left_signal": 0, "rear_left_rpm": 159.54420000000002, "rear_right_rpm": 164.2563, "right_signal": 0, "steering": 41.90000000000009, "steering_speed": -115.59999999999972, "throttle": 192, "utime": 1531883533391538, "vehicle_speed": 18.42, "yaw_rate": 6.200000000000017}, {"available_distance": 90, "battery_level": 69, "brake": 0, "brake_switch": 1, "gear_position": 7, "left_signal": 0, "rear_left_rpm": 170.7615, "rear_right_rpm": 171.9708, "right_signal": 0, "steering": 3.299999999999727, "steering_speed": -51.79999999999954, "throttle": 175, "utime": 1531883533891107, "vehicle_speed": 19.61, "yaw_rate": 1.0000000000000284}, {"available_distance": 90, "battery_level": 69, "brake": 0, "brake_switch": 1, "gear_position": 7, "left_signal": 0, "rear_left_rpm": 179.2266, "rear_right_rpm": 179.6853, "right_signal": 0, "steering": -0.599999999999909, "steering_speed": 1.8118839761882555e-13, "throttle": 140, "utime": 1531883534391429, "vehicle_speed": 20.42, "yaw_rate": 2.842170943040401e-14}, {"available_distance": 90, "battery_level": 69, "brake": 0, "brake_switch": 1, "gear_position": 7, "left_signal": 0, "rear_left_rpm": 185.2731, "rear_right_rpm": 185.7318, "right_signal": 0, "steering": -1.0, "steering_speed": 1.8118839761882555e-13, "throttle": 42, "utime": 1531883534891038, "vehicle_speed": 21.13, "yaw_rate": -0.0999999999999659}, {"available_distance": 90, "battery_level": 69, "brake": 0, "brake_switch": 1, "gear_position": 7, "left_signal": 0, "rear_left_rpm": 183.3966, "rear_right_rpm": 183.8553, "right_signal": 0, "steering": -1.0, "steering_speed": -1.9999999999998188, "throttle": 0, "utime": 1531883535391080, "vehicle_speed": 21.0, "yaw_rate": -0.0999999999999659}, {"available_distance": 90, "battery_level": 69, "brake": 0, "brake_switch": 1, "gear_position": 7, "left_signal": 0, "rear_left_rpm": 178.7679, "rear_right_rpm": 178.9764, "right_signal": 1, "steering": -0.7000000000002728, "steering_speed": 1.8118839761882555e-13, "throttle": 0, "utime": 1531883535890913, "vehicle_speed": 20.42, "yaw_rate": -0.0999999999999659}, {"available_distance": 90, "battery_level": 69, "brake": 0, "brake_switch": 1, "gear_position": 7, "left_signal": 0, "rear_left_rpm": 171.7206, "rear_right_rpm": 172.1793, "right_signal": 0, "steering": 0.5, "steering_speed": 1.8118839761882555e-13, "throttle": 0, "utime": 1531883536391479, "vehicle_speed": 19.7, "yaw_rate": 2.842170943040401e-14}, {"available_distance": 90, "battery_level": 69, "brake": 0, "brake_switch": 1, "gear_position": 7, "left_signal": 0, "rear_left_rpm": 164.2563, "rear_right_rpm": 164.9652, "right_signal": 1, "steering": -4.099999999999909, "steering_speed": -9.999999999999819, "throttle": 0, "utime": 1531883536891266, "vehicle_speed": 18.87, "yaw_rate": -0.5999999999999659}, {"available_distance": 90, "battery_level": 69, "brake": 0, "brake_switch": 1, "gear_position": 7, "left_signal": 0, "rear_left_rpm": 157.0422, "rear_right_rpm": 155.8329, "right_signal": 1, "steering": -6.0, "steering_speed": -9.999999999999819, "throttle": 0, "utime": 1531883537391535, "vehicle_speed": 17.990000000000002, "yaw_rate": -0.5999999999999659}, {"available_distance": 90, "battery_level": 69, "brake": 0, "brake_switch": 1, "gear_position": 7, "left_signal": 0, "rear_left_rpm": 149.7447, "rear_right_rpm": 147.201, "right_signal": 0, "steering": -20.200000000000273, "steering_speed": -19.99999999999982, "throttle": 0, "utime": 1531883537890680, "vehicle_speed": 17.04, "yaw_rate": -1.9999999999999716}, {"available_distance": 90, "battery_level": 69, "brake": 0, "brake_switch": 1, "gear_position": 7, "left_signal": 0, "rear_left_rpm": 140.86260000000001, "rear_right_rpm": 138.3189, "right_signal": 0, "steering": -26.300000000000182, "steering_speed": 1.8118839761882555e-13, "throttle": 0, "utime": 1531883538391181, "vehicle_speed": 16.080000000000002, "yaw_rate": -3.1999999999999886}, {"available_distance": 90, "battery_level": 69, "brake": 0, "brake_switch": 1, "gear_position": 7, "left_signal": 0, "rear_left_rpm": 132.9396, "rear_right_rpm": 130.8546, "right_signal": 1, "steering": -27.90000000000009, "steering_speed": -9.999999999999819, "throttle": 1, "utime": 1531883538891452, "vehicle_speed": 15.18, "yaw_rate": -3.099999999999966}, {"available_distance": 90, "battery_level": 69, "brake": 0, "brake_switch": 1, "gear_position": 7, "left_signal": 0, "rear_left_rpm": 127.1433, "rear_right_rpm": 125.0166, "right_signal": 1, "steering": -28.40000000000009, "steering_speed": 1.8118839761882555e-13, "throttle": 57, "utime": 1531883539390586, "vehicle_speed": 14.530000000000001, "yaw_rate": -3.1999999999999886}, {"available_distance": 90, "battery_level": 69, "brake": 0, "brake_switch": 1, "gear_position": 7, "left_signal": 0, "rear_left_rpm": 127.7688, "rear_right_rpm": 125.934, "right_signal": 0, "steering": -27.5, "steering_speed": 1.8118839761882555e-13, "throttle": 107, "utime": 1531883539891072, "vehicle_speed": 14.530000000000001, "yaw_rate": -2.799999999999983}, {"available_distance": 90, "battery_level": 69, "brake": 0, "brake_switch": 1, "gear_position": 7, "left_signal": 0, "rear_left_rpm": 134.1072, "rear_right_rpm": 131.0631, "right_signal": 0, "steering": -16.59999999999991, "steering_speed": 45.80000000000037, "throttle": 120, "utime": 1531883540391518, "vehicle_speed": 15.120000000000001, "yaw_rate": -2.6999999999999886}, {"available_distance": 90, "battery_level": 69, "brake": 0, "brake_switch": 1, "gear_position": 7, "left_signal": 0, "rear_left_rpm": 138.9861, "rear_right_rpm": 138.7776, "right_signal": 0, "steering": -0.3000000000001819, "steering_speed": 13.900000000000272, "throttle": 127, "utime": 1531883540891005, "vehicle_speed": 15.85, "yaw_rate": 2.842170943040401e-14}, {"available_distance": 90, "battery_level": 69, "brake": 0, "brake_switch": 1, "gear_position": 7, "left_signal": 0, "rear_left_rpm": 145.5747, "rear_right_rpm": 146.4921, "right_signal": 0, "steering": 19.699999999999818, "steering_speed": 59.70000000000046, "throttle": 164, "utime": 1531883541391291, "vehicle_speed": 16.69, "yaw_rate": 0.6000000000000227}, {"available_distance": 90, "battery_level": 69, "brake": 0, "brake_switch": 1, "gear_position": 7, "left_signal": 1, "rear_left_rpm": 154.45680000000002, "rear_right_rpm": 157.0422, "right_signal": 0, "steering": 30.0, "steering_speed": 19.900000000000272, "throttle": 180, "utime": 1531883541891043, "vehicle_speed": 17.77, "yaw_rate": 2.900000000000034}, {"available_distance": 90, "battery_level": 69, "brake": 0, "brake_switch": 1, "gear_position": 7, "left_signal": 1, "rear_left_rpm": 162.8385, "rear_right_rpm": 167.5506, "right_signal": 0, "steering": 37.19999999999982, "steering_speed": 1.8118839761882555e-13, "throttle": 180, "utime": 1531883542391339, "vehicle_speed": 18.900000000000002, "yaw_rate": 4.600000000000023}, {"available_distance": 90, "battery_level": 69, "brake": 0, "brake_switch": 1, "gear_position": 7, "left_signal": 0, "rear_left_rpm": 174.0558, "rear_right_rpm": 177.6003, "right_signal": 0, "steering": 36.5, "steering_speed": -11.999999999999819, "throttle": 180, "utime": 1531883542890925, "vehicle_speed": 19.96, "yaw_rate": 4.600000000000023}, {"available_distance": 90, "battery_level": 69, "brake": 0, "brake_switch": 1, "gear_position": 7, "left_signal": 0, "rear_left_rpm": 182.6877, "rear_right_rpm": 185.5233, "right_signal": 0, "steering": 13.299999999999727, "steering_speed": -29.899999999999455, "throttle": 159, "utime": 1531883543391093, "vehicle_speed": 20.94, "yaw_rate": 2.3000000000000114}, {"available_distance": 90, "battery_level": 69, "brake": 0, "brake_switch": 1, "gear_position": 7, "left_signal": 0, "rear_left_rpm": 191.3613, "rear_right_rpm": 192.27870000000001, "right_signal": 0, "steering": 4.400000000000091, "steering_speed": -5.999999999999819, "throttle": 130, "utime": 1531883543891177, "vehicle_speed": 21.84, "yaw_rate": 2.842170943040401e-14}, {"available_distance": 90, "battery_level": 69, "brake": 0, "brake_switch": 1, "gear_position": 7, "left_signal": 0, "rear_left_rpm": 196.4904, "rear_right_rpm": 196.2819, "right_signal": 0, "steering": 2.199999999999818, "steering_speed": 1.8118839761882555e-13, "throttle": 102, "utime": 1531883544391265, "vehicle_speed": 22.38, "yaw_rate": 2.842170943040401e-14}, {"available_distance": 90, "battery_level": 69, "brake": 0, "brake_switch": 1, "gear_position": 7, "left_signal": 1, "rear_left_rpm": 199.07580000000002, "rear_right_rpm": 199.326, "right_signal": 0, "steering": 2.299999999999727, "steering_speed": 1.9000000000002721, "throttle": 63, "utime": 1531883544891045, "vehicle_speed": 22.68, "yaw_rate": 2.842170943040401e-14}, {"available_distance": 90, "battery_level": 69, "brake": 0, "brake_switch": 1, "gear_position": 7, "left_signal": 1, "rear_left_rpm": 198.1584, "rear_right_rpm": 198.6171, "right_signal": 0, "steering": 8.599999999999909, "steering_speed": 11.900000000000272, "throttle": 55, "utime": 1531883545390799, "vehicle_speed": 22.62, "yaw_rate": 0.6000000000000227}, {"available_distance": 90, "battery_level": 69, "brake": 0, "brake_switch": 1, "gear_position": 7, "left_signal": 0, "rear_left_rpm": 196.4904, "rear_right_rpm": 197.4495, "right_signal": 0, "steering": 5.099999999999909, "steering_speed": 1.8118839761882555e-13, "throttle": 115, "utime": 1531883545891033, "vehicle_speed": 22.57, "yaw_rate": 0.20000000000001705}, {"available_distance": 90, "battery_level": 69, "brake": 0, "brake_switch": 1, "gear_position": 7, "left_signal": 0, "rear_left_rpm": 200.0349, "rear_right_rpm": 200.9523, "right_signal": 0, "steering": 9.0, "steering_speed": 1.8118839761882555e-13, "throttle": 76, "utime": 1531883546391067, "vehicle_speed": 22.900000000000002, "yaw_rate": 1.1000000000000227}, {"available_distance": 90, "battery_level": 69, "brake": 0, "brake_switch": 1, "gear_position": 7, "left_signal": 1, "rear_left_rpm": 200.49360000000001, "rear_right_rpm": 201.6612, "right_signal": 0, "steering": 8.900000000000091, "steering_speed": 1.8118839761882555e-13, "throttle": 53, "utime": 1531883546891149, "vehicle_speed": 22.92, "yaw_rate": 0.9000000000000341}, {"available_distance": 90, "battery_level": 69, "brake": 0, "brake_switch": 1, "gear_position": 7, "left_signal": 1, "rear_left_rpm": 199.07580000000002, "rear_right_rpm": 200.0349, "right_signal": 0, "steering": 11.699999999999818, "steering_speed": 1.8118839761882555e-13, "throttle": 50, "utime": 1531883547391404, "vehicle_speed": 22.73, "yaw_rate": 1.200000000000017}, {"available_distance": 90, "battery_level": 69, "brake": 0, "brake_switch": 1, "gear_position": 7, "left_signal": 0, "rear_left_rpm": 196.0317, "rear_right_rpm": 198.1584, "right_signal": 0, "steering": 19.59999999999991, "steering_speed": 1.8118839761882555e-13, "throttle": 53, "utime": 1531883547891038, "vehicle_speed": 22.51, "yaw_rate": 2.6000000000000227}, {"available_distance": 90, "battery_level": 69, "brake": 0, "brake_switch": 1, "gear_position": 7, "left_signal": 0, "rear_left_rpm": 193.1961, "rear_right_rpm": 195.0726, "right_signal": 0, "steering": 15.699999999999818, "steering_speed": -27.899999999999455, "throttle": 63, "utime": 1531883548390639, "vehicle_speed": 22.22, "yaw_rate": 2.400000000000034}, {"available_distance": 90, "battery_level": 69, "brake": 0, "brake_switch": 1, "gear_position": 7, "left_signal": 1, "rear_left_rpm": 192.27870000000001, "rear_right_rpm": 192.27870000000001, "right_signal": 0, "steering": 1.5, "steering_speed": -27.899999999999455, "throttle": 66, "utime": 1531883548891328, "vehicle_speed": 22.05, "yaw_rate": -0.0999999999999659}, {"available_distance": 90, "battery_level": 69, "brake": 0, "brake_switch": 1, "gear_position": 7, "left_signal": 1, "rear_left_rpm": 192.27870000000001, "rear_right_rpm": 190.9026, "right_signal": 0, "steering": -6.700000000000273, "steering_speed": -1.9999999999998188, "throttle": 138, "utime": 1531883549391080, "vehicle_speed": 21.91, "yaw_rate": -1.099999999999966}, {"available_distance": 90, "battery_level": 69, "brake": 0, "brake_switch": 1, "gear_position": 7, "left_signal": 0, "rear_left_rpm": 198.36690000000002, "rear_right_rpm": 195.0726, "right_signal": 0, "steering": -18.800000000000182, "steering_speed": -53.79999999999954, "throttle": 161, "utime": 1531883549891252, "vehicle_speed": 22.44, "yaw_rate": -2.6999999999999886}, {"available_distance": 90, "battery_level": 69, "brake": 0, "brake_switch": 1, "gear_position": 7, "left_signal": 0, "rear_left_rpm": 205.3725, "rear_right_rpm": 200.0349, "right_signal": 0, "steering": -44.40000000000009, "steering_speed": -35.89999999999945, "throttle": 149, "utime": 1531883550391176, "vehicle_speed": 23.12, "yaw_rate": -6.799999999999983}]