[
    {
        "timestamp_ns": 315972365160091000,
        "track_uuid": "0209c44d-3aac-4bd7-a5ad-ad5ca4e10f99",
        "category": "BOLLARD",
        "length_m": 0.1718978286,
        "width_m": 0.1837716848,
        "height_m": 1.0867919922,
        "qw": 0.1620973191,
        "qx": 0.0,
        "qy": 0.0,
        "qz": 0.9867747763,
        "tx_m": -18.5707946697,
        "ty_m": -7.8593512157,
        "tz_m": 0.7497590539,
        "num_interior_pts": 10
    },
    {
        "timestamp_ns": 315972365259624000,
        "track_uuid": "37d9d615-c296-4940-9452-3010eb4d8a81",
        "category": "LARGE_VEHICLE",
        "length_m": 5.0997982025,
        "width_m": 3.2392678261,
        "height_m": 2.2127552032,
        "qw": 0.8521802758,
        "qx": 0.0,
        "qy": 0.0,
        "qz": 0.5232482943,
        "tx_m": 33.5958879091,
        "ty_m": 11.0784257038,
        "tz_m": 0.4487657638,
        "num_interior_pts": 163
    },
    {
        "timestamp_ns": 315972365359820000,
        "track_uuid": "7143a396-0e24-478a-a655-575d23e3922d",
        "category": "PEDESTRIAN",
        "length_m": 0.9158580899,
        "width_m": 1.0176193714,
        "height_m": 1.6794815063,
        "qw": 0.999985132,
        "qx": 0.0,
        "qy": 0.0,
        "qz": 0.0054530561,
        "tx_m": -95.3476774234,
        "ty_m": 4.9192391217,
        "tz_m": 1.3355662602,
        "num_interior_pts": 4
    },
    {
        "timestamp_ns": 315972365460017000,
        "track_uuid": "b1be5ef7-c63e-4bb1-b860-8818a095e26f",
        "category": "PEDESTRIAN",
        "length_m": 0.6,
        "width_m": 0.7533066273,
        "height_m": 1.8162097931,
        "qw": 0.999972551,
        "qx": 0.0,
        "qy": 0.0,
        "qz": -0.0074092655,
        "tx_m": -53.734106915,
        "ty_m": 13.7252948735,
        "tz_m": 1.0177399085,
        "num_interior_pts": 18
    },
    {
        "timestamp_ns": 315972365559549000,
        "track_uuid": "e1741473-7b93-4247-8ddc-252d88e24335",
        "category": "PEDESTRIAN",
        "length_m": 0.6,
        "width_m": 0.7225339413,
        "height_m": 1.6500434875,
        "qw": 0.0077972648,
        "qx": 0.0,
        "qy": 0.0,
        "qz": 0.9999696009,
        "tx_m": -58.5098801849,
        "ty_m": -8.650451629,
        "tz_m": 1.363895722,
        "num_interior_pts": 2
    },
    {
        "timestamp_ns": 315972365659746000,
        "track_uuid": "0c8f7dbb-d03a-41e5-94f8-90c07169eaa4",
        "category": "REGULAR_VEHICLE",
        "length_m": 4.2205724716,
        "width_m": 1.9769883156,
        "height_m": 1.4869766235,
        "qw": 0.9999872009,
        "qx": 0.0,
        "qy": 0.0,
        "qz": 0.0050594493,
        "tx_m": 139.5035542423,
        "ty_m": -3.5060078216,
        "tz_m": -0.6579891471,
        "num_interior_pts": 2
    },
    {
        "timestamp_ns": 315972365759942000,
        "track_uuid": "1c3e5b6f-41d3-494d-927f-f7183ecca873",
        "category": "REGULAR_VEHICLE",
        "length_m": 4.1086606979,
        "width_m": 1.74,
        "height_m": 1.5056800842,
        "qw": 0.6178094722,
        "qx": 0.0,
        "qy": 0.0,
        "qz": 0.7863278299,
        "tx_m": -19.7059223641,
        "ty_m": -35.7479257884,
        "tz_m": 1.1926189912,
        "num_interior_pts": 101
    },
    {
        "timestamp_ns": 315972365860138000,
        "track_uuid": "26376676-ce63-4b32-9756-5ca81e2ec248",
        "category": "REGULAR_VEHICLE",
        "length_m": 4.03,
        "width_m": 1.89108634,
        "height_m": 1.41,
        "qw": -0.0008885551,
        "qx": 0.0,
        "qy": 0.0,
        "qz": 0.9999996052,
        "tx_m": 109.9614109539,
        "ty_m": 6.3678359238,
        "tz_m": -0.6561407405,
        "num_interior_pts": 2
    },
    {
        "timestamp_ns": 315972365959671000,
        "track_uuid": "3f66f9be-bfb2-4c84-8555-81ba029e8ab5",
        "category": "REGULAR_VEHICLE",
        "length_m": 4.03,
        "width_m": 1.9484052658,
        "height_m": 1.6585636139,
        "qw": 0.0114299893,
        "qx": 0.0,
        "qy": 0.0,
        "qz": 0.9999346755,
        "tx_m": 96.2009060552,
        "ty_m": 6.25076025,
        "tz_m": -0.4064813935,
        "num_interior_pts": 4
    },
    {
        "timestamp_ns": 315972366059851000,
        "track_uuid": "4fc6d1b5-3eaa-46df-8e51-33c1281bcbee",
        "category": "REGULAR_VEHICLE",
        "length_m": 4.03,
        "width_m": 1.74,
        "height_m": 1.6001815796,
        "qw": 0.0045832945,
        "qx": 0.0,
        "qy": 0.0,
        "qz": 0.9999894967,
        "tx_m": -100.199469356,
        "ty_m": 2.4862948494,
        "tz_m": 1.4700558188,
        "num_interior_pts": 5
    },
    {
        "timestamp_ns": 315972366160047000,
        "track_uuid": "6a7c7ea3-ef7e-4e8e-90a4-ff119a57280b",
        "category": "REGULAR_VEHICLE",
        "length_m": 4.03,
        "width_m": 1.74,
        "height_m": 1.41,
        "qw": -0.0006494756,
        "qx": 0.0,
        "qy": 0.0,
        "qz": 0.9999997891,
        "tx_m": -132.6742563395,
        "ty_m": 7.0778240247,
        "tz_m": 1.5823231553,
        "num_interior_pts": 2
    },
    {
        "timestamp_ns": 315972366259580000,
        "track_uuid": "867f5ee7-9b36-4c0c-87c3-cb8c8c837348",
        "category": "REGULAR_VEHICLE",
        "length_m": 4.03,
        "width_m": 1.8432285786,
        "height_m": 1.7129096985,
        "qw": 0.0015013882,
        "qx": 0.0,
        "qy": 0.0,
        "qz": 0.9999988729,
        "tx_m": -83.4301308831,
        "ty_m": 3.0955607177,
        "tz_m": 1.2596063464,
        "num_interior_pts": 3
    },
    {
        "timestamp_ns": 315972366359776000,
        "track_uuid": "9232e370-6338-4057-8cd7-fa246fffc879",
        "category": "REGULAR_VEHICLE",
        "length_m": 4.03,
        "width_m": 1.74,
        "height_m": 1.41,
        "qw": 0.9999945799,
        "qx": 0.0,
        "qy": 0.0,
        "qz": -0.0032924293,
        "tx_m": -83.6508101307,
        "ty_m": -2.4647146038,
        "tz_m": 1.119545749,
        "num_interior_pts": 0
    },
    {
        "timestamp_ns": 315972366459972000,
        "track_uuid": "9c2b808e-0a62-473d-acb6-d15117f97723",
        "category": "REGULAR_VEHICLE",
        "length_m": 4.03,
        "width_m": 2.1483724117,
        "height_m": 1.7079162598,
        "qw": -0.0010617197,
        "qx": 0.0,
        "qy": 0.0,
        "qz": 0.9999994364,
        "tx_m": 187.3576690963,
        "ty_m": 5.3194786313,
        "tz_m": -0.9008684721,
        "num_interior_pts": 2
    },
    {
        "timestamp_ns": 315972366560169000,
        "track_uuid": "ba71e820-fdf9-41f7-890e-4b9367e68c11",
        "category": "REGULAR_VEHICLE",
        "length_m": 4.3554859161,
        "width_m": 1.8201403618,
        "height_m": 1.4995002747,
        "qw": 0.782258873,
        "qx": 0.0,
        "qy": 0.0,
        "qz": -0.622953494,
        "tx_m": 66.7654259766,
        "ty_m": -23.0553946205,
        "tz_m": 0.7041192886,
        "num_interior_pts": 7
    },
    {
        "timestamp_ns": 315972366659701000,
        "track_uuid": "d8d30be4-6853-4fe8-a9d0-4e3aac4ea423",
        "category": "REGULAR_VEHICLE",
        "length_m": 4.3008012772,
        "width_m": 1.7423973083,
        "height_m": 1.7779903412,
        "qw": 0.9999912342,
        "qx": 0.0,
        "qy": 0.0,
        "qz": 0.004187077,
        "tx_m": -7.893893117,
        "ty_m": -2.9899953003,
        "tz_m": 0.7044150763,
        "num_interior_pts": 1173
    },
    {
        "timestamp_ns": 315972366759898000,
        "track_uuid": "e4c1335e-6369-4ba7-8c57-c6453adc713e",
        "category": "REGULAR_VEHICLE",
        "length_m": 4.3358955383,
        "width_m": 1.74,
        "height_m": 1.7044773102,
        "qw": 0.0021512699,
        "qx": 0.0,
        "qy": 0.0,
        "qz": 0.999997686,
        "tx_m": 11.5562249206,
        "ty_m": 6.0727324727,
        "tz_m": 0.3392171062,
        "num_interior_pts": 864
    },
    {
        "timestamp_ns": 315972366860094000,
        "track_uuid": "fa021241-c338-4793-a3ef-306ae5357890",
        "category": "REGULAR_VEHICLE",
        "length_m": 4.3192281723,
        "width_m": 1.74,
        "height_m": 1.7039299011,
        "qw": 0.0048238867,
        "qx": 0.0,
        "qy": 0.0,
        "qz": 0.999988365,
        "tx_m": -5.8416563455,
        "ty_m": 6.0244136229,
        "tz_m": 0.4588211162,
        "num_interior_pts": 1342
    },
    {
        "timestamp_ns": 315972366960290000,
        "track_uuid": "fbaadc33-970f-46ca-842c-7a7b1044f961",
        "category": "REGULAR_VEHICLE",
        "length_m": 4.03,
        "width_m": 1.74,
        "height_m": 1.41,
        "qw": 0.6156447651,
        "qx": 0.0,
        "qy": 0.0,
        "qz": 0.7880238088,
        "tx_m": -27.7769741359,
        "ty_m": -42.3188218426,
        "tz_m": 1.4528045278,
        "num_interior_pts": 4
    },
    {
        "timestamp_ns": 315972367059807000,
        "track_uuid": "0aed9c7e-a29d-414e-b788-aad1c337864c",
        "category": "STOP_SIGN",
        "length_m": 0.3691468239,
        "width_m": 1.6307547092,
        "height_m": 2.4136428833,
        "qw": 0.9999993607,
        "qx": 0.0,
        "qy": 0.0,
        "qz": -0.0011307569,
        "tx_m": -197.5629030526,
        "ty_m": 7.2710269452,
        "tz_m": 3.0376588028,
        "num_interior_pts": 2
    },
    {
        "timestamp_ns": 315972367160004000,
        "track_uuid": "3bfe0808-4ca3-479c-85a0-2ec1006b71f7",
        "category": "STOP_SIGN",
        "length_m": 0.1579400301,
        "width_m": 0.9355026484,
        "height_m": 3.2028083801,
        "qw": -0.0014731481,
        "qx": 0.0,
        "qy": 0.0,
        "qz": 0.9999989149,
        "tx_m": -54.7614087005,
        "ty_m": -2.5947084839,
        "tz_m": 2.2791918302,
        "num_interior_pts": 12
    },
    {
        "timestamp_ns": 315972367260200000,
        "track_uuid": "3bfe0808-4ca3-479c-85a0-2ec1006b71f7",
        "category": "STOP_SIGN",
        "length_m": 0.1579400301,
        "width_m": 0.9355026484,
        "height_m": 3.2028083801,
        "qw": -0.0017726232,
        "qx": 0.0,
        "qy": 0.0,
        "qz": 0.9999984289,
        "tx_m": -55.6259860373,
        "ty_m": -2.6406713597,
        "tz_m": 2.3690450275,
        "num_interior_pts": 8
    },
    {
        "timestamp_ns": 315972367359733000,
        "track_uuid": "3bfe0808-4ca3-479c-85a0-2ec1006b71f7",
        "category": "STOP_SIGN",
        "length_m": 0.1579400301,
        "width_m": 0.9355026484,
        "height_m": 3.2028083801,
        "qw": -0.0021503759,
        "qx": 0.0,
        "qy": 0.0,
        "qz": 0.9999976879,
        "tx_m": -56.469055399,
        "ty_m": -2.6928606248,
        "tz_m": 2.3865845521,
        "num_interior_pts": 9
    },
    {
        "timestamp_ns": 315972367459929000,
        "track_uuid": "fbaadc33-970f-46ca-842c-7a7b1044f961",
        "category": "REGULAR_VEHICLE",
        "length_m": 4.03,
        "width_m": 1.74,
        "height_m": 1.41,
        "qw": 0.6142045529,
        "qx": 0.0,
        "qy": 0.0,
        "qz": 0.7891468603,
        "tx_m": -31.8688271621,
        "ty_m": -42.4932989821,
        "tz_m": 1.2548249218,
        "num_interior_pts": 14
    },
    {
        "timestamp_ns": 315972367560125000,
        "track_uuid": "fb4f81b0-fa9f-4949-98a4-ccfff133d036",
        "category": "REGULAR_VEHICLE",
        "length_m": 4.4578447342,
        "width_m": 1.74,
        "height_m": 1.5535144806,
        "qw": 0.9999999949,
        "qx": 0.0,
        "qy": 0.0,
        "qz": -0.0001013185,
        "tx_m": 30.5501609721,
        "ty_m": -3.255696467,
        "tz_m": 0.2211461574,
        "num_interior_pts": 102
    },
    {
        "timestamp_ns": 315972367659658000,
        "track_uuid": "fa021241-c338-4793-a3ef-306ae5357890",
        "category": "REGULAR_VEHICLE",
        "length_m": 4.3192281723,
        "width_m": 1.74,
        "height_m": 1.7039299011,
        "qw": 0.0018796675,
        "qx": 0.0,
        "qy": 0.0,
        "qz": 0.9999982334,
        "tx_m": -12.6719751948,
        "ty_m": 5.9277780167,
        "tz_m": 0.6574618807,
        "num_interior_pts": 799
    },
    {
        "timestamp_ns": 315972367759855000,
        "track_uuid": "f0a8bed4-d098-4e82-90ca-ec3197eef58d",
        "category": "REGULAR_VEHICLE",
        "length_m": 5.2870645523,
        "width_m": 2.0890367031,
        "height_m": 2.5157,
        "qw": 0.9999973993,
        "qx": 0.0,
        "qy": 0.0,
        "qz": -0.0022806754,
        "tx_m": -76.6682433468,
        "ty_m": -3.4351256002,
        "tz_m": 1.7444647659,
        "num_interior_pts": 14
    },
    {
        "timestamp_ns": 315972367860051000,
        "track_uuid": "e6c3c273-6f8b-411c-b523-d1257e78cd41",
        "category": "REGULAR_VEHICLE",
        "length_m": 4.8260941505,
        "width_m": 1.74,
        "height_m": 1.6093769073,
        "qw": 0.6257335235,
        "qx": 0.0,
        "qy": 0.0,
        "qz": 0.780036895,
        "tx_m": -42.8207311306,
        "ty_m": -26.6162857576,
        "tz_m": 1.1845147035,
        "num_interior_pts": 43
    },
    {
        "timestamp_ns": 315972367959584000,
        "track_uuid": "e4c12cb3-3e67-40c2-b419-bf1681aec2c3",
        "category": "REGULAR_VEHICLE",
        "length_m": 4.03,
        "width_m": 1.74,
        "height_m": 2.0337772369,
        "qw": 0.7071760965,
        "qx": 0.0,
        "qy": 0.0,
        "qz": 0.7070374591,
        "tx_m": 127.8175319338,
        "ty_m": 18.0289010727,
        "tz_m": -0.1322108665,
        "num_interior_pts": 0
    },
    {
        "timestamp_ns": 315972368059764000,
        "track_uuid": "d8d30be4-6853-4fe8-a9d0-4e3aac4ea423",
        "category": "REGULAR_VEHICLE",
        "length_m": 4.3008012772,
        "width_m": 1.7423973083,
        "height_m": 1.7779903412,
        "qw": 0.9999677398,
        "qx": 0.0,
        "qy": 0.0,
        "qz": 0.0080323958,
        "tx_m": -19.9473979243,
        "ty_m": -3.2371394825,
        "tz_m": 0.8961678116,
        "num_interior_pts": 295
    },
    {
        "timestamp_ns": 315972368159960000,
        "track_uuid": "c5c4f4ef-c001-4735-bfa4-99b42142c34b",
        "category": "REGULAR_VEHICLE",
        "length_m": 4.03,
        "width_m": 1.74,
        "height_m": 2.0289001465,
        "qw": 0.7121908081,
        "qx": 0.0,
        "qy": 0.0,
        "qz": 0.701985935,
        "tx_m": 94.2275156674,
        "ty_m": 17.625214854,
        "tz_m": -0.1516899831,
        "num_interior_pts": 0
    },
    {
        "timestamp_ns": 315972368260157000,
        "track_uuid": "bd251b31-53ff-4d10-828e-c49a52312a7d",
        "category": "REGULAR_VEHICLE",
        "length_m": 4.03,
        "width_m": 1.74,
        "height_m": 1.670135498,
        "qw": -0.0017885687,
        "qx": 0.0,
        "qy": 0.0,
        "qz": 0.9999984005,
        "tx_m": 179.404861938,
        "ty_m": 6.5239412527,
        "tz_m": -2.0033128386,
        "num_interior_pts": 0
    },
    {
        "timestamp_ns": 315972368359689000,
        "track_uuid": "bd251b31-53ff-4d10-828e-c49a52312a7d",
        "category": "REGULAR_VEHICLE",
        "length_m": 4.03,
        "width_m": 1.74,
        "height_m": 1.670135498,
        "qw": -0.0020311467,
        "qx": 0.0,
        "qy": 0.0,
        "qz": 0.9999979372,
        "tx_m": 178.5210922189,
        "ty_m": 6.605697849,
        "tz_m": -2.0886496315,
        "num_interior_pts": 0
    },
    {
        "timestamp_ns": 315972368459886000,
        "track_uuid": "bd251b31-53ff-4d10-828e-c49a52312a7d",
        "category": "REGULAR_VEHICLE",
        "length_m": 4.03,
        "width_m": 1.74,
        "height_m": 1.670135498,
        "qw": -0.0022811822,
        "qx": 0.0,
        "qy": 0.0,
        "qz": 0.9999973981,
        "tx_m": 177.6126709004,
        "ty_m": 6.6898154275,
        "tz_m": -2.1743553519,
        "num_interior_pts": 1
    },
    {
        "timestamp_ns": 315972368560082000,
        "track_uuid": "bd251b31-53ff-4d10-828e-c49a52312a7d",
        "category": "REGULAR_VEHICLE",
        "length_m": 4.03,
        "width_m": 1.74,
        "height_m": 1.670135498,
        "qw": -0.0024913036,
        "qx": 0.0,
        "qy": 0.0,
        "qz": 0.9999968967,
        "tx_m": 176.7255597476,
        "ty_m": 6.7588353633,
        "tz_m": -2.30053622,
        "num_interior_pts": 1
    },
    {
        "timestamp_ns": 315972368659615000,
        "track_uuid": "bd2ffd37-a527-4964-9cd4-9f91be6fae43",
        "category": "REGULAR_VEHICLE",
        "length_m": 4.1322851181,
        "width_m": 1.9727071524,
        "height_m": 1.4651985168,
        "qw": 0.0125976619,
        "qx": 0.0,
        "qy": 0.0,
        "qz": 0.9999206463,
        "tx_m": -75.5818207728,
        "ty_m": 6.1241698874,
        "tz_m": 1.4836199409,
        "num_interior_pts": 10
    },
    {
        "timestamp_ns": 315972368759811000,
        "track_uuid": "c5c4f4ef-c001-4735-bfa4-99b42142c34b",
        "category": "REGULAR_VEHICLE",
        "length_m": 4.03,
        "width_m": 1.74,
        "height_m": 2.0289001465,
        "qw": 0.7133218497,
        "qx": 0.0,
        "qy": 0.0,
        "qz": 0.7008365992,
        "tx_m": 88.948356531,
        "ty_m": 17.7815454086,
        "tz_m": -0.1504705486,
        "num_interior_pts": 0
    },
    {
        "timestamp_ns": 315972368860008000,
        "track_uuid": "d8d30be4-6853-4fe8-a9d0-4e3aac4ea423",
        "category": "REGULAR_VEHICLE",
        "length_m": 4.3008012772,
        "width_m": 1.7423973083,
        "height_m": 1.7779903412,
        "qw": 0.9999577121,
        "qx": 0.0,
        "qy": 0.0,
        "qz": 0.0091964166,
        "tx_m": -26.9848830321,
        "ty_m": -3.314199905,
        "tz_m": 0.9373150857,
        "num_interior_pts": 152
    },
    {
        "timestamp_ns": 315972368960204000,
        "track_uuid": "e4636852-1726-4f30-a309-ecd1f9075be1",
        "category": "REGULAR_VEHICLE",
        "length_m": 5.6474132538,
        "width_m": 2.0085935593,
        "height_m": 1.8571586609,
        "qw": 0.9999951469,
        "qx": 0.0,
        "qy": 0.0,
        "qz": 0.0031154775,
        "tx_m": 4.136457375,
        "ty_m": -3.0308786175,
        "tz_m": 0.6008516592,
        "num_interior_pts": 3907
    },
    {
        "timestamp_ns": 315972369059720000,
        "track_uuid": "e4c1335e-6369-4ba7-8c57-c6453adc713e",
        "category": "REGULAR_VEHICLE",
        "length_m": 4.3358955383,
        "width_m": 1.74,
        "height_m": 1.7044773102,
        "qw": -0.0027205971,
        "qx": 0.0,
        "qy": 0.0,
        "qz": 0.9999962992,
        "tx_m": -8.4375502581,
        "ty_m": 5.9285887124,
        "tz_m": 0.4965251123,
        "num_interior_pts": 1080
    },
    {
        "timestamp_ns": 315972369159916000,
        "track_uuid": "e4c1335e-6369-4ba7-8c57-c6453adc713e",
        "category": "REGULAR_VEHICLE",
        "length_m": 4.3358955383,
        "width_m": 1.74,
        "height_m": 1.7044773102,
        "qw": -0.0028478143,
        "qx": 0.0,
        "qy": 0.0,
        "qz": 0.999995945,
        "tx_m": -9.3284256631,
        "ty_m": 5.9237583135,
        "tz_m": 0.5162816834,
        "num_interior_pts": 959
    },
    {
        "timestamp_ns": 315972369260112000,
        "track_uuid": "e4c12cb3-3e67-40c2-b419-bf1681aec2c3",
        "category": "REGULAR_VEHICLE",
        "length_m": 4.03,
        "width_m": 1.74,
        "height_m": 2.0337772369,
        "qw": 0.7066926941,
        "qx": 0.0,
        "qy": 0.0,
        "qz": 0.7075206259,
        "tx_m": 116.245885301,
        "ty_m": 18.5556359631,
        "tz_m": -0.2117969302,
        "num_interior_pts": 0
    },
    {
        "timestamp_ns": 315972369359645000,
        "track_uuid": "e4c12cb3-3e67-40c2-b419-bf1681aec2c3",
        "category": "REGULAR_VEHICLE",
        "length_m": 4.03,
        "width_m": 1.74,
        "height_m": 2.0337772369,
        "qw": 0.7057181018,
        "qx": 0.0,
        "qy": 0.0,
        "qz": 0.7084927387,
        "tx_m": 115.3500972879,
        "ty_m": 18.5886107539,
        "tz_m": 0.1339184676,
        "num_interior_pts": 1
    },
    {
        "timestamp_ns": 315972369459842000,
        "track_uuid": "e4c12cb3-3e67-40c2-b419-bf1681aec2c3",
        "category": "REGULAR_VEHICLE",
        "length_m": 4.03,
        "width_m": 1.74,
        "height_m": 2.0337772369,
        "qw": 0.7072742342,
        "qx": 0.0,
        "qy": 0.0,
        "qz": 0.7069392885,
        "tx_m": 114.4586393441,
        "ty_m": 18.6259379874,
        "tz_m": 0.2240008719,
        "num_interior_pts": 0
    },
    {
        "timestamp_ns": 315972369560038000,
        "track_uuid": "e4636852-1726-4f30-a309-ecd1f9075be1",
        "category": "REGULAR_VEHICLE",
        "length_m": 5.6474132538,
        "width_m": 2.0085935593,
        "height_m": 1.8571586609,
        "qw": 0.9999917748,
        "qx": 0.0,
        "qy": 0.0,
        "qz": 0.0040558902,
        "tx_m": -1.1526908626,
        "ty_m": -3.1115485288,
        "tz_m": 0.6349742684,
        "num_interior_pts": 4408
    },
    {
        "timestamp_ns": 315972369659571000,
        "track_uuid": "d8d30be4-6853-4fe8-a9d0-4e3aac4ea423",
        "category": "REGULAR_VEHICLE",
        "length_m": 4.3008012772,
        "width_m": 1.7423973083,
        "height_m": 1.7779903412,
        "qw": 0.9999471274,
        "qx": 0.0,
        "qy": 0.0,
        "qz": 0.0102831087,
        "tx_m": -34.0450262501,
        "ty_m": -3.3935566299,
        "tz_m": 0.9638726805,
        "num_interior_pts": 98
    },
    {
        "timestamp_ns": 315972369759767000,
        "track_uuid": "cf8f4421-414c-418c-b401-a77259e65aab",
        "category": "REGULAR_VEHICLE",
        "length_m": 4.03,
        "width_m": 2.3103723526,
        "height_m": 1.41,
        "qw": 0.9999383917,
        "qx": 0.0,
        "qy": 0.0,
        "qz": -0.0111001257,
        "tx_m": 114.9741085662,
        "ty_m": -2.9486648083,
        "tz_m": -0.8877190795,
        "num_interior_pts": 0
    },
    {
        "timestamp_ns": 315972369859963000,
        "track_uuid": "c5c4f4ef-c001-4735-bfa4-99b42142c34b",
        "category": "REGULAR_VEHICLE",
        "length_m": 4.03,
        "width_m": 1.74,
        "height_m": 2.0289001465,
        "qw": 0.7153906947,
        "qx": 0.0,
        "qy": 0.0,
        "qz": 0.6987246625,
        "tx_m": 79.2009244691,
        "ty_m": 17.9986293086,
        "tz_m": -0.0040894204,
        "num_interior_pts": 0
    },
    {
        "timestamp_ns": 315972369960160000,
        "track_uuid": "bd2ffd37-a527-4964-9cd4-9f91be6fae43",
        "category": "REGULAR_VEHICLE",
        "length_m": 4.1322851181,
        "width_m": 1.9727071524,
        "height_m": 1.4651985168,
        "qw": 0.0111864428,
        "qx": 0.0,
        "qy": 0.0,
        "qz": 0.9999374298,
        "tx_m": -87.0849392803,
        "ty_m": 5.8783244071,
        "tz_m": 1.4247581078,
        "num_interior_pts": 6
    },
    {
        "timestamp_ns": 315972370059676000,
        "track_uuid": "ba71e820-fdf9-41f7-890e-4b9367e68c11",
        "category": "REGULAR_VEHICLE",
        "length_m": 4.3554859161,
        "width_m": 1.8201403618,
        "height_m": 1.4995002747,
        "qw": 0.7862161499,
        "qx": 0.0,
        "qy": 0.0,
        "qz": -0.6179515884,
        "tx_m": 36.5503399669,
        "ty_m": -22.5525576359,
        "tz_m": 0.2605091243,
        "num_interior_pts": 74
    },
    {
        "timestamp_ns": 315972370159873000,
        "track_uuid": "9cc04611-259f-420a-bc4a-be8ea637cb37",
        "category": "REGULAR_VEHICLE",
        "length_m": 4.3767652512,
        "width_m": 1.8151150942,
        "height_m": 1.7815208435,
        "qw": -0.0038773107,
        "qx": 0.0,
        "qy": 0.0,
        "qz": 0.9999924832,
        "tx_m": -41.0759684338,
        "ty_m": 5.8380688108,
        "tz_m": 0.9170025422,
        "num_interior_pts": 43
    },
    {
        "timestamp_ns": 315972370260069000,
        "track_uuid": "988a6288-045d-4a36-b87c-057a66c99c69",
        "category": "REGULAR_VEHICLE",
        "length_m": 4.1760263443,
        "width_m": 1.8142756224,
        "height_m": 1.4887866974,
        "qw": -0.0103781729,
        "qx": 0.0,
        "qy": 0.0,
        "qz": 0.9999461453,
        "tx_m": 6.1643326996,
        "ty_m": 5.847219473,
        "tz_m": 0.2654326889,
        "num_interior_pts": 1048
    },
    {
        "timestamp_ns": 315972370359602000,
        "track_uuid": "8ca7a7f3-3d8f-4f6e-af5f-c5cd8d391719",
        "category": "REGULAR_VEHICLE",
        "length_m": 4.1343626976,
        "width_m": 1.8463368416,
        "height_m": 1.498336792,
        "qw": 0.9999981422,
        "qx": 0.0,
        "qy": 0.0,
        "qz": 0.0019276103,
        "tx_m": 57.1255124996,
        "ty_m": -3.1880734477,
        "tz_m": -0.2003875104,
        "num_interior_pts": 27
    },
    {
        "timestamp_ns": 315972370459798000,
        "track_uuid": "867f5ee7-9b36-4c0c-87c3-cb8c8c837348",
        "category": "REGULAR_VEHICLE",
        "length_m": 4.03,
        "width_m": 1.8432285786,
        "height_m": 1.7129096985,
        "qw": -0.001829349,
        "qx": 0.0,
        "qy": 0.0,
        "qz": 0.9999983267,
        "tx_m": -135.8178515936,
        "ty_m": 2.0243376768,
        "tz_m": 2.1356592397,
        "num_interior_pts": 4
    },
    {
        "timestamp_ns": 315972370559995000,
        "track_uuid": "8ca7a7f3-3d8f-4f6e-af5f-c5cd8d391719",
        "category": "REGULAR_VEHICLE",
        "length_m": 4.1343626976,
        "width_m": 1.8463368416,
        "height_m": 1.498336792,
        "qw": 0.9999999496,
        "qx": 0.0,
        "qy": 0.0,
        "qz": 0.0003175978,
        "tx_m": 55.3419420534,
        "ty_m": -3.3764885637,
        "tz_m": -0.091653403,
        "num_interior_pts": 22
    },
    {
        "timestamp_ns": 315972370660191000,
        "track_uuid": "8ca7a7f3-3d8f-4f6e-af5f-c5cd8d391719",
        "category": "REGULAR_VEHICLE",
        "length_m": 4.1343626976,
        "width_m": 1.8463368416,
        "height_m": 1.498336792,
        "qw": 0.9999998053,
        "qx": 0.0,
        "qy": 0.0,
        "qz": -0.0006239908,
        "tx_m": 54.4494474025,
        "ty_m": -3.4815410777,
        "tz_m": -0.0395319748,
        "num_interior_pts": 21
    },
    {
        "timestamp_ns": 315972370759724000,
        "track_uuid": "867f5ee7-9b36-4c0c-87c3-cb8c8c837348",
        "category": "REGULAR_VEHICLE",
        "length_m": 4.03,
        "width_m": 1.8432285786,
        "height_m": 1.7129096985,
        "qw": 0.0010931502,
        "qx": 0.0,
        "qy": 0.0,
        "qz": 0.9999994025,
        "tx_m": -139.4721453574,
        "ty_m": 2.8223125032,
        "tz_m": 1.930466232,
        "num_interior_pts": 4
    },
    {
        "timestamp_ns": 315972370859920000,
        "track_uuid": "867f5ee7-9b36-4c0c-87c3-cb8c8c837348",
        "category": "REGULAR_VEHICLE",
        "length_m": 4.03,
        "width_m": 1.8432285786,
        "height_m": 1.7129096985,
        "qw": 0.0021642211,
        "qx": 0.0,
        "qy": 0.0,
        "qz": 0.9999976581,
        "tx_m": -140.6886225556,
        "ty_m": 3.1254055562,
        "tz_m": 1.9130088401,
        "num_interior_pts": 2
    },
    {
        "timestamp_ns": 315972370960116000,
        "track_uuid": "7b9b0892-e0b8-4242-98c8-4935046639f8",
        "category": "REGULAR_VEHICLE",
        "length_m": 4.03,
        "width_m": 1.74,
        "height_m": 1.4713516235,
        "qw": 0.0178014152,
        "qx": 0.0,
        "qy": 0.0,
        "qz": 0.9998415423,
        "tx_m": -137.3656754332,
        "ty_m": 7.3644176021,
        "tz_m": 1.7455501861,
        "num_interior_pts": 0
    },
    {
        "timestamp_ns": 315972371059632000,
        "track_uuid": "750e3249-5d41-4c33-8cb3-97fb71a23517",
        "category": "REGULAR_VEHICLE",
        "length_m": 4.03,
        "width_m": 2.0923044682,
        "height_m": 1.41,
        "qw": 0.999877659,
        "qx": 0.0,
        "qy": 0.0,
        "qz": -0.0156418369,
        "tx_m": 148.3418422488,
        "ty_m": -5.6295471087,
        "tz_m": -1.2179178781,
        "num_interior_pts": 3
    },
    {
        "timestamp_ns": 315972371159829000,
        "track_uuid": "6a691b96-9c40-477d-8e2d-37546acbc86e",
        "category": "REGULAR_VEHICLE",
        "length_m": 4.03,
        "width_m": 1.9550218582,
        "height_m": 1.6150054932,
        "qw": 0.6173369241,
        "qx": 0.0,
        "qy": 0.0,
        "qz": 0.7866988764,
        "tx_m": 44.3360231357,
        "ty_m": -59.1844877653,
        "tz_m": 0.9491239511,
        "num_interior_pts": 14
    },
    {
        "timestamp_ns": 315972371260025000,
        "track_uuid": "5f3d0f1f-c160-4513-989a-0332448fb57a",
        "category": "REGULAR_VEHICLE",
        "length_m": 4.4872093201,
        "width_m": 2.0727174282,
        "height_m": 1.4711952209,
        "qw": 0.6177626512,
        "qx": 0.0,
        "qy": 0.0,
        "qz": 0.7863646144,
        "tx_m": 44.8437975201,
        "ty_m": -66.4700198173,
        "tz_m": 1.1174179,
        "num_interior_pts": 8
    },
    {
        "timestamp_ns": 315972371360221000,
        "track_uuid": "4fc6d1b5-3eaa-46df-8e51-33c1281bcbee",
        "category": "REGULAR_VEHICLE",
        "length_m": 4.03,
        "width_m": 1.74,
        "height_m": 1.6001815796,
        "qw": -0.0026129091,
        "qx": 0.0,
        "qy": 0.0,
        "qz": 0.9999965863,
        "tx_m": -160.2280431744,
        "ty_m": 5.8047252745,
        "tz_m": 2.1231448888,
        "num_interior_pts": 0
    },
    {
        "timestamp_ns": 315972371459754000,
        "track_uuid": "42730427-36f6-4176-bc41-6fe57fe47dc5",
        "category": "REGULAR_VEHICLE",
        "length_m": 4.5973629951,
        "width_m": 1.8262245655,
        "height_m": 1.9639205933,
        "qw": 0.9999977767,
        "qx": 0.0,
        "qy": 0.0,
        "qz": 0.0021087134,
        "tx_m": -138.4483089106,
        "ty_m": -0.2900578244,
        "tz_m": 2.0815582748,
        "num_interior_pts": 0
    },
    {
        "timestamp_ns": 315972371559950000,
        "track_uuid": "2325c400-3b95-4c7a-be11-8823b616fd7d",
        "category": "REGULAR_VEHICLE",
        "length_m": 4.2729005814,
        "width_m": 1.828310132,
        "height_m": 1.6530380249,
        "qw": 0.9980488021,
        "qx": 0.0,
        "qy": 0.0,
        "qz": 0.0624386788,
        "tx_m": -59.8024131252,
        "ty_m": -1.8736455654,
        "tz_m": 1.1138088858,
        "num_interior_pts": 0
    },
    {
        "timestamp_ns": 315972371660147000,
        "track_uuid": "16c45345-cf7d-4267-b004-1d1e920c7c36",
        "category": "REGULAR_VEHICLE",
        "length_m": 4.2348690033,
        "width_m": 1.75745821,
        "height_m": 1.7981014252,
        "qw": 0.999722064,
        "qx": 0.0,
        "qy": 0.0,
        "qz": -0.023575301,
        "tx_m": -116.9977674728,
        "ty_m": -0.0692888501,
        "tz_m": 1.8072930335,
        "num_interior_pts": 1
    },
    {
        "timestamp_ns": 315972371759679000,
        "track_uuid": "08a11016-72d4-4c20-860b-b36036ba692a",
        "category": "REGULAR_VEHICLE",
        "length_m": 4.374671936,
        "width_m": 1.74,
        "height_m": 1.4617156982,
        "qw": 0.9998720861,
        "qx": 0.0,
        "qy": 0.0,
        "qz": -0.0159941089,
        "tx_m": -32.6742274376,
        "ty_m": -2.0186517928,
        "tz_m": 0.6360378721,
        "num_interior_pts": 32
    },
    {
        "timestamp_ns": 315972371859876000,
        "track_uuid": "e08a9ff3-3c86-4495-ac32-b85df613e336",
        "category": "PEDESTRIAN",
        "length_m": 0.7345693111,
        "width_m": 0.7765615582,
        "height_m": 1.7221183777,
        "qw": -0.3558022931,
        "qx": 0.0,
        "qy": 0.0,
        "qz": 0.934561249,
        "tx_m": -100.3149663995,
        "ty_m": -3.5652097557,
        "tz_m": 1.5637619809,
        "num_interior_pts": 0
    },
    {
        "timestamp_ns": 315972371960072000,
        "track_uuid": "6849ecf4-184a-4ffb-946d-790a05ef2d5d",
        "category": "PEDESTRIAN",
        "length_m": 0.6,
        "width_m": 0.6256757379,
        "height_m": 1.856803894,
        "qw": 0.9825329704,
        "qx": 0.0,
        "qy": 0.0,
        "qz": 0.1860885865,
        "tx_m": -108.9672533655,
        "ty_m": -6.0300949545,
        "tz_m": 1.6260432194,
        "num_interior_pts": 1
    },
    {
        "timestamp_ns": 315972372060252000,
        "track_uuid": "d927b137-866a-4052-ab5f-18578325c6bb",
        "category": "CONSTRUCTION_CONE",
        "length_m": 0.4958146811,
        "width_m": 0.2096,
        "height_m": 1.0523910522,
        "qw": -0.6895409944,
        "qx": 0.0,
        "qy": 0.0,
        "qz": 0.7242466548,
        "tx_m": 19.3603317366,
        "ty_m": 4.5904669074,
        "tz_m": 0.1680915368,
        "num_interior_pts": 12
    },
    {
        "timestamp_ns": 315972372159785000,
        "track_uuid": "4229c0a6-64c1-4151-8902-53c27d56a651",
        "category": "BOLLARD",
        "length_m": 0.2796580791,
        "width_m": 0.3353719711,
        "height_m": 1.1041603088,
        "qw": 0.302340738,
        "qx": 0.0,
        "qy": 0.0,
        "qz": 0.9531999151,
        "tx_m": 29.3724943493,
        "ty_m": -8.6163008562,
        "tz_m": 0.2305700864,
        "num_interior_pts": 7
    },
    {
        "timestamp_ns": 315972372259982000,
        "track_uuid": "d3d18b6c-bb3c-4834-8500-774416106466",
        "category": "STOP_SIGN",
        "length_m": 0.2205726206,
        "width_m": 0.7280489206,
        "height_m": 3.0880088806,
        "qw": 0.8419123849,
        "qx": 0.0,
        "qy": 0.0,
        "qz": -0.5396142475,
        "tx_m": -80.1926178843,
        "ty_m": -7.0497439905,
        "tz_m": 2.1594166803,
        "num_interior_pts": 0
    },
    {
        "timestamp_ns": 315972372360178000,
        "track_uuid": "fa021241-c338-4793-a3ef-306ae5357890",
        "category": "REGULAR_VEHICLE",
        "length_m": 4.3192281723,
        "width_m": 1.74,
        "height_m": 1.7039299011,
        "qw": 0.0139657364,
        "qx": 0.0,
        "qy": 0.0,
        "qz": 0.9999024743,
        "tx_m": -52.0617260188,
        "ty_m": 7.0215180281,
        "tz_m": 0.8036847432,
        "num_interior_pts": 30
    },
    {
        "timestamp_ns": 315972372460374000,
        "track_uuid": "e00cfce8-a12c-4734-956f-828eabd8859d",
        "category": "REGULAR_VEHICLE",
        "length_m": 4.03,
        "width_m": 2.0889384747,
        "height_m": 1.6867771149,
        "qw": 0.0067448809,
        "qx": 0.0,
        "qy": 0.0,
        "qz": 0.999977253,
        "tx_m": 60.7849494566,
        "ty_m": 4.8506335447,
        "tz_m": 0.0042870482,
        "num_interior_pts": 27
    },
    {
        "timestamp_ns": 315972372559907000,
        "track_uuid": "ba71e820-fdf9-41f7-890e-4b9367e68c11",
        "category": "REGULAR_VEHICLE",
        "length_m": 4.3554859161,
        "width_m": 1.8201403618,
        "height_m": 1.4995002747,
        "qw": 0.7812198924,
        "qx": 0.0,
        "qy": 0.0,
        "qz": -0.6242559409,
        "tx_m": 16.3818540993,
        "ty_m": -23.2529624093,
        "tz_m": 0.4298413465,
        "num_interior_pts": 160
    },
    {
        "timestamp_ns": 315972372660103000,
        "track_uuid": "8ca7a7f3-3d8f-4f6e-af5f-c5cd8d391719",
        "category": "REGULAR_VEHICLE",
        "length_m": 4.1343626976,
        "width_m": 1.8463368416,
        "height_m": 1.498336792,
        "qw": 0.9999999196,
        "qx": 0.0,
        "qy": 0.0,
        "qz": 0.0004009743,
        "tx_m": 39.143667758,
        "ty_m": -3.6473389086,
        "tz_m": 0.243358301,
        "num_interior_pts": 66
    },
    {
        "timestamp_ns": 315972372760300000,
        "track_uuid": "6a691b96-9c40-477d-8e2d-37546acbc86e",
        "category": "REGULAR_VEHICLE",
        "length_m": 4.03,
        "width_m": 1.9550218582,
        "height_m": 1.6150054932,
        "qw": 0.6063997199,
        "qx": 0.0,
        "qy": 0.0,
        "qz": 0.7951599712,
        "tx_m": 34.301667244,
        "ty_m": -58.5484153686,
        "tz_m": 0.3871567539,
        "num_interior_pts": 8
    },
    {
        "timestamp_ns": 315972372859833000,
        "track_uuid": "4fc6d1b5-3eaa-46df-8e51-33c1281bcbee",
        "category": "REGULAR_VEHICLE",
        "length_m": 4.03,
        "width_m": 1.74,
        "height_m": 1.6001815796,
        "qw": -0.0127367035,
        "qx": 0.0,
        "qy": 0.0,
        "qz": 0.9999188849,
        "tx_m": -174.3211550556,
        "ty_m": -2.8074150822,
        "tz_m": 1.4169141378,
        "num_interior_pts": 1
    },
    {
        "timestamp_ns": 315972372960029000,
        "track_uuid": "2325c400-3b95-4c7a-be11-8823b616fd7d",
        "category": "REGULAR_VEHICLE",
        "length_m": 4.2729005814,
        "width_m": 1.828310132,
        "height_m": 1.6530380249,
        "qw": 0.9901570922,
        "qx": 0.0,
        "qy": 0.0,
        "qz": 0.1399604685,
        "tx_m": -69.1727737299,
        "ty_m": -7.0401276686,
        "tz_m": 0.6750974912,
        "num_interior_pts": 0
    },
    {
        "timestamp_ns": 315972373060208000,
        "track_uuid": "08a11016-72d4-4c20-860b-b36036ba692a",
        "category": "REGULAR_VEHICLE",
        "length_m": 4.374671936,
        "width_m": 1.74,
        "height_m": 1.4617156982,
        "qw": 0.9994553901,
        "qx": 0.0,
        "qy": 0.0,
        "qz": 0.0329988361,
        "tx_m": -41.2829621843,
        "ty_m": -5.9481460605,
        "tz_m": 0.2677513445,
        "num_interior_pts": 9
    },
    {
        "timestamp_ns": 315972373159741000,
        "track_uuid": "ac32e6e9-8ec9-4db9-8842-44c703532d43",
        "category": "PEDESTRIAN",
        "length_m": 0.6,
        "width_m": 0.6928316355,
        "height_m": 1.8122348785,
        "qw": 0.8087458459,
        "qx": 0.0,
        "qy": 0.0,
        "qz": -0.5881582753,
        "tx_m": -71.3926277037,
        "ty_m": -46.3312306033,
        "tz_m": 0.7754498062,
        "num_interior_pts": 0
    },
    {
        "timestamp_ns": 315972373259937000,
        "track_uuid": "37d9d615-c296-4940-9452-3010eb4d8a81",
        "category": "LARGE_VEHICLE",
        "length_m": 5.0997982025,
        "width_m": 3.2392678261,
        "height_m": 2.2127552032,
        "qw": 0.8241958223,
        "qx": 0.0,
        "qy": 0.0,
        "qz": 0.566304906,
        "tx_m": -32.1552689837,
        "ty_m": 7.2507501643,
        "tz_m": 0.5502111775,
        "num_interior_pts": 96
    },
    {
        "timestamp_ns": 315972373359470000,
        "track_uuid": "1f343fc9-7ed4-4b62-a485-27c63c642d78",
        "category": "BOLLARD",
        "length_m": 0.2247822732,
        "width_m": 0.2204620093,
        "height_m": 1.1022186279,
        "qw": 0.9312194259,
        "qx": 0.0,
        "qy": 0.0,
        "qz": 0.3644590249,
        "tx_m": 6.2006466398,
        "ty_m": -6.7119242622,
        "tz_m": 0.4213681534,
        "num_interior_pts": 33
    },
    {
        "timestamp_ns": 315972373459666000,
        "track_uuid": "ff7ba054-549f-42e6-b1a9-2feb125f6999",
        "category": "REGULAR_VEHICLE",
        "length_m": 4.03,
        "width_m": 1.74,
        "height_m": 1.6365318298,
        "qw": 0.8181455073,
        "qx": 0.0,
        "qy": 0.0,
        "qz": -0.5750112424,
        "tx_m": 33.2304926194,
        "ty_m": -71.4985368224,
        "tz_m": 1.0129896542,
        "num_interior_pts": 3
    },
    {
        "timestamp_ns": 315972373559199000,
        "track_uuid": "e6c3c273-6f8b-411c-b523-d1257e78cd41",
        "category": "REGULAR_VEHICLE",
        "length_m": 4.8260941505,
        "width_m": 1.74,
        "height_m": 1.6093769073,
        "qw": 0.5695240517,
        "qx": 0.0,
        "qy": 0.0,
        "qz": 0.8219746678,
        "tx_m": -89.0655894735,
        "ty_m": -23.0864404415,
        "tz_m": 0.0586922847,
        "num_interior_pts": 1
    },
    {
        "timestamp_ns": 315972373659396000,
        "track_uuid": "d8d30be4-6853-4fe8-a9d0-4e3aac4ea423",
        "category": "REGULAR_VEHICLE",
        "length_m": 4.3008012772,
        "width_m": 1.7423973083,
        "height_m": 1.7779903412,
        "qw": 0.9966894437,
        "qx": 0.0,
        "qy": 0.0,
        "qz": 0.0813028459,
        "tx_m": -63.1514200197,
        "ty_m": -12.7970900151,
        "tz_m": 0.2767235398,
        "num_interior_pts": 0
    },
    {
        "timestamp_ns": 315972373759592000,
        "track_uuid": "b654d8a9-af7b-48b0-93fa-5a862a6f0ef9",
        "category": "REGULAR_VEHICLE",
        "length_m": 4.03,
        "width_m": 2.0336589813,
        "height_m": 1.7604160309,
        "qw": 0.8269220313,
        "qx": 0.0,
        "qy": 0.0,
        "qz": -0.562316596,
        "tx_m": 35.6596253593,
        "ty_m": -75.0190913264,
        "tz_m": 1.9680196723,
        "num_interior_pts": 3
    },
    {
        "timestamp_ns": 315972373859788000,
        "track_uuid": "8ca7a7f3-3d8f-4f6e-af5f-c5cd8d391719",
        "category": "REGULAR_VEHICLE",
        "length_m": 4.1343626976,
        "width_m": 1.8463368416,
        "height_m": 1.498336792,
        "qw": 0.9966279525,
        "qx": 0.0,
        "qy": 0.0,
        "qz": 0.0820531792,
        "tx_m": 32.7126387175,
        "ty_m": 2.2120363086,
        "tz_m": 0.4709668774,
        "num_interior_pts": 124
    },
    {
        "timestamp_ns": 315972373959985000,
        "track_uuid": "6a7c7ea3-ef7e-4e8e-90a4-ff119a57280b",
        "category": "REGULAR_VEHICLE",
        "length_m": 4.03,
        "width_m": 1.74,
        "height_m": 1.41,
        "qw": -0.1236862008,
        "qx": 0.0,
        "qy": 0.0,
        "qz": 0.9923213813,
        "tx_m": -191.9923061138,
        "ty_m": -28.3285710843,
        "tz_m": -0.2749976926,
        "num_interior_pts": 0
    },
    {
        "timestamp_ns": 315972374060165000,
        "track_uuid": "5f3d0f1f-c160-4513-989a-0332448fb57a",
        "category": "REGULAR_VEHICLE",
        "length_m": 4.4872093201,
        "width_m": 2.0727174282,
        "height_m": 1.4711952209,
        "qw": 0.531241183,
        "qx": 0.0,
        "qy": 0.0,
        "qz": 0.8472206357,
        "tx_m": 40.5075971484,
        "ty_m": -58.5853487549,
        "tz_m": 0.6183589829,
        "num_interior_pts": 18
    },
    {
        "timestamp_ns": 315972374160361000,
        "track_uuid": "3f66f9be-bfb2-4c84-8555-81ba029e8ab5",
        "category": "REGULAR_VEHICLE",
        "length_m": 4.03,
        "width_m": 1.9484052658,
        "height_m": 1.6585636139,
        "qw": -0.0957970805,
        "qx": 0.0,
        "qy": 0.0,
        "qz": 0.9954008837,
        "tx_m": 30.1245853126,
        "ty_m": 13.2705859241,
        "tz_m": 0.5176003319,
        "num_interior_pts": 229
    },
    {
        "timestamp_ns": 315972374260558000,
        "track_uuid": "16c45345-cf7d-4267-b004-1d1e920c7c36",
        "category": "REGULAR_VEHICLE",
        "length_m": 4.2348690033,
        "width_m": 1.75745821,
        "height_m": 1.7981014252,
        "qw": 0.9926608613,
        "qx": 0.0,
        "qy": 0.0,
        "qz": 0.1209314456,
        "tx_m": -128.170054144,
        "ty_m": -33.0380409386,
        "tz_m": 0.0390705721,
        "num_interior_pts": 0
    },
    {
        "timestamp_ns": 315972374360090000,
        "track_uuid": "06892ce1-dcca-4946-b76c-5de7c49e2cba",
        "category": "REGULAR_VEHICLE",
        "length_m": 4.03,
        "width_m": 1.7687819004,
        "height_m": 1.41,
        "qw": -0.1237415341,
        "qx": 0.0,
        "qy": 0.0,
        "qz": 0.9923144828,
        "tx_m": 60.3278909094,
        "ty_m": 22.3716753819,
        "tz_m": 0.4853450669,
        "num_interior_pts": 28
    },
    {
        "timestamp_ns": 315972374460287000,
        "track_uuid": "ac32e6e9-8ec9-4db9-8842-44c703532d43",
        "category": "PEDESTRIAN",
        "length_m": 0.6,
        "width_m": 0.6928316355,
        "height_m": 1.8122348785,
        "qw": 0.8600360989,
        "qx": 0.0,
        "qy": 0.0,
        "qz": -0.5102331904,
        "tx_m": -66.3761883734,
        "ty_m": -61.1113483397,
        "tz_m": 0.7437326717,
        "num_interior_pts": 1
    },
    {
        "timestamp_ns": 315972374560483000,
        "track_uuid": "30b2c046-f547-4741-b8c8-a60fd0440f4f",
        "category": "PEDESTRIAN",
        "length_m": 0.6,
        "width_m": 0.6,
        "height_m": 1.5617637634,
        "qw": -0.1632883686,
        "qx": 0.0,
        "qy": 0.0,
        "qz": 0.9865783845,
        "tx_m": -58.4791420514,
        "ty_m": -26.0655470183,
        "tz_m": 0.3724156082,
        "num_interior_pts": 5
    },
    {
        "timestamp_ns": 315972374660016000,
        "track_uuid": "6152834a-448e-4aa4-945e-82e39da6daf2",
        "category": "BOLLARD",
        "length_m": 0.2951844931,
        "width_m": 0.3687265217,
        "height_m": 1.1067199707,
        "qw": 0.1555796547,
        "qx": 0.0,
        "qy": 0.0,
        "qz": 0.9878233501,
        "tx_m": 19.4506799812,
        "ty_m": 0.7988421354,
        "tz_m": 0.4991785874,
        "num_interior_pts": 15
    },
    {
        "timestamp_ns": 315972374760212000,
        "track_uuid": "d3d18b6c-bb3c-4834-8500-774416106466",
        "category": "STOP_SIGN",
        "length_m": 0.2205726206,
        "width_m": 0.7280489206,
        "height_m": 3.0880088806,
        "qw": 0.9036888656,
        "qx": 0.0,
        "qy": 0.0,
        "qz": -0.4281897175,
        "tx_m": -85.3251185359,
        "ty_m": -36.6833000828,
        "tz_m": 1.0133830244,
        "num_interior_pts": 0
    },
    {
        "timestamp_ns": 315972374859745000,
        "track_uuid": "f0a8bed4-d098-4e82-90ca-ec3197eef58d",
        "category": "REGULAR_VEHICLE",
        "length_m": 5.2870645523,
        "width_m": 2.0890367031,
        "height_m": 2.5157,
        "qw": 0.9859409242,
        "qx": 0.0,
        "qy": 0.0,
        "qz": 0.1670942666,
        "tx_m": -120.052989207,
        "ty_m": -45.0211621285,
        "tz_m": 0.5522039914,
        "num_interior_pts": 1
    },
    {
        "timestamp_ns": 315972374959278000,
        "track_uuid": "d8d30be4-6853-4fe8-a9d0-4e3aac4ea423",
        "category": "REGULAR_VEHICLE",
        "length_m": 4.3008012772,
        "width_m": 1.7423973083,
        "height_m": 1.7779903412,
        "qw": 0.9822153718,
        "qx": 0.0,
        "qy": 0.0,
        "qz": 0.187757725,
        "tx_m": -64.0547978894,
        "ty_m": -26.8837507674,
        "tz_m": 0.3046998784,
        "num_interior_pts": 0
    },
    {
        "timestamp_ns": 315972375059457000,
        "track_uuid": "ba71e820-fdf9-41f7-890e-4b9367e68c11",
        "category": "REGULAR_VEHICLE",
        "length_m": 4.3554859161,
        "width_m": 1.8201403618,
        "height_m": 1.4995002747,
        "qw": 0.8882342994,
        "qx": 0.0,
        "qy": 0.0,
        "qz": -0.4593907153,
        "tx_m": 13.3658125561,
        "ty_m": -17.9654562973,
        "tz_m": 0.5642774134,
        "num_interior_pts": 301
    },
    {
        "timestamp_ns": 315972375159653000,
        "track_uuid": "98090f0d-7f46-4457-895e-63bedf238f32",
        "category": "REGULAR_VEHICLE",
        "length_m": 4.03,
        "width_m": 1.74,
        "height_m": 1.7063236237,
        "qw": 0.5688435002,
        "qx": 0.0,
        "qy": 0.0,
        "qz": 0.8224457868,
        "tx_m": 58.8307009501,
        "ty_m": 45.3118946782,
        "tz_m": 0.9872314119,
        "num_interior_pts": 0
    },
    {
        "timestamp_ns": 315972375259850000,
        "track_uuid": "750e3249-5d41-4c33-8cb3-97fb71a23517",
        "category": "REGULAR_VEHICLE",
        "length_m": 4.03,
        "width_m": 2.0923044682,
        "height_m": 1.41,
        "qw": 0.9821418192,
        "qx": 0.0,
        "qy": 0.0,
        "qz": 0.1881420923,
        "tx_m": 115.8931121191,
        "ty_m": 49.3233353811,
        "tz_m": 0.1307810714,
        "num_interior_pts": 0
    },
    {
        "timestamp_ns": 315972375359383000,
        "track_uuid": "619be843-7222-474d-be71-0da2ff3a03da",
        "category": "REGULAR_VEHICLE",
        "length_m": 4.03,
        "width_m": 1.74,
        "height_m": 1.7447872162,
        "qw": 0.8991064909,
        "qx": 0.0,
        "qy": 0.0,
        "qz": -0.4377299602,
        "tx_m": 58.8586696756,
        "ty_m": -72.4593578522,
        "tz_m": 1.0762138801,
        "num_interior_pts": 1
    },
    {
        "timestamp_ns": 315972375459579000,
        "track_uuid": "45b0e51f-5fff-4ed8-b647-435b5013c65b",
        "category": "REGULAR_VEHICLE",
        "length_m": 4.03,
        "width_m": 1.9299256802,
        "height_m": 1.5005989075,
        "qw": 0.9051393956,
        "qx": 0.0,
        "qy": 0.0,
        "qz": -0.4251148956,
        "tx_m": 44.3474484944,
        "ty_m": -53.1639425868,
        "tz_m": 0.7063211012,
        "num_interior_pts": 3
    },
    {
        "timestamp_ns": 315972375559775000,
        "track_uuid": "1f05a1c1-b75a-4302-861e-708bd5e1792e",
        "category": "REGULAR_VEHICLE",
        "length_m": 4.6067562103,
        "width_m": 1.74,
        "height_m": 1.5007724762,
        "qw": 0.9714084473,
        "qx": 0.0,
        "qy": 0.0,
        "qz": 0.2374144655,
        "tx_m": -38.142483678,
        "ty_m": -21.4695728625,
        "tz_m": 0.4972446681,
        "num_interior_pts": 2
    },
    {
        "timestamp_ns": 315972375659972000,
        "track_uuid": "0c8f7dbb-d03a-41e5-94f8-90c07169eaa4",
        "category": "REGULAR_VEHICLE",
        "length_m": 4.2205724716,
        "width_m": 1.9769883156,
        "height_m": 1.4869766235,
        "qw": 0.9676023118,
        "qx": 0.0,
        "qy": 0.0,
        "qz": 0.2524792391,
        "tx_m": 62.7121458033,
        "ty_m": 32.1191064117,
        "tz_m": 0.0814879717,
        "num_interior_pts": 3
    },
    {
        "timestamp_ns": 315972375759504000,
        "track_uuid": "e1741473-7b93-4247-8ddc-252d88e24335",
        "category": "PEDESTRIAN",
        "length_m": 0.6,
        "width_m": 0.7225339413,
        "height_m": 1.6500434875,
        "qw": -0.2488733966,
        "qx": 0.0,
        "qy": 0.0,
        "qz": 0.9685360254,
        "tx_m": -120.7045867581,
        "ty_m": -77.2153766886,
        "tz_m": 1.6673623656,
        "num_interior_pts": 0
    },
    {
        "timestamp_ns": 315972375859701000,
        "track_uuid": "6849ecf4-184a-4ffb-946d-790a05ef2d5d",
        "category": "PEDESTRIAN",
        "length_m": 0.6,
        "width_m": 0.6256757379,
        "height_m": 1.856803894,
        "qw": 0.8723362986,
        "qx": 0.0,
        "qy": 0.0,
        "qz": 0.4889063123,
        "tx_m": -103.2438258106,
        "ty_m": -69.9301167125,
        "tz_m": 1.8768705135,
        "num_interior_pts": 0
    },
    {
        "timestamp_ns": 315972375959897000,
        "track_uuid": "d927b137-866a-4052-ab5f-18578325c6bb",
        "category": "CONSTRUCTION_CONE",
        "length_m": 0.4958146811,
        "width_m": 0.2096,
        "height_m": 1.0523910522,
        "qw": 0.8675848894,
        "qx": 0.0,
        "qy": 0.0,
        "qz": -0.4972891108,
        "tx_m": -0.1956011755,
        "ty_m": 8.1820255095,
        "tz_m": 0.2948606445,
        "num_interior_pts": 27
    },
    {
        "timestamp_ns": 315972376060077000,
        "track_uuid": "4229c0a6-64c1-4151-8902-53c27d56a651",
        "category": "BOLLARD",
        "length_m": 0.2796580791,
        "width_m": 0.3353719711,
        "height_m": 1.1041603088,
        "qw": 0.0115098157,
        "qx": 0.0,
        "qy": 0.0,
        "qz": 0.9999337599,
        "tx_m": 15.8722726033,
        "ty_m": 3.1725195323,
        "tz_m": 0.3010220742,
        "num_interior_pts": 20
    },
    {
        "timestamp_ns": 315972376159610000,
        "track_uuid": "8c9c65ec-2ed1-4f57-92d8-77d5dac2fe91",
        "category": "WHEELED_DEVICE",
        "length_m": 1.0787,
        "width_m": 0.4791,
        "height_m": 1.2491359711,
        "qw": 0.0737612406,
        "qx": 0.0,
        "qy": 0.0,
        "qz": 0.9972759294,
        "tx_m": -22.4930577146,
        "ty_m": -21.9419423151,
        "tz_m": 0.8427990219,
        "num_interior_pts": 0
    },
    {
        "timestamp_ns": 315972376259806000,
        "track_uuid": "34637eea-9cbf-4a09-bfef-256858f9d213",
        "category": "WHEELED_DEVICE",
        "length_m": 1.0787,
        "width_m": 0.4791,
        "height_m": 1.2297840118,
        "qw": 0.0471051186,
        "qx": 0.0,
        "qy": 0.0,
        "qz": 0.9988899378,
        "tx_m": -21.5745179675,
        "ty_m": -21.7547957591,
        "tz_m": 0.8422343062,
        "num_interior_pts": 1
    },
    {
        "timestamp_ns": 315972376360003000,
        "track_uuid": "d3d18b6c-bb3c-4834-8500-774416106466",
        "category": "STOP_SIGN",
        "length_m": 0.2205726206,
        "width_m": 0.7280489206,
        "height_m": 3.0880088806,
        "qw": 0.936127221,
        "qx": 0.0,
        "qy": 0.0,
        "qz": -0.351661522,
        "tx_m": -74.5960522427,
        "ty_m": -58.6401010982,
        "tz_m": 2.5025988477,
        "num_interior_pts": 0
    },
    {
        "timestamp_ns": 315972376460199000,
        "track_uuid": "b7b4832d-7205-4316-9257-91735b8f5a88",
        "category": "STOP_SIGN",
        "length_m": 0.7866243124,
        "width_m": 0.9595744014,
        "height_m": 3.641462326,
        "qw": 0.9118850925,
        "qx": 0.0,
        "qy": 0.0,
        "qz": -0.4104455848,
        "tx_m": 13.2373242599,
        "ty_m": 1.6903227214,
        "tz_m": 1.5236208684,
        "num_interior_pts": 157
    },
    {
        "timestamp_ns": 315972376559732000,
        "track_uuid": "3bfe0808-4ca3-479c-85a0-2ec1006b71f7",
        "category": "STOP_SIGN",
        "length_m": 0.1579400301,
        "width_m": 0.9355026484,
        "height_m": 3.2028083801,
        "qw": -0.3066347839,
        "qx": 0.0,
        "qy": 0.0,
        "qz": 0.9518272476,
        "tx_m": -91.300692983,
        "ty_m": -65.9150189225,
        "tz_m": 2.8963300108,
        "num_interior_pts": 7
    },
    {
        "timestamp_ns": 315972376659928000,
        "track_uuid": "ff7ba054-549f-42e6-b1a9-2feb125f6999",
        "category": "REGULAR_VEHICLE",
        "length_m": 4.03,
        "width_m": 1.74,
        "height_m": 1.6365318298,
        "qw": 0.9358282269,
        "qx": 0.0,
        "qy": 0.0,
        "qz": -0.3524564224,
        "tx_m": 56.2385796901,
        "ty_m": -49.1060487661,
        "tz_m": 0.7375318888,
        "num_interior_pts": 5
    },
    {
        "timestamp_ns": 315972376760125000,
        "track_uuid": "fb4f81b0-fa9f-4949-98a4-ccfff133d036",
        "category": "REGULAR_VEHICLE",
        "length_m": 4.4578447342,
        "width_m": 1.74,
        "height_m": 1.5535144806,
        "qw": 0.9487525671,
        "qx": 0.0,
        "qy": 0.0,
        "qz": 0.3160198829,
        "tx_m": -18.4451521551,
        "ty_m": -15.4739831663,
        "tz_m": 0.7359114141,
        "num_interior_pts": 136
    },
    {
        "timestamp_ns": 315972376859657000,
        "track_uuid": "fa021241-c338-4793-a3ef-306ae5357890",
        "category": "REGULAR_VEHICLE",
        "length_m": 4.3192281723,
        "width_m": 1.74,
        "height_m": 1.7039299011,
        "qw": -0.3201545942,
        "qx": 0.0,
        "qy": 0.0,
        "qz": 0.9473653128,
        "tx_m": -57.600776614,
        "ty_m": -34.1516475571,
        "tz_m": 1.2926651446,
        "num_interior_pts": 35
    },
    {
        "timestamp_ns": 315972376959854000,
        "track_uuid": "f70f6a56-9e52-4c6a-844d-2a089faac2dd",
        "category": "REGULAR_VEHICLE",
        "length_m": 4.03,
        "width_m": 1.74,
        "height_m": 1.41,
        "qw": 0.3481669833,
        "qx": 0.0,
        "qy": 0.0,
        "qz": 0.9374325318,
        "tx_m": 101.5329821245,
        "ty_m": -69.7081367351,
        "tz_m": 0.3811931821,
        "num_interior_pts": 0
    },
    {
        "timestamp_ns": 315972377060034000,
        "track_uuid": "e6c3c273-6f8b-411c-b523-d1257e78cd41",
        "category": "REGULAR_VEHICLE",
        "length_m": 4.8260941505,
        "width_m": 1.74,
        "height_m": 1.6093769073,
        "qw": 0.3281886012,
        "qx": 0.0,
        "qy": 0.0,
        "qz": 0.9446122178,
        "tx_m": -72.9279582736,
        "ty_m": -67.3147339563,
        "tz_m": 2.0418777123,
        "num_interior_pts": 2
    },
    {
        "timestamp_ns": 315972377160230000,
        "track_uuid": "e4c1335e-6369-4ba7-8c57-c6453adc713e",
        "category": "REGULAR_VEHICLE",
        "length_m": 4.3358955383,
        "width_m": 1.74,
        "height_m": 1.7044773102,
        "qw": -0.342575416,
        "qx": 0.0,
        "qy": 0.0,
        "qz": 0.9394903322,
        "tx_m": -43.7647537944,
        "ty_m": -25.6920132305,
        "tz_m": 1.1256732885,
        "num_interior_pts": 76
    },
    {
        "timestamp_ns": 315972377259763000,
        "track_uuid": "e4c12cb3-3e67-40c2-b419-bf1681aec2c3",
        "category": "REGULAR_VEHICLE",
        "length_m": 4.03,
        "width_m": 1.74,
        "height_m": 2.0337772369,
        "qw": 0.4167344196,
        "qx": 0.0,
        "qy": 0.0,
        "qz": 0.9090282853,
        "tx_m": 44.7447197213,
        "ty_m": 65.08369161,
        "tz_m": 0.1179115155,
        "num_interior_pts": 16
    },
    {
        "timestamp_ns": 315972377359959000,
        "track_uuid": "e4636852-1726-4f30-a309-ecd1f9075be1",
        "category": "REGULAR_VEHICLE",
        "length_m": 5.6474132538,
        "width_m": 2.0085935593,
        "height_m": 1.8571586609,
        "qw": 0.9340607871,
        "qx": 0.0,
        "qy": 0.0,
        "qz": 0.3571140519,
        "tx_m": -28.7221937627,
        "ty_m": -26.6281259942,
        "tz_m": 1.1059711171,
        "num_interior_pts": 26
    },
    {
        "timestamp_ns": 315972377460156000,
        "track_uuid": "ded09700-715c-4421-8224-27bda04ae82b",
        "category": "REGULAR_VEHICLE",
        "length_m": 4.03,
        "width_m": 1.8535079956,
        "height_m": 1.5718765259,
        "qw": 0.2968699976,
        "qx": 0.0,
        "qy": 0.0,
        "qz": 0.9549179046,
        "tx_m": 101.4282059553,
        "ty_m": -58.5618403575,
        "tz_m": -0.0969338071,
        "num_interior_pts": 1
    },
    {
        "timestamp_ns": 315972377559689000,
        "track_uuid": "ded09700-715c-4421-8224-27bda04ae82b",
        "category": "REGULAR_VEHICLE",
        "length_m": 4.03,
        "width_m": 1.8535079956,
        "height_m": 1.5718765259,
        "qw": 0.2889705677,
        "qx": 0.0,
        "qy": 0.0,
        "qz": 0.9573379816,
        "tx_m": 102.2558877915,
        "ty_m": -56.8933855099,
        "tz_m": -0.3009854373,
        "num_interior_pts": 2
    },
    {
        "timestamp_ns": 315972377659885000,
        "track_uuid": "e00cfce8-a12c-4734-956f-828eabd8859d",
        "category": "REGULAR_VEHICLE",
        "length_m": 4.03,
        "width_m": 2.0889384747,
        "height_m": 1.6867771149,
        "qw": -0.3813606941,
        "qx": 0.0,
        "qy": 0.0,
        "qz": 0.9244263199,
        "tx_m": 26.9254073119,
        "ty_m": 38.9639094699,
        "tz_m": -0.1828087585,
        "num_interior_pts": 69
    },
    {
        "timestamp_ns": 315972377760081000,
        "track_uuid": "e4636852-1726-4f30-a309-ecd1f9075be1",
        "category": "REGULAR_VEHICLE",
        "length_m": 5.6474132538,
        "width_m": 2.0085935593,
        "height_m": 1.8571586609,
        "qw": 0.9210982642,
        "qx": 0.0,
        "qy": 0.0,
        "qz": 0.3893301781,
        "tx_m": -27.3540481198,
        "ty_m": -28.6829837669,
        "tz_m": 1.1750457412,
        "num_interior_pts": 22
    },
    {
        "timestamp_ns": 315972377860278000,
        "track_uuid": "e4c12cb3-3e67-40c2-b419-bf1681aec2c3",
        "category": "REGULAR_VEHICLE",
        "length_m": 4.03,
        "width_m": 1.74,
        "height_m": 2.0337772369,
        "qw": 0.3682256452,
        "qx": 0.0,
        "qy": 0.0,
        "qz": 0.9297364542,
        "tx_m": 36.9594526061,
        "ty_m": 69.3816604633,
        "tz_m": 0.2013528771,
        "num_interior_pts": 10
    },
    {
        "timestamp_ns": 315972377959810000,
        "track_uuid": "e4c12cb3-3e67-40c2-b419-bf1681aec2c3",
        "category": "REGULAR_VEHICLE",
        "length_m": 4.03,
        "width_m": 1.74,
        "height_m": 2.0337772369,
        "qw": 0.3589755899,
        "qx": 0.0,
        "qy": 0.0,
        "qz": 0.9333469483,
        "tx_m": 35.4266730093,
        "ty_m": 70.1023482213,
        "tz_m": 0.2491845342,
        "num_interior_pts": 6
    },
    {
        "timestamp_ns": 315972378059990000,
        "track_uuid": "e4c12cb3-3e67-40c2-b419-bf1681aec2c3",
        "category": "REGULAR_VEHICLE",
        "length_m": 4.03,
        "width_m": 1.74,
        "height_m": 2.0337772369,
        "qw": 0.3493702733,
        "qx": 0.0,
        "qy": 0.0,
        "qz": 0.9369847449,
        "tx_m": 33.8315885408,
        "ty_m": 70.8164596319,
        "tz_m": 0.2421346316,
        "num_interior_pts": 9
    },
    {
        "timestamp_ns": 315972378160186000,
        "track_uuid": "e4c12cb3-3e67-40c2-b419-bf1681aec2c3",
        "category": "REGULAR_VEHICLE",
        "length_m": 4.03,
        "width_m": 1.74,
        "height_m": 2.0337772369,
        "qw": 0.3390816195,
        "qx": 0.0,
        "qy": 0.0,
        "qz": 0.9407569587,
        "tx_m": 32.1010790565,
        "ty_m": 71.54523403,
        "tz_m": 0.1818257999,
        "num_interior_pts": 10
    },
    {
        "timestamp_ns": 315972378259719000,
        "track_uuid": "e4c12cb3-3e67-40c2-b419-bf1681aec2c3",
        "category": "REGULAR_VEHICLE",
        "length_m": 4.03,
        "width_m": 1.74,
        "height_m": 2.0337772369,
        "qw": 0.328319123,
        "qx": 0.0,
        "qy": 0.0,
        "qz": 0.9445668602,
        "tx_m": 30.2763397117,
        "ty_m": 72.2651378883,
        "tz_m": 0.1756632134,
        "num_interior_pts": 7
    },
    {
        "timestamp_ns": 315972378359915000,
        "track_uuid": "e4c1335e-6369-4ba7-8c57-c6453adc713e",
        "category": "REGULAR_VEHICLE",
        "length_m": 4.3358955383,
        "width_m": 1.74,
        "height_m": 1.7044773102,
        "qw": -0.4470659589,
        "qx": 0.0,
        "qy": 0.0,
        "qz": 0.8945009941,
        "tx_m": -38.4589915584,
        "ty_m": -35.131766402,
        "tz_m": 1.1956372133,
        "num_interior_pts": 75
    },
    {
        "timestamp_ns": 315972378460111000,
        "track_uuid": "e6c3c273-6f8b-411c-b523-d1257e78cd41",
        "category": "REGULAR_VEHICLE",
        "length_m": 4.8260941505,
        "width_m": 1.74,
        "height_m": 1.6093769073,
        "qw": 0.2003917039,
        "qx": 0.0,
        "qy": 0.0,
        "qz": 0.9797158593,
        "tx_m": -55.4291616565,
        "ty_m": -83.9902866466,
        "tz_m": 1.957716172,
        "num_interior_pts": 0
    },
    {
        "timestamp_ns": 315972378559644000,
        "track_uuid": "e6c3c273-6f8b-411c-b523-d1257e78cd41",
        "category": "REGULAR_VEHICLE",
        "length_m": 4.8260941505,
        "width_m": 1.74,
        "height_m": 1.6093769073,
        "qw": 0.1890848651,
        "qx": 0.0,
        "qy": 0.0,
        "qz": 0.9819607496,
        "tx_m": -53.7578366192,
        "ty_m": -85.2186757686,
        "tz_m": 1.9433458873,
        "num_interior_pts": 0
    },
    {
        "timestamp_ns": 315972378659841000,
        "track_uuid": "f70f6a56-9e52-4c6a-844d-2a089faac2dd",
        "category": "REGULAR_VEHICLE",
        "length_m": 4.03,
        "width_m": 1.74,
        "height_m": 1.41,
        "qw": 0.185131149,
        "qx": 0.0,
        "qy": 0.0,
        "qz": 0.9827138229,
        "tx_m": 116.0703303446,
        "ty_m": -34.1459364345,
        "tz_m": -0.9097149757,
        "num_interior_pts": 0
    },
    {
        "timestamp_ns": 315972378760037000,
        "track_uuid": "fa021241-c338-4793-a3ef-306ae5357890",
        "category": "REGULAR_VEHICLE",
        "length_m": 4.3192281723,
        "width_m": 1.74,
        "height_m": 1.7039299011,
        "qw": -0.485440827,
        "qx": 0.0,
        "qy": 0.0,
        "qz": 0.8742695256,
        "tx_m": -44.4987060074,
        "ty_m": -52.7499981432,
        "tz_m": 1.5363767867,
        "num_interior_pts": 26
    },
    {
        "timestamp_ns": 315972378859570000,
        "track_uuid": "fb4f81b0-fa9f-4949-98a4-ccfff133d036",
        "category": "REGULAR_VEHICLE",
        "length_m": 4.4578447342,
        "width_m": 1.74,
        "height_m": 1.5535144806,
        "qw": 0.8675144232,
        "qx": 0.0,
        "qy": 0.0,
        "qz": 0.497412028,
        "tx_m": -13.878699398,
        "ty_m": -22.0229440586,
        "tz_m": 0.8305320705,
        "num_interior_pts": 43
    },
    {
        "timestamp_ns": 315972378959766000,
        "track_uuid": "ff7ba054-549f-42e6-b1a9-2feb125f6999",
        "category": "REGULAR_VEHICLE",
        "length_m": 4.03,
        "width_m": 1.74,
        "height_m": 1.6365318298,
        "qw": 0.989793798,
        "qx": 0.0,
        "qy": 0.0,
        "qz": -0.1425069731,
        "tx_m": 68.4385528115,
        "ty_m": -21.5749591354,
        "tz_m": -0.2681724825,
        "num_interior_pts": 9
    },
    {
        "timestamp_ns": 315972379059946000,
        "track_uuid": "3bfe0808-4ca3-479c-85a0-2ec1006b71f7",
        "category": "STOP_SIGN",
        "length_m": 0.1579400301,
        "width_m": 0.9355026484,
        "height_m": 3.2028083801,
        "qw": -0.5204299011,
        "qx": 0.0,
        "qy": 0.0,
        "qz": 0.8539043963,
        "tx_m": -54.8897595912,
        "ty_m": -101.0128274146,
        "tz_m": 3.1939363548,
        "num_interior_pts": 0
    },
    {
        "timestamp_ns": 315972379159479000,
        "track_uuid": "b7b4832d-7205-4316-9257-91735b8f5a88",
        "category": "STOP_SIGN",
        "length_m": 0.7866243124,
        "width_m": 0.9595744014,
        "height_m": 3.641462326,
        "qw": 0.9858275696,
        "qx": 0.0,
        "qy": 0.0,
        "qz": -0.1677617449,
        "tx_m": 6.9658896662,
        "ty_m": 6.9324523039,
        "tz_m": 1.4868850862,
        "num_interior_pts": 137
    },
    {
        "timestamp_ns": 315972379259676000,
        "track_uuid": "d3d18b6c-bb3c-4834-8500-774416106466",
        "category": "STOP_SIGN",
        "length_m": 0.2205726206,
        "width_m": 0.7280489206,
        "height_m": 3.0880088806,
        "qw": 0.9803426643,
        "qx": 0.0,
        "qy": 0.0,
        "qz": -0.1973024593,
        "tx_m": -37.4925676481,
        "ty_m": -89.8794807366,
        "tz_m": 2.5157593822,
        "num_interior_pts": 0
    },
    {
        "timestamp_ns": 315972379359872000,
        "track_uuid": "34637eea-9cbf-4a09-bfef-256858f9d213",
        "category": "WHEELED_DEVICE",
        "length_m": 1.0787,
        "width_m": 0.4791,
        "height_m": 1.2297840118,
        "qw": -0.2407452661,
        "qx": 0.0,
        "qy": 0.0,
        "qz": 0.9705883354,
        "tx_m": -10.4796316374,
        "ty_m": -31.1948047102,
        "tz_m": 0.7710480262,
        "num_interior_pts": 4
    },
    {
        "timestamp_ns": 315972379459405000,
        "track_uuid": "fe84cd37-02c5-4e68-b5cf-74cd021a4aa6",
        "category": "BOLLARD",
        "length_m": 0.1930172145,
        "width_m": 0.2069129646,
        "height_m": 1.1244373322,
        "qw": 0.699114369,
        "qx": 0.0,
        "qy": 0.0,
        "qz": 0.7150098594,
        "tx_m": -2.139219633,
        "ty_m": -6.0916509524,
        "tz_m": 0.4923735281,
        "num_interior_pts": 37
    },
    {
        "timestamp_ns": 315972379559601000,
        "track_uuid": "6849ecf4-184a-4ffb-946d-790a05ef2d5d",
        "category": "PEDESTRIAN",
        "length_m": 0.6,
        "width_m": 0.6256757379,
        "height_m": 1.856803894,
        "qw": 0.5042258796,
        "qx": 0.0,
        "qy": 0.0,
        "qz": 0.8635718049,
        "tx_m": -40.9711791088,
        "ty_m": -121.2798987917,
        "tz_m": 1.9426760701,
        "num_interior_pts": 0
    },
    {
        "timestamp_ns": 315972379659797000,
        "track_uuid": "059fe6a6-e1b4-4320-9f98-05f5b69cee4f",
        "category": "REGULAR_VEHICLE",
        "length_m": 4.6256976128,
        "width_m": 1.802850008,
        "height_m": 1.799703598,
        "qw": -0.5544074965,
        "qx": 0.0,
        "qy": 0.0,
        "qz": 0.8322453531,
        "tx_m": -18.4960555373,
        "ty_m": -16.4617935544,
        "tz_m": 0.8332902619,
        "num_interior_pts": 588
    },
    {
        "timestamp_ns": 315972379759994000,
        "track_uuid": "2007a944-dd1a-46cc-9cea-43c67dc6989f",
        "category": "REGULAR_VEHICLE",
        "length_m": 4.7304344177,
        "width_m": 1.74,
        "height_m": 1.4886417389,
        "qw": -0.5851801899,
        "qx": 0.0,
        "qy": 0.0,
        "qz": 0.8109032898,
        "tx_m": -51.3568630015,
        "ty_m": -125.4637755126,
        "tz_m": 1.9113600606,
        "num_interior_pts": 7
    },
    {
        "timestamp_ns": 315972379859526000,
        "track_uuid": "619be843-7222-474d-be71-0da2ff3a03da",
        "category": "REGULAR_VEHICLE",
        "length_m": 4.03,
        "width_m": 1.74,
        "height_m": 1.7447872162,
        "qw": 0.9990918766,
        "qx": 0.0,
        "qy": 0.0,
        "qz": -0.0426077702,
        "tx_m": 86.4675253536,
        "ty_m": -8.9114048142,
        "tz_m": 0.174747309,
        "num_interior_pts": 2
    },
    {
        "timestamp_ns": 315972379959723000,
        "track_uuid": "988a6288-045d-4a36-b87c-057a66c99c69",
        "category": "REGULAR_VEHICLE",
        "length_m": 4.1760263443,
        "width_m": 1.8142756224,
        "height_m": 1.4887866974,
        "qw": -0.6030128497,
        "qx": 0.0,
        "qy": 0.0,
        "qz": 0.7977314731,
        "tx_m": -20.3044951776,
        "ty_m": -22.80062031,
        "tz_m": 0.6869085602,
        "num_interior_pts": 249
    },
    {
        "timestamp_ns": 315972380059901000,
        "track_uuid": "e6c3c273-6f8b-411c-b523-d1257e78cd41",
        "category": "REGULAR_VEHICLE",
        "length_m": 4.8260941505,
        "width_m": 1.74,
        "height_m": 1.6093769073,
        "qw": 0.0320919938,
        "qx": 0.0,
        "qy": 0.0,
        "qz": 0.9994849193,
        "tx_m": -30.6610925886,
        "ty_m": -98.4264461575,
        "tz_m": 1.6223626266,
        "num_interior_pts": 2
    },
    {
        "timestamp_ns": 315972380160097000,
        "track_uuid": "de2466f9-b67d-4e7c-96ff-3d083a0e19c5",
        "category": "CONSTRUCTION_CONE",
        "length_m": 0.4208583534,
        "width_m": 0.2514362633,
        "height_m": 1.0026016235,
        "qw": 0.9911605391,
        "qx": 0.0,
        "qy": 0.0,
        "qz": -0.1326679527,
        "tx_m": -15.8855853245,
        "ty_m": -1.6964957618,
        "tz_m": 0.6231800067,
        "num_interior_pts": 19
    },
    {
        "timestamp_ns": 315972380259630000,
        "track_uuid": "1f05a1c1-b75a-4302-861e-708bd5e1792e",
        "category": "REGULAR_VEHICLE",
        "length_m": 4.6067562103,
        "width_m": 1.74,
        "height_m": 1.5007724762,
        "qw": 0.7944892709,
        "qx": 0.0,
        "qy": 0.0,
        "qz": 0.6072781886,
        "tx_m": -17.3962107703,
        "ty_m": -45.5448522164,
        "tz_m": 0.7661008996,
        "num_interior_pts": 0
    },
    {
        "timestamp_ns": 315972380359827000,
        "track_uuid": "92392cc7-4719-428b-9c94-292e7cf63ea0",
        "category": "REGULAR_VEHICLE",
        "length_m": 4.4561309814,
        "width_m": 1.74,
        "height_m": 1.6703205109,
        "qw": 0.9899511902,
        "qx": 0.0,
        "qy": 0.0,
        "qz": -0.1414094802,
        "tx_m": 3.8227728782,
        "ty_m": 92.4065154752,
        "tz_m": 0.1015627011,
        "num_interior_pts": 15
    },
    {
        "timestamp_ns": 315972380460023000,
        "track_uuid": "ff7ba054-549f-42e6-b1a9-2feb125f6999",
        "category": "REGULAR_VEHICLE",
        "length_m": 4.03,
        "width_m": 1.74,
        "height_m": 1.6365318298,
        "qw": 0.9998629142,
        "qx": 0.0,
        "qy": 0.0,
        "qz": -0.0165575591,
        "tx_m": 67.0898287877,
        "ty_m": -4.1502416496,
        "tz_m": -0.0031405214,
        "num_interior_pts": 8
    },
    {
        "timestamp_ns": 315972380560219000,
        "track_uuid": "00f9a5af-0928-47ca-8bb0-5d964fc22616",
        "category": "REGULAR_VEHICLE",
        "length_m": 4.4801855087,
        "width_m": 1.8139476776,
        "height_m": 1.7782783508,
        "qw": -0.6166986156,
        "qx": 0.0,
        "qy": 0.0,
        "qz": 0.7871993506,
        "tx_m": -29.7037091055,
        "ty_m": -53.2592372332,
        "tz_m": 1.1154813548,
        "num_interior_pts": 3
    },
    {
        "timestamp_ns": 315972380659752000,
        "track_uuid": "7a7bac4a-af4c-430a-b280-4ffc40d21753",
        "category": "REGULAR_VEHICLE",
        "length_m": 5.9046087265,
        "width_m": 1.9416073561,
        "height_m": 2.2215671539,
        "qw": 0.0131567027,
        "qx": 0.0,
        "qy": 0.0,
        "qz": 0.9999134468,
        "tx_m": -4.1327295275,
        "ty_m": -96.4744741357,
        "tz_m": 1.5431609026,
        "num_interior_pts": 34
    }
]