[
    {
        "sensor_name":"ring_front_center",
        "qw":0.5024629068,
        "qx":-0.4997395689,
        "qy":0.5004415851,
        "qz":-0.4973425484,
        "tx_m":1.6405705071,
        "ty_m":-0.0013948876,
        "tz_m":1.4402715976
    },
    {
        "sensor_name":"ring_front_left",
        "qw":0.6374699986,
        "qx":-0.6700253337,
        "qy":0.2779519475,
        "qz":-0.2596936039,
        "tx_m":1.5528251175,
        "ty_m":0.2063156451,
        "tz_m":1.4362423115
    },
    {
        "sensor_name":"ring_front_right",
        "qw":0.264610342,
        "qx":-0.2778386318,
        "qy":0.6718748425,
        "qz":-0.6335386789,
        "tx_m":1.557988579,
        "ty_m":-0.2010175664,
        "tz_m":1.4373368953
    },
    {
        "sensor_name":"ring_rear_left",
        "qw":0.6017787255,
        "qx":-0.6039969958,
        "qy":-0.3704827624,
        "qz":0.3685003628,
        "tx_m":1.0896980408,
        "ty_m":0.1231201768,
        "tz_m":1.4510339883
    },
    {
        "sensor_name":"ring_rear_right",
        "qw":-0.3668304235,
        "qx":0.3697578785,
        "qy":0.6036573057,
        "qz":-0.603582976,
        "tx_m":1.0953515792,
        "ty_m":-0.1375622058,
        "tz_m":1.4400829561
    },
    {
        "sensor_name":"ring_side_left",
        "qw":0.685122674,
        "qx":-0.723948915,
        "qy":-0.0588742059,
        "qz":0.055124567,
        "tx_m":1.3036583433,
        "ty_m":0.2834577967,
        "tz_m":1.4429135827
    },
    {
        "sensor_name":"ring_side_right",
        "qw":-0.0531856131,
        "qx":0.0587458772,
        "qy":0.7262932948,
        "qz":-0.6828017739,
        "tx_m":1.3085404487,
        "ty_m":-0.2856008284,
        "tz_m":1.4465509625
    },
    {
        "sensor_name":"stereo_front_left",
        "qw":0.5018699193,
        "qx":-0.4998413707,
        "qy":0.5027214225,
        "qz":-0.4955364362,
        "tx_m":1.6351718691,
        "ty_m":0.2506857211,
        "tz_m":1.234115817
    },
    {
        "sensor_name":"stereo_front_right",
        "qw":0.5019081662,
        "qx":-0.5032449383,
        "qy":0.4992504811,
        "qz":-0.495561986,
        "tx_m":1.6434297683,
        "ty_m":-0.248921542,
        "tz_m":1.2325001838
    },
    {
        "sensor_name":"up_lidar",
        "qw":0.9999959101,
        "qx":0.0,
        "qy":0.0,
        "qz":-0.0028600165,
        "tx_m":1.35018,
        "ty_m":0.0,
        "tz_m":1.64042
    },
    {
        "sensor_name":"down_lidar",
        "qw":0.0001135436,
        "qx":-0.9950859179,
        "qy":0.0990141869,
        "qz":0.0004404092,
        "tx_m":1.3507191316,
        "ty_m":-0.0014702529,
        "tz_m":1.5662085768
    }
]