[
    {
        "sensor_name":"ring_front_center",
        "fx_px":1773.8730292175,
        "fy_px":1773.8730292175,
        "cx_px":772.650466639,
        "cy_px":1013.6122766719,
        "k1":-0.2411451994,
        "k2":-0.2121241277,
        "k3":0.3273162294,
        "height_px":2048,
        "width_px":1550
    },
    {
        "sensor_name":"ring_front_left",
        "fx_px":1681.3060425068,
        "fy_px":1681.3060425068,
        "cx_px":1026.0812731021,
        "cy_px":766.7079799084,
        "k1":-0.2759430665,
        "k2":-0.045833729,
        "k3":0.1078109517,
        "height_px":1550,
        "width_px":2048
    },
    {
        "sensor_name":"ring_front_right",
        "fx_px":1681.6187730431,
        "fy_px":1681.6187730431,
        "cx_px":1025.3774309808,
        "cy_px":767.5932967271,
        "k1":-0.2773221549,
        "k2":-0.0401723433,
        "k3":0.1022546654,
        "height_px":1550,
        "width_px":2048
    },
    {
        "sensor_name":"ring_rear_left",
        "fx_px":1684.2457471744,
        "fy_px":1684.2457471744,
        "cx_px":1027.3588806085,
        "cy_px":767.6304195588,
        "k1":-0.2727645194,
        "k2":-0.0624042309,
        "k3":0.1260574642,
        "height_px":1550,
        "width_px":2048
    },
    {
        "sensor_name":"ring_rear_right",
        "fx_px":1681.1908852325,
        "fy_px":1681.1908852325,
        "cx_px":1024.8891107505,
        "cy_px":765.7764304878,
        "k1":-0.2727902785,
        "k2":-0.0620154164,
        "k3":0.1250730304,
        "height_px":1550,
        "width_px":2048
    },
    {
        "sensor_name":"ring_side_left",
        "fx_px":1680.6572026017,
        "fy_px":1680.6572026017,
        "cx_px":1027.2275448299,
        "cy_px":766.177544962,
        "k1":-0.2758831549,
        "k2":-0.0451676416,
        "k3":0.1067875557,
        "height_px":1550,
        "width_px":2048
    },
    {
        "sensor_name":"ring_side_right",
        "fx_px":1680.7962243262,
        "fy_px":1680.7962243262,
        "cx_px":1028.9533755243,
        "cy_px":766.1949962418,
        "k1":-0.2709690665,
        "k2":-0.062368695,
        "k3":0.1241587756,
        "height_px":1550,
        "width_px":2048
    },
    {
        "sensor_name":"stereo_front_left",
        "fx_px":1682.1899667687,
        "fy_px":1682.1899667687,
        "cx_px":1023.2892004293,
        "cy_px":767.0479716273,
        "k1":-0.278077813,
        "k2":-0.0388666296,
        "k3":0.1012890906,
        "height_px":1550,
        "width_px":2048
    },
    {
        "sensor_name":"stereo_front_right",
        "fx_px":1681.1121626911,
        "fy_px":1681.1121626911,
        "cx_px":1025.6499855659,
        "cy_px":769.926265542,
        "k1":-0.2779795159,
        "k2":-0.0400629467,
        "k3":0.1018218938,
        "height_px":1550,
        "width_px":2048
    }
]