[
    {
        "sensor_name":"ring_front_center",
        "fx_px":1777.1007963218,
        "fy_px":1777.1007963218,
        "cx_px":778.3567038248,
        "cy_px":1021.8795050162,
        "k1":-0.2450899636,
        "k2":-0.1909047889,
        "k3":0.2962302623,
        "height_px":2048,
        "width_px":1550
    },
    {
        "sensor_name":"ring_front_left",
        "fx_px":1685.5917503995,
        "fy_px":1685.5917503995,
        "cx_px":1026.3790478434,
        "cy_px":771.9590902184,
        "k1":-0.2732818633,
        "k2":-0.0592026403,
        "k3":0.1229125405,
        "height_px":1550,
        "width_px":2048
    },
    {
        "sensor_name":"ring_front_right",
        "fx_px":1685.2810875569,
        "fy_px":1685.2810875569,
        "cx_px":1025.571603325,
        "cy_px":775.0471776501,
        "k1":-0.2718022607,
        "k2":-0.0648626434,
        "k3":0.1280417055,
        "height_px":1550,
        "width_px":2048
    },
    {
        "sensor_name":"ring_rear_left",
        "fx_px":1685.7639188473,
        "fy_px":1685.7639188473,
        "cx_px":1026.0300124168,
        "cy_px":773.4263035852,
        "k1":-0.2705121777,
        "k2":-0.0731562709,
        "k3":0.1375465928,
        "height_px":1550,
        "width_px":2048
    },
    {
        "sensor_name":"ring_rear_right",
        "fx_px":1686.8588100633,
        "fy_px":1686.8588100633,
        "cx_px":1024.8124722604,
        "cy_px":774.9845800721,
        "k1":-0.2735673446,
        "k2":-0.0617675952,
        "k3":0.1267992018,
        "height_px":1550,
        "width_px":2048
    },
    {
        "sensor_name":"ring_side_left",
        "fx_px":1686.622412859,
        "fy_px":1686.622412859,
        "cx_px":1023.8434065783,
        "cy_px":773.3929876079,
        "k1":-0.2809458397,
        "k2":-0.033322616,
        "k3":0.0979699334,
        "height_px":1550,
        "width_px":2048
    },
    {
        "sensor_name":"ring_side_right",
        "fx_px":1685.4635876338,
        "fy_px":1685.4635876338,
        "cx_px":1024.0732685482,
        "cy_px":772.7527848139,
        "k1":-0.2765970486,
        "k2":-0.048788132,
        "k3":0.1124186266,
        "height_px":1550,
        "width_px":2048
    },
    {
        "sensor_name":"stereo_front_left",
        "fx_px":1688.1291898885,
        "fy_px":1688.1291898885,
        "cx_px":1023.7142158359,
        "cy_px":771.2583114583,
        "k1":-0.2748722639,
        "k2":-0.0557150752,
        "k3":0.1195406852,
        "height_px":1550,
        "width_px":2048
    },
    {
        "sensor_name":"stereo_front_right",
        "fx_px":1685.1675647039,
        "fy_px":1685.1675647039,
        "cx_px":1025.3523426137,
        "cy_px":771.8662431457,
        "k1":-0.277959812,
        "k2":-0.0408684217,
        "k3":0.1042225023,
        "height_px":1550,
        "width_px":2048
    }
]