[
    {
        "timestamp_ns": 315966218859797000,
        "track_uuid": "06a4fbee-3ec3-410f-ad9a-886bfa027a6d",
        "category": "BOLLARD",
        "length_m": 0.4337669015,
        "width_m": 0.2882225215,
        "height_m": 0.9383001328,
        "qw": 0.9209657913,
        "qx": 0.0,
        "qy": 0.0,
        "qz": -0.3896434413,
        "tx_m": 38.5706116856,
        "ty_m": 45.6457590675,
        "tz_m": -0.8506530677,
        "num_interior_pts": 4
    },
    {
        "timestamp_ns": 315966218959994000,
        "track_uuid": "2d46372d-05da-4353-be1e-125d1551a7b5",
        "category": "PEDESTRIAN",
        "length_m": 0.6,
        "width_m": 0.910908103,
        "height_m": 1.5641441345,
        "qw": 0.9205046298,
        "qx": 0.0,
        "qy": 0.0,
        "qz": 0.3907316554,
        "tx_m": 62.5488330603,
        "ty_m": 49.539395576,
        "tz_m": -0.0923985481,
        "num_interior_pts": 3
    },
    {
        "timestamp_ns": 315966219060186000,
        "track_uuid": "fe58ccb9-98ba-4282-9f5c-2ec614eafdec",
        "category": "PEDESTRIAN",
        "length_m": 0.7411077023,
        "width_m": 0.8257423043,
        "height_m": 1.9354753494,
        "qw": 0.7019202979,
        "qx": 0.0,
        "qy": 0.0,
        "qz": 0.7122554987,
        "tx_m": 46.5935934152,
        "ty_m": 19.8241029751,
        "tz_m": 0.5733906865,
        "num_interior_pts": 26
    },
    {
        "timestamp_ns": 315966219159719000,
        "track_uuid": "6ef568cb-b760-44bf-bcc2-a65ceec947f8",
        "category": "SIGN",
        "length_m": 0.3041,
        "width_m": 1.2812509537,
        "height_m": 3.232211113,
        "qw": 0.9998844641,
        "qx": 0.0,
        "qy": 0.0,
        "qz": -0.0152006092,
        "tx_m": -26.2155803613,
        "ty_m": 12.6755823804,
        "tz_m": 0.6920363929,
        "num_interior_pts": 100
    },
    {
        "timestamp_ns": 315966219259915000,
        "track_uuid": "aacdbb3e-a666-4080-b48f-d216932e366e",
        "category": "BOLLARD",
        "length_m": 0.4806513786,
        "width_m": 0.2398722619,
        "height_m": 0.8932094574,
        "qw": 0.993983697,
        "qx": 0.0,
        "qy": 0.0,
        "qz": -0.109528125,
        "tx_m": 20.1613912557,
        "ty_m": 28.1848618006,
        "tz_m": -0.5184180196,
        "num_interior_pts": 13
    },
    {
        "timestamp_ns": 315966219360112000,
        "track_uuid": "36ad4293-7ea3-42b0-bc3c-549d81681643",
        "category": "PEDESTRIAN",
        "length_m": 0.6,
        "width_m": 0.6,
        "height_m": 1.5,
        "qw": -0.0468838366,
        "qx": 0.0,
        "qy": 0.0,
        "qz": 0.9989003483,
        "tx_m": -61.0109664148,
        "ty_m": -10.5425276303,
        "tz_m": 0.1627390755,
        "num_interior_pts": 1
    },
    {
        "timestamp_ns": 315966219459645000,
        "track_uuid": "24cba609-6827-4ff5-8a07-9a4e53a261b0",
        "category": "REGULAR_VEHICLE",
        "length_m": 5.9733762741,
        "width_m": 1.74,
        "height_m": 1.41,
        "qw": 0.3793843475,
        "qx": 0.0,
        "qy": 0.0,
        "qz": 0.9252391674,
        "tx_m": 122.173031348,
        "ty_m": 118.1271252365,
        "tz_m": -0.5794503519,
        "num_interior_pts": 13
    },
    {
        "timestamp_ns": 315966219559841000,
        "track_uuid": "d3e62963-d03b-4259-b70b-821ff77712ee",
        "category": "TRUCK_CAB",
        "length_m": 6.3018541336,
        "width_m": 4.0391945839,
        "height_m": 4.2123918533,
        "qw": 0.9999974004,
        "qx": 0.0,
        "qy": 0.0,
        "qz": 0.0022801698,
        "tx_m": 57.4779627943,
        "ty_m": -2.8599110137,
        "tz_m": 2.3023533806,
        "num_interior_pts": 32
    },
    {
        "timestamp_ns": 315966219660038000,
        "track_uuid": "a417a5a1-17aa-4670-803a-321b004181fe",
        "category": "BOLLARD",
        "length_m": 0.6774,
        "width_m": 0.2520502508,
        "height_m": 0.9699411392,
        "qw": 0.7032841823,
        "qx": 0.0,
        "qy": 0.0,
        "qz": 0.710908826,
        "tx_m": 106.9885484725,
        "ty_m": 0.307145555,
        "tz_m": 1.1184759832,
        "num_interior_pts": 1
    },
    {
        "timestamp_ns": 315966219759571000,
        "track_uuid": "2fa3feed-1294-4563-ac1e-874d27c63815",
        "category": "PEDESTRIAN",
        "length_m": 0.6713149548,
        "width_m": 0.6484478116,
        "height_m": 1.8138132095,
        "qw": -0.0295893988,
        "qx": 0.0,
        "qy": 0.0,
        "qz": 0.9995621379,
        "tx_m": -13.0599433371,
        "ty_m": -8.5892883699,
        "tz_m": 0.777168714,
        "num_interior_pts": 155
    },
    {
        "timestamp_ns": 315966219859767000,
        "track_uuid": "cabf7507-5232-4b68-96d5-3fa7971e9107",
        "category": "PEDESTRIAN",
        "length_m": 0.6,
        "width_m": 0.67273736,
        "height_m": 1.9219837189,
        "qw": 0.5351431145,
        "qx": 0.0,
        "qy": 0.0,
        "qz": 0.8447614143,
        "tx_m": -15.54764902,
        "ty_m": 16.7348806061,
        "tz_m": 0.6834456173,
        "num_interior_pts": 36
    },
    {
        "timestamp_ns": 315966219959964000,
        "track_uuid": "9a9e10a3-6cc2-4723-b564-61501f1ce200",
        "category": "REGULAR_VEHICLE",
        "length_m": 4.03,
        "width_m": 2.3480772972,
        "height_m": 1.41,
        "qw": 0.9998795477,
        "qx": 0.0,
        "qy": 0.0,
        "qz": 0.0155206376,
        "tx_m": 199.3940721992,
        "ty_m": 1.3600410936,
        "tz_m": 2.3092696636,
        "num_interior_pts": 2
    },
    {
        "timestamp_ns": 315966220060156000,
        "track_uuid": "5c1b0330-86c4-477b-a74e-43afe66c39fb",
        "category": "BOLLARD",
        "length_m": 0.4354736507,
        "width_m": 0.248088181,
        "height_m": 1.038933754,
        "qw": 0.7159181443,
        "qx": 0.0,
        "qy": 0.0,
        "qz": -0.698184224,
        "tx_m": -20.892174772,
        "ty_m": 12.1617767089,
        "tz_m": -0.3344665491,
        "num_interior_pts": 26
    },
    {
        "timestamp_ns": 315966220159689000,
        "track_uuid": "a3c3a796-5c97-4440-9d8e-73cd32551f91",
        "category": "BUS",
        "length_m": 11.0097751617,
        "width_m": 2.7111067772,
        "height_m": 3.0227909088,
        "qw": 0.9989590487,
        "qx": 0.0,
        "qy": 0.0,
        "qz": 0.0456159955,
        "tx_m": 5.7857736664,
        "ty_m": -3.4624302977,
        "tz_m": 1.2475121199,
        "num_interior_pts": 28226
    },
    {
        "timestamp_ns": 315966220259885000,
        "track_uuid": "6b0e16e4-bf35-47d6-a0bb-f58337539732",
        "category": "PEDESTRIAN",
        "length_m": 0.6144829988,
        "width_m": 0.9526014924,
        "height_m": 1.6936473846,
        "qw": -0.0403940305,
        "qx": 0.0,
        "qy": 0.0,
        "qz": 0.9991838281,
        "tx_m": 39.5987302361,
        "ty_m": 12.984826781,
        "tz_m": 0.3710467203,
        "num_interior_pts": 35
    },
    {
        "timestamp_ns": 315966220360082000,
        "track_uuid": "302bcf5c-ba7b-4286-b132-38280f1b1413",
        "category": "REGULAR_VEHICLE",
        "length_m": 4.2719135284,
        "width_m": 1.74,
        "height_m": 1.41,
        "qw": 0.3082527923,
        "qx": 0.0,
        "qy": 0.0,
        "qz": 0.9513044812,
        "tx_m": -69.3371238925,
        "ty_m": 12.7676911645,
        "tz_m": -0.4716561682,
        "num_interior_pts": 20
    },
    {
        "timestamp_ns": 315966220459615000,
        "track_uuid": "d95e1584-4d14-41f4-91db-009fa1b71707",
        "category": "REGULAR_VEHICLE",
        "length_m": 4.03,
        "width_m": 2.2529039383,
        "height_m": 1.41,
        "qw": 0.9239204431,
        "qx": 0.0,
        "qy": 0.0,
        "qz": 0.3825846504,
        "tx_m": 95.2693238934,
        "ty_m": 87.7079326379,
        "tz_m": -0.4051646735,
        "num_interior_pts": 2
    },
    {
        "timestamp_ns": 315966220559811000,
        "track_uuid": "71c89d49-07a5-4178-8b7f-84794957da3d",
        "category": "BOLLARD",
        "length_m": 0.4941839278,
        "width_m": 0.4494039416,
        "height_m": 1.025557518,
        "qw": 0.9282584162,
        "qx": 0.0,
        "qy": 0.0,
        "qz": -0.3719358986,
        "tx_m": 39.1959555354,
        "ty_m": 43.9076195744,
        "tz_m": -0.8242238034,
        "num_interior_pts": 1
    },
    {
        "timestamp_ns": 315966220660008000,
        "track_uuid": "06984829-4450-42dd-95e4-d83b2c55bc52",
        "category": "PEDESTRIAN",
        "length_m": 0.6,
        "width_m": 1.063015461,
        "height_m": 1.7515792847,
        "qw": 0.9999740627,
        "qx": 0.0,
        "qy": 0.0,
        "qz": -0.0072023599,
        "tx_m": 33.6857610748,
        "ty_m": -5.6147395249,
        "tz_m": 0.8936870434,
        "num_interior_pts": 12
    },
    {
        "timestamp_ns": 315966220760204000,
        "track_uuid": "744932ca-e905-46dc-b122-a2570dac9d98",
        "category": "PEDESTRIAN",
        "length_m": 0.8843169212,
        "width_m": 0.8081121445,
        "height_m": 1.8349876404,
        "qw": 0.9818531751,
        "qx": 0.0,
        "qy": 0.0,
        "qz": 0.1896426709,
        "tx_m": -22.1916196346,
        "ty_m": 12.9804559218,
        "tz_m": 0.0277724192,
        "num_interior_pts": 38
    },
    {
        "timestamp_ns": 315966220859737000,
        "track_uuid": "302bcf5c-ba7b-4286-b132-38280f1b1413",
        "category": "REGULAR_VEHICLE",
        "length_m": 4.2719135284,
        "width_m": 1.74,
        "height_m": 1.41,
        "qw": 0.3090259165,
        "qx": 0.0,
        "qy": 0.0,
        "qz": 0.9510536173,
        "tx_m": -69.3448092186,
        "ty_m": 12.7765651067,
        "tz_m": -0.4710337803,
        "num_interior_pts": 22
    },
    {
        "timestamp_ns": 315966220959933000,
        "track_uuid": "d4cf5b12-a431-4395-9c2a-77a5d72dbe68",
        "category": "REGULAR_VEHICLE",
        "length_m": 4.5906925201,
        "width_m": 2.40610075,
        "height_m": 1.6255273819,
        "qw": 0.372964714,
        "qx": 0.0,
        "qy": 0.0,
        "qz": 0.9278455271,
        "tx_m": -67.2811881874,
        "ty_m": 15.9707473467,
        "tz_m": -0.4769571077,
        "num_interior_pts": 9
    },
    {
        "timestamp_ns": 315966221060125000,
        "track_uuid": "6907f163-bfb9-476f-955c-3dcf14a921e7",
        "category": "BOLLARD",
        "length_m": 0.6774,
        "width_m": 0.1665240824,
        "height_m": 1.0173416138,
        "qw": 0.6840441089,
        "qx": 0.0,
        "qy": 0.0,
        "qz": 0.7294406467,
        "tx_m": 113.9985782998,
        "ty_m": 0.6271211867,
        "tz_m": 1.1900329786,
        "num_interior_pts": 1
    },
    {
        "timestamp_ns": 315966221159658000,
        "track_uuid": "a3c3a796-5c97-4440-9d8e-73cd32551f91",
        "category": "BUS",
        "length_m": 11.0097751617,
        "width_m": 2.7111067772,
        "height_m": 3.0227909088,
        "qw": 0.9989588743,
        "qx": 0.0,
        "qy": 0.0,
        "qz": 0.0456198137,
        "tx_m": 5.7816315334,
        "ty_m": -3.4623260809,
        "tz_m": 1.2467211559,
        "num_interior_pts": 28264
    },
    {
        "timestamp_ns": 315966221259854000,
        "track_uuid": "6119f7af-26d0-432d-8c33-9156193df9bb",
        "category": "PEDESTRIAN",
        "length_m": 0.6490725279,
        "width_m": 0.9721554518,
        "height_m": 1.6715459824,
        "qw": -0.0383344444,
        "qx": 0.0,
        "qy": 0.0,
        "qz": 0.999264965,
        "tx_m": 38.5351870567,
        "ty_m": 14.2535676149,
        "tz_m": 0.3052663308,
        "num_interior_pts": 37
    },
    {
        "timestamp_ns": 315966221360051000,
        "track_uuid": "302bcf5c-ba7b-4286-b132-38280f1b1413",
        "category": "REGULAR_VEHICLE",
        "length_m": 4.2719135284,
        "width_m": 1.74,
        "height_m": 1.41,
        "qw": 0.3097513491,
        "qx": 0.0,
        "qy": 0.0,
        "qz": 0.9508175965,
        "tx_m": -69.3610542332,
        "ty_m": 12.7806617479,
        "tz_m": -0.4720047032,
        "num_interior_pts": 20
    },
    {
        "timestamp_ns": 315966221460247000,
        "track_uuid": "cdf4cb18-ec99-4272-865f-88124a65c572",
        "category": "REGULAR_VEHICLE",
        "length_m": 4.03,
        "width_m": 1.7937216759,
        "height_m": 1.7423839569,
        "qw": 0.9998848169,
        "qx": 0.0,
        "qy": 0.0,
        "qz": 0.0151773817,
        "tx_m": 93.1091166978,
        "ty_m": -2.3366683893,
        "tz_m": 1.404669988,
        "num_interior_pts": 1
    },
    {
        "timestamp_ns": 315966221559780000,
        "track_uuid": "6907f163-bfb9-476f-955c-3dcf14a921e7",
        "category": "BOLLARD",
        "length_m": 0.6774,
        "width_m": 0.1665240824,
        "height_m": 1.0173416138,
        "qw": 0.6840696275,
        "qx": 0.0,
        "qy": 0.0,
        "qz": 0.7294167154,
        "tx_m": 114.0024391156,
        "ty_m": 0.6060944828,
        "tz_m": 1.1878543903,
        "num_interior_pts": 2
    },
    {
        "timestamp_ns": 315966221659977000,
        "track_uuid": "9a1b3823-96fd-4ed2-adb0-fedc0077d0f1",
        "category": "BUS",
        "length_m": 12.8959436417,
        "width_m": 2.5,
        "height_m": 3.0,
        "qw": 0.1550969736,
        "qx": 0.0,
        "qy": 0.0,
        "qz": 0.9878992503,
        "tx_m": -63.0919082598,
        "ty_m": 5.9538269519,
        "tz_m": 0.6112849995,
        "num_interior_pts": 107
    },
    {
        "timestamp_ns": 315966221760173000,
        "track_uuid": "57d10ed4-322c-43cb-b503-4acfda23055d",
        "category": "PEDESTRIAN",
        "length_m": 0.8892585039,
        "width_m": 0.6,
        "height_m": 1.5,
        "qw": 0.7166579741,
        "qx": 0.0,
        "qy": 0.0,
        "qz": -0.6974247975,
        "tx_m": 173.9302982395,
        "ty_m": 18.1679832283,
        "tz_m": 1.4992281239,
        "num_interior_pts": 0
    },
    {
        "timestamp_ns": 315966221859706000,
        "track_uuid": "b91cb1ff-c6c7-43d4-9681-2e078afe42b5",
        "category": "PEDESTRIAN",
        "length_m": 0.6,
        "width_m": 0.800205946,
        "height_m": 1.6547784805,
        "qw": 0.9218287511,
        "qx": 0.0,
        "qy": 0.0,
        "qz": 0.3875974117,
        "tx_m": 47.1646700064,
        "ty_m": 53.1312750569,
        "tz_m": -0.6537543279,
        "num_interior_pts": 9
    },
    {
        "timestamp_ns": 315966221959902000,
        "track_uuid": "71fb0e4b-211f-4cf2-a9b9-0f6cf0f96e4c",
        "category": "REGULAR_VEHICLE",
        "length_m": 4.03,
        "width_m": 2.7898521423,
        "height_m": 2.5157,
        "qw": -0.0128588967,
        "qx": 0.0,
        "qy": 0.0,
        "qz": 0.999917321,
        "tx_m": 192.0362711348,
        "ty_m": 14.6005289418,
        "tz_m": 1.8767152543,
        "num_interior_pts": 1
    },
    {
        "timestamp_ns": 315966222060095000,
        "track_uuid": "a0fffcfa-637a-4a85-9de7-d590847c299a",
        "category": "REGULAR_VEHICLE",
        "length_m": 4.4853959084,
        "width_m": 1.8085818291,
        "height_m": 1.6229753494,
        "qw": 0.9304328686,
        "qx": 0.0,
        "qy": 0.0,
        "qz": -0.3664623815,
        "tx_m": 26.3881578997,
        "ty_m": 44.6122338802,
        "tz_m": -0.3222768702,
        "num_interior_pts": 2
    },
    {
        "timestamp_ns": 315966222159628000,
        "track_uuid": "25c0c343-5193-4e11-b91f-cd42eecfcc23",
        "category": "BOLLARD",
        "length_m": 0.409261167,
        "width_m": 0.2610140443,
        "height_m": 1.0574789047,
        "qw": 0.7146025566,
        "qx": 0.0,
        "qy": 0.0,
        "qz": -0.6995306899,
        "tx_m": -16.3620913937,
        "ty_m": 12.242591375,
        "tz_m": -0.3274956965,
        "num_interior_pts": 21
    },
    {
        "timestamp_ns": 315966222259824000,
        "track_uuid": "8b51fd9f-a02f-4d2c-b5a7-e7af5222791b",
        "category": "BOLLARD",
        "length_m": 0.4034335613,
        "width_m": 0.3051585257,
        "height_m": 0.9945058823,
        "qw": 0.9182033022,
        "qx": 0.0,
        "qy": 0.0,
        "qz": -0.3961094493,
        "tx_m": 23.1087097594,
        "ty_m": 13.6257910989,
        "tz_m": -0.1235852979,
        "num_interior_pts": 13
    },
    {
        "timestamp_ns": 315966222360021000,
        "track_uuid": "1ec2bb38-b755-427d-bf6a-41cfdae98370",
        "category": "BUS",
        "length_m": 9.5,
        "width_m": 2.5,
        "height_m": 3.0,
        "qw": 0.0663146934,
        "qx": 0.0,
        "qy": 0.0,
        "qz": 0.997798758,
        "tx_m": -50.2473991143,
        "ty_m": 2.6909090985,
        "tz_m": 0.9099653774,
        "num_interior_pts": 186
    },
    {
        "timestamp_ns": 315966222460217000,
        "track_uuid": "2fa3feed-1294-4563-ac1e-874d27c63815",
        "category": "PEDESTRIAN",
        "length_m": 0.6713149548,
        "width_m": 0.6484478116,
        "height_m": 1.8138132095,
        "qw": -0.0295249515,
        "qx": 0.0,
        "qy": 0.0,
        "qz": 0.9995640436,
        "tx_m": -18.2022766725,
        "ty_m": -8.6863352746,
        "tz_m": 0.8242668189,
        "num_interior_pts": 85
    },
    {
        "timestamp_ns": 315966222559750000,
        "track_uuid": "8a683535-5ab0-4c8a-9275-923724716396",
        "category": "PEDESTRIAN",
        "length_m": 0.6,
        "width_m": 0.7497535944,
        "height_m": 1.8807916641,
        "qw": -0.0188826152,
        "qx": 0.0,
        "qy": 0.0,
        "qz": 0.9998217075,
        "tx_m": 28.315377216,
        "ty_m": 15.7761806282,
        "tz_m": 0.1222733289,
        "num_interior_pts": 39
    },
    {
        "timestamp_ns": 315966222659947000,
        "track_uuid": "302bcf5c-ba7b-4286-b132-38280f1b1413",
        "category": "REGULAR_VEHICLE",
        "length_m": 4.2719135284,
        "width_m": 1.74,
        "height_m": 1.41,
        "qw": 0.3117034887,
        "qx": 0.0,
        "qy": 0.0,
        "qz": 0.9501794226,
        "tx_m": -69.4176283215,
        "ty_m": 12.8290086606,
        "tz_m": -0.1093572382,
        "num_interior_pts": 8
    },
    {
        "timestamp_ns": 315966222760143000,
        "track_uuid": "83d3adc2-8b8f-42b5-80b8-8dd43add7107",
        "category": "REGULAR_VEHICLE",
        "length_m": 4.03,
        "width_m": 1.7525632381,
        "height_m": 1.4581279755,
        "qw": 0.9999616438,
        "qx": 0.0,
        "qy": 0.0,
        "qz": 0.0087584807,
        "tx_m": -8.724471794,
        "ty_m": -3.9378330334,
        "tz_m": 0.4449553207,
        "num_interior_pts": 601
    },
    {
        "timestamp_ns": 315966222859676000,
        "track_uuid": "d95e1584-4d14-41f4-91db-009fa1b71707",
        "category": "REGULAR_VEHICLE",
        "length_m": 4.03,
        "width_m": 2.2529039383,
        "height_m": 1.41,
        "qw": 0.9240192532,
        "qx": 0.0,
        "qy": 0.0,
        "qz": 0.3823459425,
        "tx_m": 95.2008195428,
        "ty_m": 87.663882717,
        "tz_m": -1.17918716,
        "num_interior_pts": 4
    },
    {
        "timestamp_ns": 315966222959872000,
        "track_uuid": "3732c2f8-3631-4706-9097-20d021b6f24b",
        "category": "BOLLARD",
        "length_m": 0.4091376662,
        "width_m": 0.2531667054,
        "height_m": 1.0957078934,
        "qw": 0.7097353915,
        "qx": 0.0,
        "qy": 0.0,
        "qz": -0.7044683627,
        "tx_m": -18.2069034251,
        "ty_m": 12.2323678778,
        "tz_m": -0.1582026909,
        "num_interior_pts": 31
    },
    {
        "timestamp_ns": 315966223060065000,
        "track_uuid": "a417a5a1-17aa-4670-803a-321b004181fe",
        "category": "BOLLARD",
        "length_m": 0.6774,
        "width_m": 0.2520502508,
        "height_m": 0.9699411392,
        "qw": 0.7037245223,
        "qx": 0.0,
        "qy": 0.0,
        "qz": 0.7104729388,
        "tx_m": 106.5682702864,
        "ty_m": 0.2066750071,
        "tz_m": 0.4196424387,
        "num_interior_pts": 1
    },
    {
        "timestamp_ns": 315966223159598000,
        "track_uuid": "1ec2bb38-b755-427d-bf6a-41cfdae98370",
        "category": "BUS",
        "length_m": 9.5,
        "width_m": 2.5,
        "height_m": 3.0,
        "qw": 0.0670827764,
        "qx": 0.0,
        "qy": 0.0,
        "qz": 0.9977474135,
        "tx_m": -50.6925566737,
        "ty_m": 2.7714212975,
        "tz_m": 1.1145974056,
        "num_interior_pts": 176
    },
    {
        "timestamp_ns": 315966223259794000,
        "track_uuid": "1c05bf79-97f1-415b-b9cc-bbecb36d2719",
        "category": "PEDESTRIAN",
        "length_m": 1.0196943283,
        "width_m": 1.2309029102,
        "height_m": 1.735660553,
        "qw": 0.9203468615,
        "qx": 0.0,
        "qy": 0.0,
        "qz": 0.3911031251,
        "tx_m": 81.8430335947,
        "ty_m": 69.9042722462,
        "tz_m": -0.7098109462,
        "num_interior_pts": 0
    },
    {
        "timestamp_ns": 315966223359991000,
        "track_uuid": "57d10ed4-322c-43cb-b503-4acfda23055d",
        "category": "PEDESTRIAN",
        "length_m": 0.8892585039,
        "width_m": 0.6,
        "height_m": 1.5,
        "qw": 0.7161728146,
        "qx": 0.0,
        "qy": 0.0,
        "qz": -0.6979229897,
        "tx_m": 173.2809677459,
        "ty_m": 17.7885909577,
        "tz_m": 0.8059353707,
        "num_interior_pts": 1
    },
    {
        "timestamp_ns": 315966223460187000,
        "track_uuid": "b91cb1ff-c6c7-43d4-9681-2e078afe42b5",
        "category": "PEDESTRIAN",
        "length_m": 0.6,
        "width_m": 0.800205946,
        "height_m": 1.6547784805,
        "qw": 0.9224532839,
        "qx": 0.0,
        "qy": 0.0,
        "qz": 0.3861087139,
        "tx_m": 48.5259628832,
        "ty_m": 54.8343648166,
        "tz_m": -0.8752655326,
        "num_interior_pts": 8
    },
    {
        "timestamp_ns": 315966223559720000,
        "track_uuid": "46ce95b3-bad7-4a09-a85c-a8633671246e",
        "category": "REGULAR_VEHICLE",
        "length_m": 4.03,
        "width_m": 2.1054711342,
        "height_m": 1.4159507751,
        "qw": 0.9949060165,
        "qx": 0.0,
        "qy": 0.0,
        "qz": -0.1008068369,
        "tx_m": -60.6280404981,
        "ty_m": -0.5304790417,
        "tz_m": 0.5164173086,
        "num_interior_pts": 2
    },
    {
        "timestamp_ns": 315966223659917000,
        "track_uuid": "9819dcb7-6aee-4b6d-b772-87fe61a50398",
        "category": "REGULAR_VEHICLE",
        "length_m": 4.03,
        "width_m": 1.74,
        "height_m": 1.41,
        "qw": 0.9998902183,
        "qx": 0.0,
        "qy": 0.0,
        "qz": 0.014817263,
        "tx_m": 212.755156861,
        "ty_m": 0.4735958684,
        "tz_m": 1.0791250826,
        "num_interior_pts": 0
    },
    {
        "timestamp_ns": 315966223760113000,
        "track_uuid": "06a4fbee-3ec3-410f-ad9a-886bfa027a6d",
        "category": "BOLLARD",
        "length_m": 0.4337669015,
        "width_m": 0.2882225215,
        "height_m": 0.9383001328,
        "qw": 0.9197934199,
        "qx": 0.0,
        "qy": 0.0,
        "qz": -0.3924029367,
        "tx_m": 37.4357785927,
        "ty_m": 45.3872587904,
        "tz_m": -1.2528223395,
        "num_interior_pts": 4
    },
    {
        "timestamp_ns": 315966223859646000,
        "track_uuid": "71c89d49-07a5-4178-8b7f-84794957da3d",
        "category": "BOLLARD",
        "length_m": 0.4941839278,
        "width_m": 0.4494039416,
        "height_m": 1.025557518,
        "qw": 0.9269738485,
        "qx": 0.0,
        "qy": 0.0,
        "qz": -0.3751259577,
        "tx_m": 37.9270108582,
        "ty_m": 43.7090611021,
        "tz_m": -1.2532118985,
        "num_interior_pts": 1
    },
    {
        "timestamp_ns": 315966223959842000,
        "track_uuid": "aacdbb3e-a666-4080-b48f-d216932e366e",
        "category": "BOLLARD",
        "length_m": 0.4806513786,
        "width_m": 0.2398722619,
        "height_m": 0.8932094574,
        "qw": 0.9935601687,
        "qx": 0.0,
        "qy": 0.0,
        "qz": -0.1133057416,
        "tx_m": 18.5727544181,
        "ty_m": 28.0294897112,
        "tz_m": -0.7551963612,
        "num_interior_pts": 4
    },
    {
        "timestamp_ns": 315966224060034000,
        "track_uuid": "1ec2bb38-b755-427d-bf6a-41cfdae98370",
        "category": "BUS",
        "length_m": 9.5,
        "width_m": 2.5,
        "height_m": 3.0,
        "qw": 0.0704984899,
        "qx": 0.0,
        "qy": 0.0,
        "qz": 0.9975118861,
        "tx_m": -52.173999818,
        "ty_m": 3.1372584558,
        "tz_m": 1.2913203444,
        "num_interior_pts": 174
    },
    {
        "timestamp_ns": 315966224160230000,
        "track_uuid": "145b5be5-51e8-4f16-b4b5-c2074c620c4a",
        "category": "PEDESTRIAN",
        "length_m": 0.6286447644,
        "width_m": 0.7789866924,
        "height_m": 1.8081970215,
        "qw": 0.9998141171,
        "qx": 0.0,
        "qy": 0.0,
        "qz": 0.0192803326,
        "tx_m": -28.2187231227,
        "ty_m": 13.9176863735,
        "tz_m": 0.199334827,
        "num_interior_pts": 30
    },
    {
        "timestamp_ns": 315966224259763000,
        "track_uuid": "54d11d3d-312c-4c22-a179-4843b09ee57c",
        "category": "PEDESTRIAN",
        "length_m": 1.4165,
        "width_m": 0.9521454573,
        "height_m": 1.5,
        "qw": 0.967792341,
        "qx": 0.0,
        "qy": 0.0,
        "qz": -0.2517498453,
        "tx_m": 109.7335063064,
        "ty_m": 105.6116621611,
        "tz_m": -1.7515262729,
        "num_interior_pts": 0
    },
    {
        "timestamp_ns": 315966224359960000,
        "track_uuid": "b1231701-968f-4f86-91d1-f4b342783f7c",
        "category": "PEDESTRIAN",
        "length_m": 1.0287139416,
        "width_m": 1.0456438065,
        "height_m": 2.1346,
        "qw": -0.3845568702,
        "qx": 0.0,
        "qy": 0.0,
        "qz": 0.9231013019,
        "tx_m": 49.4922349976,
        "ty_m": 39.6995332198,
        "tz_m": -0.4357655148,
        "num_interior_pts": 12
    },
    {
        "timestamp_ns": 315966224460156000,
        "track_uuid": "1b672b86-4a03-4c0a-a7e2-4cd2b886fe2b",
        "category": "REGULAR_VEHICLE",
        "length_m": 4.0775699615,
        "width_m": 1.9348561764,
        "height_m": 1.5580358505,
        "qw": 0.9778073908,
        "qx": 0.0,
        "qy": 0.0,
        "qz": -0.2095058628,
        "tx_m": 23.9071209239,
        "ty_m": -4.5133561673,
        "tz_m": 0.4152556509,
        "num_interior_pts": 23
    },
    {
        "timestamp_ns": 315966224559689000,
        "track_uuid": "7e87c196-7cbf-487a-96db-36848935c442",
        "category": "REGULAR_VEHICLE",
        "length_m": 4.03,
        "width_m": 1.74,
        "height_m": 1.4173679352,
        "qw": 0.9239746168,
        "qx": 0.0,
        "qy": 0.0,
        "qz": 0.3824537979,
        "tx_m": 127.5760002673,
        "ty_m": 129.346020989,
        "tz_m": -2.4515487686,
        "num_interior_pts": 0
    },
    {
        "timestamp_ns": 315966224663058000,
        "track_uuid": "9b715147-85cc-4bed-bbe1-ca69a3d5b4e8",
        "category": "REGULAR_VEHICLE",
        "length_m": 4.1107416153,
        "width_m": 1.74,
        "height_m": 1.6648435593,
        "qw": 0.2895552891,
        "qx": 0.0,
        "qy": 0.0,
        "qz": 0.9571612897,
        "tx_m": -75.9272045994,
        "ty_m": 11.1720761441,
        "tz_m": 0.4473401354,
        "num_interior_pts": 1
    },
    {
        "timestamp_ns": 315966224760082000,
        "track_uuid": "df2cd485-a988-4635-bae7-c40f89a42c13",
        "category": "REGULAR_VEHICLE",
        "length_m": 4.03,
        "width_m": 1.782337904,
        "height_m": 1.4539966583,
        "qw": 0.9999759793,
        "qx": 0.0,
        "qy": 0.0,
        "qz": 0.0069311454,
        "tx_m": -7.9639749292,
        "ty_m": 0.2111107694,
        "tz_m": 0.45847713,
        "num_interior_pts": 484
    },
    {
        "timestamp_ns": 315966224859615000,
        "track_uuid": "08395998-6432-44dd-a00c-5cf3c834f68a",
        "category": "BOLLARD",
        "length_m": 0.4756168723,
        "width_m": 0.4310114384,
        "height_m": 0.9823207855,
        "qw": 0.9216654015,
        "qx": 0.0,
        "qy": 0.0,
        "qz": -0.3879856798,
        "tx_m": 31.2795306615,
        "ty_m": 41.345551428,
        "tz_m": -1.334560697,
        "num_interior_pts": 7
    },
    {
        "timestamp_ns": 315966224959811000,
        "track_uuid": "3a7a3753-4217-447a-8bbf-c597d5d7bc07",
        "category": "BOLLARD",
        "length_m": 0.4147545695,
        "width_m": 0.2409110665,
        "height_m": 1.0600557327,
        "qw": -0.7048849096,
        "qx": 0.0,
        "qy": 0.0,
        "qz": 0.7093216931,
        "tx_m": -24.077521997,
        "ty_m": 12.6813710632,
        "tz_m": -0.1655997598,
        "num_interior_pts": 18
    },
    {
        "timestamp_ns": 315966225060004000,
        "track_uuid": "7f65a593-c552-4575-802f-76fcac6a7e66",
        "category": "BOLLARD",
        "length_m": 0.4720207453,
        "width_m": 0.3517985344,
        "height_m": 0.9751873016,
        "qw": 0.9251046118,
        "qx": 0.0,
        "qy": 0.0,
        "qz": -0.3797123349,
        "tx_m": 31.8218109179,
        "ty_m": 40.0878880744,
        "tz_m": -1.3256125623,
        "num_interior_pts": 2
    },
    {
        "timestamp_ns": 315966225160200000,
        "track_uuid": "aacdbb3e-a666-4080-b48f-d216932e366e",
        "category": "BOLLARD",
        "length_m": 0.4806513786,
        "width_m": 0.2398722619,
        "height_m": 0.8932094574,
        "qw": 0.9925362659,
        "qx": 0.0,
        "qy": 0.0,
        "qz": -0.1219498291,
        "tx_m": 15.221482318,
        "ty_m": 27.6974570849,
        "tz_m": -0.8268253432,
        "num_interior_pts": 12
    },
    {
        "timestamp_ns": 315966225259733000,
        "track_uuid": "d9375a5d-5d30-413f-920b-3e03baaf7a5c",
        "category": "BOLLARD",
        "length_m": 0.4102379382,
        "width_m": 0.3524145484,
        "height_m": 0.9846563339,
        "qw": 0.9169367074,
        "qx": 0.0,
        "qy": 0.0,
        "qz": -0.3990326737,
        "tx_m": 18.7591917265,
        "ty_m": 14.1252333585,
        "tz_m": -0.4185330177,
        "num_interior_pts": 0
    },
    {
        "timestamp_ns": 315966225359930000,
        "track_uuid": "1b288433-a1bb-4529-8ebe-9e717457b5ae",
        "category": "BUS",
        "length_m": 11.5412902832,
        "width_m": 3.0706944466,
        "height_m": 3.5033760071,
        "qw": -0.0490280025,
        "qx": 0.0,
        "qy": 0.0,
        "qz": 0.9987974044,
        "tx_m": 123.1504171433,
        "ty_m": 6.7073198662,
        "tz_m": 1.238058839,
        "num_interior_pts": 29
    },
    {
        "timestamp_ns": 315966225460126000,
        "track_uuid": "9a1b3823-96fd-4ed2-adb0-fedc0077d0f1",
        "category": "BUS",
        "length_m": 12.8959436417,
        "width_m": 2.5,
        "height_m": 3.0,
        "qw": 0.1682872312,
        "qx": 0.0,
        "qy": 0.0,
        "qz": 0.9857380016,
        "tx_m": -69.6902016454,
        "ty_m": 7.7197693833,
        "tz_m": 1.1429345328,
        "num_interior_pts": 97
    },
    {
        "timestamp_ns": 315966225559659000,
        "track_uuid": "b3b2ea4e-80b0-429c-b495-8d86caf9f07d",
        "category": "BUS",
        "length_m": 9.5,
        "width_m": 2.5,
        "height_m": 3.0577297211,
        "qw": 0.8908904587,
        "qx": 0.0,
        "qy": 0.0,
        "qz": -0.4542182191,
        "tx_m": -105.5269292542,
        "ty_m": 41.4548491731,
        "tz_m": 0.3771773209,
        "num_interior_pts": 4
    },
    {
        "timestamp_ns": 315966225659855000,
        "track_uuid": "a3c3a796-5c97-4440-9d8e-73cd32551f91",
        "category": "BUS",
        "length_m": 11.0097751617,
        "width_m": 2.7111067772,
        "height_m": 3.0227909088,
        "qw": 0.9994163137,
        "qx": 0.0,
        "qy": 0.0,
        "qz": 0.0341618501,
        "tx_m": 6.0582686157,
        "ty_m": -3.0967726802,
        "tz_m": 1.2229276602,
        "num_interior_pts": 29230
    },
    {
        "timestamp_ns": 315966225760052000,
        "track_uuid": "9a1b3823-96fd-4ed2-adb0-fedc0077d0f1",
        "category": "BUS",
        "length_m": 12.8959436417,
        "width_m": 2.5,
        "height_m": 3.0,
        "qw": 0.168349776,
        "qx": 0.0,
        "qy": 0.0,
        "qz": 0.9857273218,
        "tx_m": -71.0283087609,
        "ty_m": 7.7363917182,
        "tz_m": 1.3621469116,
        "num_interior_pts": 81
    },
    {
        "timestamp_ns": 315966225859585000,
        "track_uuid": "1b288433-a1bb-4529-8ebe-9e717457b5ae",
        "category": "BUS",
        "length_m": 11.5412902832,
        "width_m": 3.0706944466,
        "height_m": 3.5033760071,
        "qw": -0.0288123017,
        "qx": 0.0,
        "qy": 0.0,
        "qz": 0.9995848395,
        "tx_m": 118.2012114347,
        "ty_m": 6.5414897351,
        "tz_m": 0.7612826511,
        "num_interior_pts": 42
    },
    {
        "timestamp_ns": 315966225959781000,
        "track_uuid": "eda8c814-ecff-4b4b-b2b3-a32201c0728a",
        "category": "BOLLARD",
        "length_m": 0.4313159287,
        "width_m": 0.3543959856,
        "height_m": 0.9932823181,
        "qw": 0.9230438349,
        "qx": 0.0,
        "qy": 0.0,
        "qz": -0.3846947867,
        "tx_m": 43.1507981517,
        "ty_m": 54.1819316016,
        "tz_m": -1.7749386111,
        "num_interior_pts": 1
    },
    {
        "timestamp_ns": 315966226059974000,
        "track_uuid": "bb306289-ff40-49c6-8d37-62532ef15556",
        "category": "BOLLARD",
        "length_m": 0.384871304,
        "width_m": 0.2641662061,
        "height_m": 1.0617866516,
        "qw": -0.7059960439,
        "qx": 0.0,
        "qy": 0.0,
        "qz": 0.7082157764,
        "tx_m": -24.0234389938,
        "ty_m": 12.7968691443,
        "tz_m": -0.3782857435,
        "num_interior_pts": 22
    },
    {
        "timestamp_ns": 315966226160170000,
        "track_uuid": "9cd7f129-ddb1-4333-9532-a3c6cd16cc78",
        "category": "BOLLARD",
        "length_m": 0.5397784114,
        "width_m": 0.2837293148,
        "height_m": 0.9674873352,
        "qw": 0.9951236815,
        "qx": 0.0,
        "qy": 0.0,
        "qz": -0.098634976,
        "tx_m": 14.4335138828,
        "ty_m": 25.8480333087,
        "tz_m": -0.4726838001,
        "num_interior_pts": 21
    },
    {
        "timestamp_ns": 315966226259703000,
        "track_uuid": "7f65a593-c552-4575-802f-76fcac6a7e66",
        "category": "BOLLARD",
        "length_m": 0.4720207453,
        "width_m": 0.3517985344,
        "height_m": 0.9751873016,
        "qw": 0.9236042211,
        "qx": 0.0,
        "qy": 0.0,
        "qz": -0.3833474178,
        "tx_m": 26.9290341979,
        "ty_m": 39.8595751231,
        "tz_m": -0.7228811947,
        "num_interior_pts": 0
    },
    {
        "timestamp_ns": 315966226359899000,
        "track_uuid": "5a6083e2-0a0e-456c-a28b-c92fb3e182b2",
        "category": "BOLLARD",
        "length_m": 0.4317588806,
        "width_m": 0.3847353458,
        "height_m": 0.8757514954,
        "qw": 0.9173873183,
        "qx": 0.0,
        "qy": 0.0,
        "qz": -0.3979956134,
        "tx_m": 51.095692636,
        "ty_m": 62.6471300155,
        "tz_m": -0.6476030849,
        "num_interior_pts": 3
    },
    {
        "timestamp_ns": 315966226460096000,
        "track_uuid": "366200a1-2f22-472c-b731-fb38aa2338c2",
        "category": "BOLLARD",
        "length_m": 0.2465093732,
        "width_m": 0.1608221382,
        "height_m": 1.0589923859,
        "qw": 0.9282919076,
        "qx": 0.0,
        "qy": 0.0,
        "qz": -0.3718523016,
        "tx_m": 21.0724661875,
        "ty_m": 42.095914748,
        "tz_m": -0.7366146799,
        "num_interior_pts": 1
    },
    {
        "timestamp_ns": 315966226560292000,
        "track_uuid": "08395998-6432-44dd-a00c-5cf3c834f68a",
        "category": "BOLLARD",
        "length_m": 0.4756168723,
        "width_m": 0.4310114384,
        "height_m": 0.9823207855,
        "qw": 0.9192977204,
        "qx": 0.0,
        "qy": 0.0,
        "qz": -0.3935628301,
        "tx_m": 24.7895237954,
        "ty_m": 40.9627010097,
        "tz_m": -0.9144840308,
        "num_interior_pts": 0
    },
    {
        "timestamp_ns": 315966226659825000,
        "track_uuid": "6c998e29-d1c0-4fb2-bae1-8ec1bc897997",
        "category": "SIGN",
        "length_m": 0.3041,
        "width_m": 1.2817350626,
        "height_m": 3.3497867584,
        "qw": 0.7627233937,
        "qx": 0.0,
        "qy": 0.0,
        "qz": 0.6467248447,
        "tx_m": 17.7516068997,
        "ty_m": -11.0236894067,
        "tz_m": 1.7711546867,
        "num_interior_pts": 0
    },
    {
        "timestamp_ns": 315966226760022000,
        "track_uuid": "c9c231fb-c838-43f7-8157-a69a3a538866",
        "category": "REGULAR_VEHICLE",
        "length_m": 4.03,
        "width_m": 1.74,
        "height_m": 1.41,
        "qw": 0.3902491527,
        "qx": 0.0,
        "qy": 0.0,
        "qz": 0.9207092912,
        "tx_m": 106.2431318611,
        "ty_m": 118.2053914469,
        "tz_m": -0.7705418428,
        "num_interior_pts": 3
    },
    {
        "timestamp_ns": 315966226860218000,
        "track_uuid": "9376ec15-45a1-4821-ab07-b5651fdaf9b9",
        "category": "REGULAR_VEHICLE",
        "length_m": 4.03,
        "width_m": 2.17811203,
        "height_m": 1.497756958,
        "qw": 0.9998553478,
        "qx": 0.0,
        "qy": 0.0,
        "qz": -0.0170083377,
        "tx_m": 128.6843641477,
        "ty_m": -1.819218813,
        "tz_m": 2.5002218873,
        "num_interior_pts": 3
    },
    {
        "timestamp_ns": 315966226959751000,
        "track_uuid": "71fb0e4b-211f-4cf2-a9b9-0f6cf0f96e4c",
        "category": "REGULAR_VEHICLE",
        "length_m": 4.03,
        "width_m": 2.7898521423,
        "height_m": 2.5157,
        "qw": 0.001546037,
        "qx": 0.0,
        "qy": 0.0,
        "qz": 0.9999988049,
        "tx_m": 179.8478839721,
        "ty_m": 8.4809779501,
        "tz_m": 3.4712381875,
        "num_interior_pts": 0
    },
    {
        "timestamp_ns": 315966227059944000,
        "track_uuid": "0d9a90cb-0e3e-40a6-bde7-efc675269ba2",
        "category": "REGULAR_VEHICLE",
        "length_m": 5.9064249992,
        "width_m": 2.33472085,
        "height_m": 2.5157,
        "qw": 0.8825142222,
        "qx": 0.0,
        "qy": 0.0,
        "qz": -0.4702857084,
        "tx_m": -114.1000003324,
        "ty_m": 40.1951456659,
        "tz_m": -1.6653672812,
        "num_interior_pts": 3
    },
    {
        "timestamp_ns": 315966227160140000,
        "track_uuid": "9a1627d0-64fb-41a3-be79-9297a281724f",
        "category": "PEDESTRIAN",
        "length_m": 0.7566260099,
        "width_m": 0.8443962336,
        "height_m": 1.7188253403,
        "qw": -0.7002620876,
        "qx": 0.0,
        "qy": 0.0,
        "qz": 0.7138858513,
        "tx_m": 9.4153023961,
        "ty_m": -46.8821035584,
        "tz_m": 2.4500190609,
        "num_interior_pts": 18
    },
    {
        "timestamp_ns": 315966227259673000,
        "track_uuid": "57d10ed4-322c-43cb-b503-4acfda23055d",
        "category": "PEDESTRIAN",
        "length_m": 0.8892585039,
        "width_m": 0.6,
        "height_m": 1.5,
        "qw": -0.7052744933,
        "qx": 0.0,
        "qy": 0.0,
        "qz": 0.7089343334,
        "tx_m": 161.230415594,
        "ty_m": 12.3862842167,
        "tz_m": 2.822969237,
        "num_interior_pts": 2
    },
    {
        "timestamp_ns": 315966227359869000,
        "track_uuid": "109ccac7-edd0-4510-ada3-31b4aaf99949",
        "category": "PEDESTRIAN",
        "length_m": 0.6,
        "width_m": 0.6,
        "height_m": 1.5,
        "qw": 0.7201962045,
        "qx": 0.0,
        "qy": 0.0,
        "qz": 0.6937704426,
        "tx_m": -59.324828885,
        "ty_m": -8.5739332776,
        "tz_m": 0.0765788583,
        "num_interior_pts": 0
    },
    {
        "timestamp_ns": 315966227460066000,
        "track_uuid": "eda8c814-ecff-4b4b-b2b3-a32201c0728a",
        "category": "BOLLARD",
        "length_m": 0.4313159287,
        "width_m": 0.3543959856,
        "height_m": 0.9932823181,
        "qw": 0.9219272975,
        "qx": 0.0,
        "qy": 0.0,
        "qz": -0.387362954,
        "tx_m": 38.8943575412,
        "ty_m": 53.9268752921,
        "tz_m": -1.0579236986,
        "num_interior_pts": 1
    },
    {
        "timestamp_ns": 315966227559599000,
        "track_uuid": "71c89d49-07a5-4178-8b7f-84794957da3d",
        "category": "BOLLARD",
        "length_m": 0.4941839278,
        "width_m": 0.4494039416,
        "height_m": 1.025557518,
        "qw": 0.9220057146,
        "qx": 0.0,
        "qy": 0.0,
        "qz": -0.3871762678,
        "tx_m": 26.7148004543,
        "ty_m": 42.7573305979,
        "tz_m": -1.0549771787,
        "num_interior_pts": 1
    },
    {
        "timestamp_ns": 315966227659795000,
        "track_uuid": "08395998-6432-44dd-a00c-5cf3c834f68a",
        "category": "BOLLARD",
        "length_m": 0.4756168723,
        "width_m": 0.4310114384,
        "height_m": 0.9823207855,
        "qw": 0.9194849968,
        "qx": 0.0,
        "qy": 0.0,
        "qz": -0.3931250955,
        "tx_m": 22.2042990295,
        "ty_m": 40.9766210154,
        "tz_m": -1.0819508565,
        "num_interior_pts": 0
    },
    {
        "timestamp_ns": 315966227759992000,
        "track_uuid": "9a9e10a3-6cc2-4723-b564-61501f1ce200",
        "category": "REGULAR_VEHICLE",
        "length_m": 4.03,
        "width_m": 2.3480772972,
        "height_m": 1.41,
        "qw": 0.9999997511,
        "qx": 0.0,
        "qy": 0.0,
        "qz": -0.0007055673,
        "tx_m": 185.2429578223,
        "ty_m": -5.5115709284,
        "tz_m": 3.104441373,
        "num_interior_pts": 2
    },
    {
        "timestamp_ns": 315966227860188000,
        "track_uuid": "0750ca34-903c-4d5f-80c6-4394e7b4194b",
        "category": "REGULAR_VEHICLE",
        "length_m": 4.03,
        "width_m": 1.7661478519,
        "height_m": 1.5911178589,
        "qw": 0.9999962046,
        "qx": 0.0,
        "qy": 0.0,
        "qz": -0.0027551512,
        "tx_m": 64.9954746478,
        "ty_m": -0.551301882,
        "tz_m": 1.3501430565,
        "num_interior_pts": 1
    },
    {
        "timestamp_ns": 315966227959721000,
        "track_uuid": "5c00afc6-05e0-45f0-b617-8cb18fc7a8b7",
        "category": "PEDESTRIAN",
        "length_m": 0.8545229435,
        "width_m": 0.7148736715,
        "height_m": 1.6694869995,
        "qw": 0.9998246355,
        "qx": 0.0,
        "qy": 0.0,
        "qz": -0.0187269374,
        "tx_m": 28.1350819189,
        "ty_m": -8.368177181,
        "tz_m": 1.1881780691,
        "num_interior_pts": 0
    },
    {
        "timestamp_ns": 315966228059914000,
        "track_uuid": "b1446a98-7ed3-467b-96ec-913c175b2e70",
        "category": "CONSTRUCTION_CONE",
        "length_m": 0.2326,
        "width_m": 0.4467435479,
        "height_m": 0.7418336868,
        "qw": 0.7643621705,
        "qx": 0.0,
        "qy": 0.0,
        "qz": 0.6447871527,
        "tx_m": 20.2285781501,
        "ty_m": -47.388110082,
        "tz_m": 1.9478414479,
        "num_interior_pts": 4
    },
    {
        "timestamp_ns": 315966228160110000,
        "track_uuid": "ac11eaa8-11c8-45bf-96fe-e4c4f271ef98",
        "category": "BOLLARD",
        "length_m": 0.3686537147,
        "width_m": 0.3154245317,
        "height_m": 0.9405584335,
        "qw": 0.9240218501,
        "qx": 0.0,
        "qy": 0.0,
        "qz": -0.3823396664,
        "tx_m": 36.990001936,
        "ty_m": 55.652763733,
        "tz_m": -1.4222533777,
        "num_interior_pts": 3
    },
    {
        "timestamp_ns": 315966228263477000,
        "track_uuid": "282dc0c0-0382-4673-b879-ee36326381c6",
        "category": "BOLLARD",
        "length_m": 0.3312354982,
        "width_m": 0.2697976232,
        "height_m": 1.0858802795,
        "qw": 0.7099710052,
        "qx": 0.0,
        "qy": 0.0,
        "qz": -0.704230908,
        "tx_m": -27.678169321,
        "ty_m": 12.6826639167,
        "tz_m": -0.446879498,
        "num_interior_pts": 11
    },
    {
        "timestamp_ns": 315966228359839000,
        "track_uuid": "a318098e-b9f2-4caa-b614-ca679bba33a3",
        "category": "REGULAR_VEHICLE",
        "length_m": 4.03,
        "width_m": 1.74,
        "height_m": 1.7072753906,
        "qw": 0.9614358509,
        "qx": 0.0,
        "qy": 0.0,
        "qz": -0.2750292795,
        "tx_m": 100.6118349951,
        "ty_m": 116.7371011487,
        "tz_m": -1.6211643341,
        "num_interior_pts": 4
    },
    {
        "timestamp_ns": 315966228460036000,
        "track_uuid": "e9884db0-d16e-4485-b4d7-c6d8a9c8e648",
        "category": "PEDESTRIAN",
        "length_m": 0.6,
        "width_m": 1.0105887651,
        "height_m": 1.9619255066,
        "qw": 0.9999867568,
        "qx": 0.0,
        "qy": 0.0,
        "qz": -0.0051464774,
        "tx_m": 65.962512203,
        "ty_m": 14.2131033939,
        "tz_m": 0.6329444139,
        "num_interior_pts": 13
    },
    {
        "timestamp_ns": 315966228560232000,
        "track_uuid": "145b5be5-51e8-4f16-b4b5-c2074c620c4a",
        "category": "PEDESTRIAN",
        "length_m": 0.6286447644,
        "width_m": 0.7789866924,
        "height_m": 1.8081970215,
        "qw": 0.9999566409,
        "qx": 0.0,
        "qy": 0.0,
        "qz": 0.0093121637,
        "tx_m": -36.2659371523,
        "ty_m": 13.6903739773,
        "tz_m": -0.073993179,
        "num_interior_pts": 20
    },
    {
        "timestamp_ns": 315966228659765000,
        "track_uuid": "eb65d37f-e3f8-43f7-b5d2-a87a5db2e32e",
        "category": "BOLLARD",
        "length_m": 0.1,
        "width_m": 0.1468796134,
        "height_m": 0.5746936798,
        "qw": 0.9255518375,
        "qx": 0.0,
        "qy": 0.0,
        "qz": -0.3786209135,
        "tx_m": 10.6579897891,
        "ty_m": 36.0293769205,
        "tz_m": -1.1564412247,
        "num_interior_pts": 2
    },
    {
        "timestamp_ns": 315966228759962000,
        "track_uuid": "499d5b2e-8ebd-4af6-b046-ea6ec1b0fb76",
        "category": "BOLLARD",
        "length_m": 0.3754516244,
        "width_m": 0.1875858605,
        "height_m": 0.8979501724,
        "qw": 0.923981232,
        "qx": 0.0,
        "qy": 0.0,
        "qz": -0.3824378157,
        "tx_m": 49.471277629,
        "ty_m": 65.9759183111,
        "tz_m": -1.7565970309,
        "num_interior_pts": 0
    },
    {
        "timestamp_ns": 315966228860158000,
        "track_uuid": "c42c0f77-7f73-4d9f-a02a-eca7153a5554",
        "category": "REGULAR_VEHICLE",
        "length_m": 4.03,
        "width_m": 1.74,
        "height_m": 1.8130493164,
        "qw": 0.9297792522,
        "qx": 0.0,
        "qy": 0.0,
        "qz": 0.3681175657,
        "tx_m": 65.1858208382,
        "ty_m": 69.5010522051,
        "tz_m": -1.1777017848,
        "num_interior_pts": 0
    },
    {
        "timestamp_ns": 315966228959691000,
        "track_uuid": "dfb4c124-ea44-4381-898d-25d84c5e4b38",
        "category": "PEDESTRIAN",
        "length_m": 0.6,
        "width_m": 0.6,
        "height_m": 1.5627937317,
        "qw": 0.7113929588,
        "qx": 0.0,
        "qy": 0.0,
        "qz": 0.7027944637,
        "tx_m": 6.8061727748,
        "ty_m": -6.5422928793,
        "tz_m": 0.6296433536,
        "num_interior_pts": 274
    },
    {
        "timestamp_ns": 315966229059883000,
        "track_uuid": "06984829-4450-42dd-95e4-d83b2c55bc52",
        "category": "PEDESTRIAN",
        "length_m": 0.6,
        "width_m": 1.063015461,
        "height_m": 1.7515792847,
        "qw": 0.9997080006,
        "qx": 0.0,
        "qy": 0.0,
        "qz": -0.0241643009,
        "tx_m": 27.6864471507,
        "ty_m": -7.1597589144,
        "tz_m": 1.002527733,
        "num_interior_pts": 0
    },
    {
        "timestamp_ns": 315966229160080000,
        "track_uuid": "ce0f3845-0eda-4237-8cd7-4e3caebf3345",
        "category": "BOLLARD",
        "length_m": 0.2207654864,
        "width_m": 0.2615047693,
        "height_m": 0.9779491425,
        "qw": 0.0126794804,
        "qx": 0.0,
        "qy": 0.0,
        "qz": 0.9999196122,
        "tx_m": 22.4763192128,
        "ty_m": -12.1027137402,
        "tz_m": 0.5558159209,
        "num_interior_pts": 11
    },
    {
        "timestamp_ns": 315966229259613000,
        "track_uuid": "3732c2f8-3631-4706-9097-20d021b6f24b",
        "category": "BOLLARD",
        "length_m": 0.4091376662,
        "width_m": 0.2531667054,
        "height_m": 1.0957078934,
        "qw": -0.7006621486,
        "qx": 0.0,
        "qy": 0.0,
        "qz": 0.7134932049,
        "tx_m": -33.6861855406,
        "ty_m": 12.6846087324,
        "tz_m": -0.2382437358,
        "num_interior_pts": 18
    },
    {
        "timestamp_ns": 315966229362978000,
        "track_uuid": "96e3f81c-1d4a-4d41-82c6-3d50be7021ef",
        "category": "REGULAR_VEHICLE",
        "length_m": 4.03,
        "width_m": 1.9291014671,
        "height_m": 1.41,
        "qw": 0.9999970733,
        "qx": 0.0,
        "qy": 0.0,
        "qz": -0.0024193889,
        "tx_m": 59.9801910326,
        "ty_m": -4.5135485099,
        "tz_m": 0.6130053208,
        "num_interior_pts": 0
    },
    {
        "timestamp_ns": 315966229460006000,
        "track_uuid": "9a1627d0-64fb-41a3-be79-9297a281724f",
        "category": "PEDESTRIAN",
        "length_m": 0.7566260099,
        "width_m": 0.8443962336,
        "height_m": 1.7188253403,
        "qw": -0.7064889895,
        "qx": 0.0,
        "qy": 0.0,
        "qz": 0.7077240335,
        "tx_m": 6.4716165563,
        "ty_m": -49.8250666579,
        "tz_m": 2.5539643265,
        "num_interior_pts": 21
    },
    {
        "timestamp_ns": 315966229559539000,
        "track_uuid": "b1446a98-7ed3-467b-96ec-913c175b2e70",
        "category": "CONSTRUCTION_CONE",
        "length_m": 0.2326,
        "width_m": 0.4467435479,
        "height_m": 0.7418336868,
        "qw": 0.7624571662,
        "qx": 0.0,
        "qy": 0.0,
        "qz": 0.6470386925,
        "tx_m": 18.7017396656,
        "ty_m": -47.2902163226,
        "tz_m": 1.7562511411,
        "num_interior_pts": 2
    },
    {
        "timestamp_ns": 315966229659735000,
        "track_uuid": "ac11eaa8-11c8-45bf-96fe-e4c4f271ef98",
        "category": "BOLLARD",
        "length_m": 0.3686537147,
        "width_m": 0.3154245317,
        "height_m": 0.9405584335,
        "qw": 0.9250476149,
        "qx": 0.0,
        "qy": 0.0,
        "qz": -0.3798511684,
        "tx_m": 34.8959290787,
        "ty_m": 55.8213825781,
        "tz_m": -1.7687530892,
        "num_interior_pts": 0
    },
    {
        "timestamp_ns": 315966229759932000,
        "track_uuid": "1c474ced-3ee6-421a-ab54-42be4fc6bbd9",
        "category": "BOLLARD",
        "length_m": 0.4850174189,
        "width_m": 0.3373503387,
        "height_m": 1.0070362091,
        "qw": 0.9258297212,
        "qx": 0.0,
        "qy": 0.0,
        "qz": -0.3779409045,
        "tx_m": 32.0359399949,
        "ty_m": 51.0890641571,
        "tz_m": -1.6701831681,
        "num_interior_pts": 0
    },
    {
        "timestamp_ns": 315966229860128000,
        "track_uuid": "752aacb3-3388-4f4e-9b21-bb35079aacb7",
        "category": "REGULAR_VEHICLE",
        "length_m": 5.3152966499,
        "width_m": 2.2133677006,
        "height_m": 1.8762321472,
        "qw": 0.9288799737,
        "qx": 0.0,
        "qy": 0.0,
        "qz": 0.3703808777,
        "tx_m": 39.0688891421,
        "ty_m": 45.9073939246,
        "tz_m": -1.0065669549,
        "num_interior_pts": 1
    },
    {
        "timestamp_ns": 315966229959661000,
        "track_uuid": "6119f7af-26d0-432d-8c33-9156193df9bb",
        "category": "PEDESTRIAN",
        "length_m": 0.6490725279,
        "width_m": 0.9721554518,
        "height_m": 1.6715459824,
        "qw": -0.0262771668,
        "qx": 0.0,
        "qy": 0.0,
        "qz": 0.9996546956,
        "tx_m": 17.8759091911,
        "ty_m": 13.3504900283,
        "tz_m": -0.0944112123,
        "num_interior_pts": 0
    },
    {
        "timestamp_ns": 315966230059852000,
        "track_uuid": "0d02a05b-d422-43d2-8de1-6e95113912b9",
        "category": "CONSTRUCTION_CONE",
        "length_m": 0.5019148588,
        "width_m": 0.4133868515,
        "height_m": 0.9056816101,
        "qw": 0.8697383717,
        "qx": 0.0,
        "qy": 0.0,
        "qz": 0.4935130848,
        "tx_m": 21.8148439836,
        "ty_m": -49.0342511227,
        "tz_m": 1.9633779223,
        "num_interior_pts": 10
    },
    {
        "timestamp_ns": 315966230160049000,
        "track_uuid": "8b51fd9f-a02f-4d2c-b5a7-e7af5222791b",
        "category": "BOLLARD",
        "length_m": 0.4034335613,
        "width_m": 0.3051585257,
        "height_m": 0.9945058823,
        "qw": 0.913566812,
        "qx": 0.0,
        "qy": 0.0,
        "qz": -0.4066886771,
        "tx_m": 6.2039757707,
        "ty_m": 13.0162096252,
        "tz_m": -0.3657780333,
        "num_interior_pts": 0
    },
    {
        "timestamp_ns": 315966230260245000,
        "track_uuid": "038c4bb1-1e88-4b52-9497-fcfacfd57a9d",
        "category": "BOLLARD",
        "length_m": 0.2236162722,
        "width_m": 0.3143177032,
        "height_m": 0.936747551,
        "qw": -0.0001139164,
        "qx": 0.0,
        "qy": 0.0,
        "qz": 0.9999999935,
        "tx_m": 21.0724658779,
        "ty_m": -16.8093413039,
        "tz_m": 0.7081584275,
        "num_interior_pts": 7
    },
    {
        "timestamp_ns": 315966230359778000,
        "track_uuid": "4f033013-5c97-49e5-872c-ebfb4724d15d",
        "category": "REGULAR_VEHICLE",
        "length_m": 4.03,
        "width_m": 1.8265912533,
        "height_m": 1.5049753189,
        "qw": 0.9999482972,
        "qx": 0.0,
        "qy": 0.0,
        "qz": 0.0101687267,
        "tx_m": -18.8958599972,
        "ty_m": 0.1896289826,
        "tz_m": 0.4833819422,
        "num_interior_pts": 49
    },
    {
        "timestamp_ns": 315966230459975000,
        "track_uuid": "57d10ed4-322c-43cb-b503-4acfda23055d",
        "category": "PEDESTRIAN",
        "length_m": 0.8892585039,
        "width_m": 0.6,
        "height_m": 1.5,
        "qw": 0.7088055206,
        "qx": 0.0,
        "qy": 0.0,
        "qz": -0.7054039509,
        "tx_m": 156.669350411,
        "ty_m": 13.9971256543,
        "tz_m": 0.5141142418,
        "num_interior_pts": 0
    },
    {
        "timestamp_ns": 315966230560171000,
        "track_uuid": "9a1b3823-96fd-4ed2-adb0-fedc0077d0f1",
        "category": "BUS",
        "length_m": 12.8959436417,
        "width_m": 2.5,
        "height_m": 3.0,
        "qw": 0.1657694295,
        "qx": 0.0,
        "qy": 0.0,
        "qz": 0.9861645381,
        "tx_m": -80.7770535792,
        "ty_m": 7.2572493813,
        "tz_m": 0.9811188853,
        "num_interior_pts": 69
    },
    {
        "timestamp_ns": 315966230659704000,
        "track_uuid": "71c89d49-07a5-4178-8b7f-84794957da3d",
        "category": "BOLLARD",
        "length_m": 0.4941839278,
        "width_m": 0.4494039416,
        "height_m": 1.025557518,
        "qw": 0.924263391,
        "qx": 0.0,
        "qy": 0.0,
        "qz": -0.3817553983,
        "tx_m": 21.9852547594,
        "ty_m": 43.0113399984,
        "tz_m": -1.5209439414,
        "num_interior_pts": 0
    },
    {
        "timestamp_ns": 315966230759900000,
        "track_uuid": "d3e62963-d03b-4259-b70b-821ff77712ee",
        "category": "TRUCK_CAB",
        "length_m": 6.3018541336,
        "width_m": 4.0391945839,
        "height_m": 4.2123918533,
        "qw": 0.9999649573,
        "qx": 0.0,
        "qy": 0.0,
        "qz": -0.0083716282,
        "tx_m": 39.5349588653,
        "ty_m": -4.4978121624,
        "tz_m": 1.9767269543,
        "num_interior_pts": 0
    },
    {
        "timestamp_ns": 315966230860097000,
        "track_uuid": "11ad0de2-24b3-4747-95cc-eeaeb3fd570f",
        "category": "REGULAR_VEHICLE",
        "length_m": 4.23391819,
        "width_m": 1.8159140348,
        "height_m": 1.4688272476,
        "qw": -0.701879667,
        "qx": 0.0,
        "qy": 0.0,
        "qz": 0.7122955378,
        "tx_m": 10.0266881824,
        "ty_m": -20.9414171204,
        "tz_m": 1.0358874284,
        "num_interior_pts": 403
    },
    {
        "timestamp_ns": 315966230959630000,
        "track_uuid": "2d6de2f5-7b5d-45e6-87c0-001734395091",
        "category": "PEDESTRIAN",
        "length_m": 0.6082767248,
        "width_m": 0.858379364,
        "height_m": 1.7481136322,
        "qw": -0.092941601,
        "qx": 0.0,
        "qy": 0.0,
        "qz": 0.9956715617,
        "tx_m": 10.989594677,
        "ty_m": -6.9393363508,
        "tz_m": 0.6627671843,
        "num_interior_pts": 249
    },
    {
        "timestamp_ns": 315966231059822000,
        "track_uuid": "e898d7ff-7f1e-46aa-ac06-8b7c332bdd1c",
        "category": "BOLLARD",
        "length_m": 0.1730100214,
        "width_m": 0.2321986407,
        "height_m": 0.9900827408,
        "qw": 0.0055717592,
        "qx": 0.0,
        "qy": 0.0,
        "qz": 0.9999844776,
        "tx_m": 19.7082535236,
        "ty_m": -14.2107854826,
        "tz_m": 0.6538153827,
        "num_interior_pts": 10
    },
    {
        "timestamp_ns": 315966231160019000,
        "track_uuid": "52ac54a9-fd6a-4465-839f-c7b657ee2992",
        "category": "BOLLARD",
        "length_m": 0.4614316821,
        "width_m": 0.3348355889,
        "height_m": 0.9884643555,
        "qw": 0.9258250555,
        "qx": 0.0,
        "qy": 0.0,
        "qz": -0.3779523337,
        "tx_m": 31.0219006163,
        "ty_m": 52.7961923762,
        "tz_m": -1.6661379294,
        "num_interior_pts": 3
    },
    {
        "timestamp_ns": 315966231259552000,
        "track_uuid": "d4cf5b12-a431-4395-9c2a-77a5d72dbe68",
        "category": "REGULAR_VEHICLE",
        "length_m": 4.5906925201,
        "width_m": 2.40610075,
        "height_m": 1.6255273819,
        "qw": 0.3819502025,
        "qx": 0.0,
        "qy": 0.0,
        "qz": 0.9241829055,
        "tx_m": -86.563854511,
        "ty_m": 16.8658281003,
        "tz_m": -0.2548353389,
        "num_interior_pts": 3
    },
    {
        "timestamp_ns": 315966231359748000,
        "track_uuid": "dfb4c124-ea44-4381-898d-25d84c5e4b38",
        "category": "PEDESTRIAN",
        "length_m": 0.6,
        "width_m": 0.6,
        "height_m": 1.5627937317,
        "qw": 0.7142583288,
        "qx": 0.0,
        "qy": 0.0,
        "qz": 0.6998821613,
        "tx_m": 3.1458156991,
        "ty_m": -6.480087774,
        "tz_m": 0.6160661423,
        "num_interior_pts": 320
    },
    {
        "timestamp_ns": 315966231459945000,
        "track_uuid": "163ed848-0893-461d-bb32-0bba927faddd",
        "category": "PEDESTRIAN",
        "length_m": 1.036894083,
        "width_m": 0.6886591315,
        "height_m": 1.5,
        "qw": 0.7118404799,
        "qx": 0.0,
        "qy": 0.0,
        "qz": -0.7023411786,
        "tx_m": 155.8776503026,
        "ty_m": 13.0435714256,
        "tz_m": 0.5691678815,
        "num_interior_pts": 0
    },
    {
        "timestamp_ns": 315966231559477000,
        "track_uuid": "f1157dfa-e900-4e39-894a-158acda39d1f",
        "category": "BOLLARD",
        "length_m": 0.5099318027,
        "width_m": 0.3860622346,
        "height_m": 1.0365200043,
        "qw": 0.924240005,
        "qx": 0.0,
        "qy": 0.0,
        "qz": -0.3818120129,
        "tx_m": 37.1215933094,
        "ty_m": 59.5481233948,
        "tz_m": -2.2286546002,
        "num_interior_pts": 3
    },
    {
        "timestamp_ns": 315966231659674000,
        "track_uuid": "71c89d49-07a5-4178-8b7f-84794957da3d",
        "category": "BOLLARD",
        "length_m": 0.4941839278,
        "width_m": 0.4494039416,
        "height_m": 1.025557518,
        "qw": 0.9250669061,
        "qx": 0.0,
        "qy": 0.0,
        "qz": -0.3798041853,
        "tx_m": 19.6064625522,
        "ty_m": 43.0651940697,
        "tz_m": -1.9296597751,
        "num_interior_pts": 3
    },
    {
        "timestamp_ns": 315966231759870000,
        "track_uuid": "9a5aa186-7e88-462b-bf26-dfabaed609c4",
        "category": "BICYCLIST",
        "length_m": 1.0778294802,
        "width_m": 0.6,
        "height_m": 1.6930904388,
        "qw": 0.9998731045,
        "qx": 0.0,
        "qy": 0.0,
        "qz": 0.0159303165,
        "tx_m": 16.1905428329,
        "ty_m": -88.0051398049,
        "tz_m": 4.9938739566,
        "num_interior_pts": 3
    },
    {
        "timestamp_ns": 315966231860067000,
        "track_uuid": "749e19ec-d247-4988-b228-7f40d78ead21",
        "category": "REGULAR_VEHICLE",
        "length_m": 4.03,
        "width_m": 1.74,
        "height_m": 1.470949173,
        "qw": 0.999983114,
        "qx": 0.0,
        "qy": 0.0,
        "qz": 0.0058113467,
        "tx_m": 66.6996124689,
        "ty_m": -3.645727436,
        "tz_m": 0.4485168383,
        "num_interior_pts": 0
    },
    {
        "timestamp_ns": 315966231959600000,
        "track_uuid": "896eeca6-6f7d-4dad-9524-fc3f4d1ea46f",
        "category": "PEDESTRIAN",
        "length_m": 0.6925279498,
        "width_m": 0.8983029127,
        "height_m": 1.8547000885,
        "qw": 0.9251222588,
        "qx": 0.0,
        "qy": 0.0,
        "qz": -0.379669338,
        "tx_m": 2.5883911326,
        "ty_m": 35.3146143573,
        "tz_m": -0.9932849971,
        "num_interior_pts": 24
    },
    {
        "timestamp_ns": 315966232059792000,
        "track_uuid": "d103334b-4974-4b5a-9a9d-eedca680dc50",
        "category": "CONSTRUCTION_CONE",
        "length_m": 0.2326,
        "width_m": 0.262986362,
        "height_m": 0.7006406784,
        "qw": 0.6931799037,
        "qx": 0.0,
        "qy": 0.0,
        "qz": 0.7207646087,
        "tx_m": 7.3665147315,
        "ty_m": -46.649141617,
        "tz_m": 1.9140854117,
        "num_interior_pts": 6
    },
    {
        "timestamp_ns": 315966232159989000,
        "track_uuid": "d9375a5d-5d30-413f-920b-3e03baaf7a5c",
        "category": "BOLLARD",
        "length_m": 0.4102379382,
        "width_m": 0.3524145484,
        "height_m": 0.9846563339,
        "qw": 0.9189045672,
        "qx": 0.0,
        "qy": 0.0,
        "qz": -0.3944799062,
        "tx_m": 2.9133997293,
        "ty_m": 14.0938023087,
        "tz_m": -0.5399192237,
        "num_interior_pts": 21
    },
    {
        "timestamp_ns": 315966232259522000,
        "track_uuid": "5c1b0330-86c4-477b-a74e-43afe66c39fb",
        "category": "BOLLARD",
        "length_m": 0.4354736507,
        "width_m": 0.248088181,
        "height_m": 1.038933754,
        "qw": 0.710610166,
        "qx": 0.0,
        "qy": 0.0,
        "qz": -0.7035859521,
        "tx_m": -42.8792415328,
        "ty_m": 12.2682852673,
        "tz_m": 0.4298369963,
        "num_interior_pts": 15
    },
    {
        "timestamp_ns": 315966232359718000,
        "track_uuid": "5597d35d-5d6b-4556-8c75-04703891b815",
        "category": "BICYCLE",
        "length_m": 2.1028265953,
        "width_m": 0.5906248689,
        "height_m": 1.310005188,
        "qw": 0.9998738243,
        "qx": 0.0,
        "qy": 0.0,
        "qz": 0.0158850706,
        "tx_m": 16.3935649418,
        "ty_m": -88.0228420014,
        "tz_m": 4.1292070126,
        "num_interior_pts": 9
    },
    {
        "timestamp_ns": 315966232459915000,
        "track_uuid": "801017c5-ec9c-4192-a2e2-90043dea0444",
        "category": "REGULAR_VEHICLE",
        "length_m": 4.4074187279,
        "width_m": 2.1502916813,
        "height_m": 2.0604858398,
        "qw": 0.9288001192,
        "qx": 0.0,
        "qy": 0.0,
        "qz": 0.3705810823,
        "tx_m": 27.9289440764,
        "ty_m": 41.1574751248,
        "tz_m": -1.6417341227,
        "num_interior_pts": 50
    },
    {
        "timestamp_ns": 315966232560111000,
        "track_uuid": "b1231701-968f-4f86-91d1-f4b342783f7c",
        "category": "PEDESTRIAN",
        "length_m": 1.0287139416,
        "width_m": 1.0456438065,
        "height_m": 2.1346,
        "qw": -0.3823962082,
        "qx": 0.0,
        "qy": 0.0,
        "qz": 0.9239984523,
        "tx_m": 23.7241291179,
        "ty_m": 34.1407056454,
        "tz_m": -1.3493722741,
        "num_interior_pts": 18
    },
    {
        "timestamp_ns": 315966232659644000,
        "track_uuid": "57d10ed4-322c-43cb-b503-4acfda23055d",
        "category": "PEDESTRIAN",
        "length_m": 0.8892585039,
        "width_m": 0.6,
        "height_m": 1.5,
        "qw": 0.71149205,
        "qx": 0.0,
        "qy": 0.0,
        "qz": -0.702694146,
        "tx_m": 150.7457818131,
        "ty_m": 14.9833059036,
        "tz_m": -3.0803460071,
        "num_interior_pts": 0
    },
    {
        "timestamp_ns": 315966232759840000,
        "track_uuid": "8e8c6fe5-c06e-41f0-870d-3e3399db3e1a",
        "category": "LARGE_VEHICLE",
        "length_m": 6.9456119537,
        "width_m": 2.5604782104,
        "height_m": 2.7189226151,
        "qw": -0.2140235298,
        "qx": 0.0,
        "qy": 0.0,
        "qz": 0.9768285053,
        "tx_m": 118.9885771546,
        "ty_m": 10.888976736,
        "tz_m": -1.3581342432,
        "num_interior_pts": 45
    },
    {
        "timestamp_ns": 315966232860037000,
        "track_uuid": "65301a47-859f-4a9e-a42a-1566f13b132c",
        "category": "CONSTRUCTION_CONE",
        "length_m": 0.3851979971,
        "width_m": 0.4755440056,
        "height_m": 0.5986,
        "qw": 0.709949687,
        "qx": 0.0,
        "qy": 0.0,
        "qz": -0.7042523993,
        "tx_m": 12.0520048842,
        "ty_m": -82.9372892528,
        "tz_m": 3.5112528045,
        "num_interior_pts": 2
    },
    {
        "timestamp_ns": 315966232960233000,
        "track_uuid": "8d9240d3-c4a4-4a5d-8bff-4e1728d16cc9",
        "category": "BUS",
        "length_m": 12.3523044586,
        "width_m": 2.8555202484,
        "height_m": 3.0,
        "qw": 0.0034636018,
        "qx": 0.0,
        "qy": 0.0,
        "qz": 0.9999940017,
        "tx_m": -22.2183437339,
        "ty_m": 9.1585301221,
        "tz_m": 1.0219822242,
        "num_interior_pts": 2272
    },
    {
        "timestamp_ns": 315966233059762000,
        "track_uuid": "f1157dfa-e900-4e39-894a-158acda39d1f",
        "category": "BOLLARD",
        "length_m": 0.5099318027,
        "width_m": 0.3860622346,
        "height_m": 1.0365200043,
        "qw": 0.924889108,
        "qx": 0.0,
        "qy": 0.0,
        "qz": -0.3802369496,
        "tx_m": 31.4167667491,
        "ty_m": 59.636220356,
        "tz_m": -2.2511880015,
        "num_interior_pts": 3
    },
    {
        "timestamp_ns": 315966233159959000,
        "track_uuid": "e898d7ff-7f1e-46aa-ac06-8b7c332bdd1c",
        "category": "BOLLARD",
        "length_m": 0.1730100214,
        "width_m": 0.2321986407,
        "height_m": 0.9900827408,
        "qw": 0.0024087545,
        "qx": 0.0,
        "qy": 0.0,
        "qz": 0.9999970989,
        "tx_m": 12.6452332995,
        "ty_m": -14.1437748444,
        "tz_m": 0.4962888227,
        "num_interior_pts": 9
    },
    {
        "timestamp_ns": 315966233260155000,
        "track_uuid": "cbb938d0-79ff-4766-950c-05d1a9a59ae2",
        "category": "BOLLARD",
        "length_m": 0.4826564789,
        "width_m": 0.2258134484,
        "height_m": 0.9300861359,
        "qw": 0.9937518648,
        "qx": 0.0,
        "qy": 0.0,
        "qz": -0.1116119673,
        "tx_m": -4.1077805138,
        "ty_m": 26.56112661,
        "tz_m": -0.8347740224,
        "num_interior_pts": 15
    },
    {
        "timestamp_ns": 315966233359688000,
        "track_uuid": "aacdbb3e-a666-4080-b48f-d216932e366e",
        "category": "BOLLARD",
        "length_m": 0.4806513786,
        "width_m": 0.2398722619,
        "height_m": 0.8932094574,
        "qw": 0.9932456097,
        "qx": 0.0,
        "qy": 0.0,
        "qz": -0.1160308525,
        "tx_m": -6.4510929311,
        "ty_m": 27.5639155044,
        "tz_m": -0.8562620583,
        "num_interior_pts": 7
    },
    {
        "timestamp_ns": 315966233459884000,
        "track_uuid": "aacdbb3e-a666-4080-b48f-d216932e366e",
        "category": "BOLLARD",
        "length_m": 0.4806513786,
        "width_m": 0.2398722619,
        "height_m": 0.8932094574,
        "qw": 0.993271911,
        "qx": 0.0,
        "qy": 0.0,
        "qz": -0.115805487,
        "tx_m": -7.0251533002,
        "ty_m": 27.5593569967,
        "tz_m": -0.8588511633,
        "num_interior_pts": 9
    },
    {
        "timestamp_ns": 315966233560081000,
        "track_uuid": "aacdbb3e-a666-4080-b48f-d216932e366e",
        "category": "BOLLARD",
        "length_m": 0.4806513786,
        "width_m": 0.2398722619,
        "height_m": 0.8932094574,
        "qw": 0.9932816889,
        "qx": 0.0,
        "qy": 0.0,
        "qz": -0.1157215901,
        "tx_m": -7.6107075989,
        "ty_m": 27.5564576283,
        "tz_m": -0.8646494392,
        "num_interior_pts": 11
    },
    {
        "timestamp_ns": 315966233659614000,
        "track_uuid": "ac11eaa8-11c8-45bf-96fe-e4c4f271ef98",
        "category": "BOLLARD",
        "length_m": 0.3686537147,
        "width_m": 0.3154245317,
        "height_m": 0.9405584335,
        "qw": 0.9274642989,
        "qx": 0.0,
        "qy": 0.0,
        "qz": -0.3739117199,
        "tx_m": 21.9362302673,
        "ty_m": 56.1682194912,
        "tz_m": -1.8134865163,
        "num_interior_pts": 4
    },
    {
        "timestamp_ns": 315966233759810000,
        "track_uuid": "c70ce199-a804-4e38-a9d2-363ffa5d4d61",
        "category": "BOLLARD",
        "length_m": 0.334489584,
        "width_m": 0.2686926723,
        "height_m": 0.9562072754,
        "qw": 0.9321801737,
        "qx": 0.0,
        "qy": 0.0,
        "qz": -0.3619946459,
        "tx_m": 25.7841500527,
        "ty_m": 60.4314544103,
        "tz_m": -1.8846099263,
        "num_interior_pts": 4
    },
    {
        "timestamp_ns": 315966233860007000,
        "track_uuid": "ce0f3845-0eda-4237-8cd7-4e3caebf3345",
        "category": "BOLLARD",
        "length_m": 0.2207654864,
        "width_m": 0.2615047693,
        "height_m": 0.9779491425,
        "qw": 0.005155048,
        "qx": 0.0,
        "qy": 0.0,
        "qz": 0.9999867127,
        "tx_m": 8.5784165698,
        "ty_m": -11.8985256723,
        "tz_m": 0.363243937,
        "num_interior_pts": 14
    },
    {
        "timestamp_ns": 315966233959540000,
        "track_uuid": "eb65d37f-e3f8-43f7-b5d2-a87a5db2e32e",
        "category": "BOLLARD",
        "length_m": 0.1,
        "width_m": 0.1468796134,
        "height_m": 0.5746936798,
        "qw": 0.9285919055,
        "qx": 0.0,
        "qy": 0.0,
        "qz": -0.3711025101,
        "tx_m": -5.2719771837,
        "ty_m": 36.1099827013,
        "tz_m": -1.0871884751,
        "num_interior_pts": 1
    },
    {
        "timestamp_ns": 315966234059732000,
        "track_uuid": "9a1b3823-96fd-4ed2-adb0-fedc0077d0f1",
        "category": "BUS",
        "length_m": 12.8959436417,
        "width_m": 2.5,
        "height_m": 3.0,
        "qw": 0.1609966249,
        "qx": 0.0,
        "qy": 0.0,
        "qz": 0.9869549568,
        "tx_m": -94.2831105055,
        "ty_m": 6.400330765,
        "tz_m": 1.5653441539,
        "num_interior_pts": 43
    },
    {
        "timestamp_ns": 315966234159929000,
        "track_uuid": "85e84949-1faf-4ed0-b64f-92f819d6d8cf",
        "category": "CONSTRUCTION_CONE",
        "length_m": 0.2326,
        "width_m": 0.7373,
        "height_m": 1.0945224762,
        "qw": 0.7184956993,
        "qx": 0.0,
        "qy": 0.0,
        "qz": -0.6955314012,
        "tx_m": 6.6952213778,
        "ty_m": -82.8394208273,
        "tz_m": 2.7388410519,
        "num_interior_pts": 4
    },
    {
        "timestamp_ns": 315966234260125000,
        "track_uuid": "0a1627d9-8fe9-49a1-b510-b05c2d2bdb2b",
        "category": "LARGE_VEHICLE",
        "length_m": 4.03,
        "width_m": 2.8059082031,
        "height_m": 1.5733594894,
        "qw": -0.704623048,
        "qx": 0.0,
        "qy": 0.0,
        "qz": 0.7095818207,
        "tx_m": 7.1431899121,
        "ty_m": -54.3976065642,
        "tz_m": 1.9050859693,
        "num_interior_pts": 74
    },
    {
        "timestamp_ns": 315966234359658000,
        "track_uuid": "34680a63-3a54-4891-8be4-01e54622bb90",
        "category": "PEDESTRIAN",
        "length_m": 0.6457002163,
        "width_m": 0.6204741001,
        "height_m": 1.6959152222,
        "qw": 0.7018925653,
        "qx": 0.0,
        "qy": 0.0,
        "qz": 0.7122828278,
        "tx_m": 10.0192405531,
        "ty_m": -7.7615095786,
        "tz_m": 0.7468488489,
        "num_interior_pts": 46
    },
    {
        "timestamp_ns": 315966234459854000,
        "track_uuid": "b1231701-968f-4f86-91d1-f4b342783f7c",
        "category": "PEDESTRIAN",
        "length_m": 1.0287139416,
        "width_m": 1.0456438065,
        "height_m": 2.1346,
        "qw": -0.3842306668,
        "qx": 0.0,
        "qy": 0.0,
        "qz": 0.9232371281,
        "tx_m": 11.4117544892,
        "ty_m": 32.6133911263,
        "tz_m": -0.0999581426,
        "num_interior_pts": 10
    }
]