[
    {
        "sensor_name":"ring_front_center",
        "qw":0.5040236006,
        "qx":-0.4996432367,
        "qy":0.4990340131,
        "qz":-0.4972744714,
        "tx_m":1.637036004,
        "ty_m":-0.0003926532,
        "tz_m":1.4330567841
    },
    {
        "sensor_name":"ring_front_left",
        "qw":0.6385157807,
        "qx":-0.6690871115,
        "qy":0.2763528953,
        "qz":-0.2612453105,
        "tx_m":1.5494072182,
        "ty_m":0.2066192729,
        "tz_m":1.4272923268
    },
    {
        "sensor_name":"ring_front_right",
        "qw":0.2654304132,
        "qx":-0.2766096274,
        "qy":0.6729600082,
        "qz":-0.6325809333,
        "tx_m":1.5555182702,
        "ty_m":-0.1981938822,
        "tz_m":1.4282037444
    },
    {
        "sensor_name":"ring_rear_left",
        "qw":0.6036872366,
        "qx":-0.600690743,
        "qy":-0.3692231197,
        "qz":0.3720304282,
        "tx_m":1.094113069,
        "ty_m":0.121936038,
        "tz_m":1.4351397891
    },
    {
        "sensor_name":"ring_rear_right",
        "qw":-0.3684752496,
        "qx":0.3663941615,
        "qy":0.6032996145,
        "qz":-0.6049883338,
        "tx_m":1.0968840997,
        "ty_m":-0.1307831201,
        "tz_m":1.4375865593
    },
    {
        "sensor_name":"ring_side_left",
        "qw":0.679599023,
        "qx":-0.7287025138,
        "qy":-0.059143199,
        "qz":0.0603315531,
        "tx_m":1.30439733,
        "ty_m":0.2819449708,
        "tz_m":1.4358998323
    },
    {
        "sensor_name":"ring_side_right",
        "qw":-0.0532907856,
        "qx":0.0566942995,
        "qy":0.7277508538,
        "qz":-0.6814136361,
        "tx_m":1.3068495351,
        "ty_m":-0.2797578563,
        "tz_m":1.4238146845
    },
    {
        "sensor_name":"stereo_front_left",
        "qw":0.5005259714,
        "qx":-0.4989256025,
        "qy":0.5034450095,
        "qz":-0.4970816006,
        "tx_m":1.6314559197,
        "ty_m":0.2505264349,
        "tz_m":1.2230833467
    },
    {
        "sensor_name":"stereo_front_right",
        "qw":0.5030714618,
        "qx":-0.5012050613,
        "qy":0.4989807311,
        "qz":-0.4967200627,
        "tx_m":1.6419324427,
        "ty_m":-0.247009574,
        "tz_m":1.2218392002
    },
    {
        "sensor_name":"up_lidar",
        "qw":0.9999759954,
        "qx":0.0,
        "qy":0.0,
        "qz":-0.0069288321,
        "tx_m":1.35018,
        "ty_m":0.0,
        "tz_m":1.64042
    },
    {
        "sensor_name":"down_lidar",
        "qw":0.000210927,
        "qx":-0.9951722103,
        "qy":0.0981434333,
        "qz":0.0003062438,
        "tx_m":1.3537298572,
        "ty_m":0.001626189,
        "tz_m":1.5642151977
    }
]