[
    {
        "sensor_name":"ring_front_center",
        "fx_px":1773.3010588476,
        "fy_px":1773.3010588476,
        "cx_px":772.2307272527,
        "cy_px":1013.308672297,
        "k1":-0.2456866023,
        "k2":-0.1890308903,
        "k3":0.2972684156,
        "height_px":2048,
        "width_px":1550
    },
    {
        "sensor_name":"ring_front_left",
        "fx_px":1681.6878302326,
        "fy_px":1681.6878302326,
        "cx_px":1024.3426710248,
        "cy_px":764.5182828428,
        "k1":-0.2755747037,
        "k2":-0.0475399366,
        "k3":0.1091795753,
        "height_px":1550,
        "width_px":2048
    },
    {
        "sensor_name":"ring_front_right",
        "fx_px":1680.0800187078,
        "fy_px":1680.0800187078,
        "cx_px":1027.1528969112,
        "cy_px":764.0287365241,
        "k1":-0.2763878745,
        "k2":-0.0447803483,
        "k3":0.1074314791,
        "height_px":1550,
        "width_px":2048
    },
    {
        "sensor_name":"ring_rear_left",
        "fx_px":1680.24798656,
        "fy_px":1680.24798656,
        "cx_px":1026.4693881433,
        "cy_px":767.3931585434,
        "k1":-0.2737968685,
        "k2":-0.0541539219,
        "k3":0.1169439154,
        "height_px":1550,
        "width_px":2048
    },
    {
        "sensor_name":"ring_rear_right",
        "fx_px":1681.818748446,
        "fy_px":1681.818748446,
        "cx_px":1023.520455887,
        "cy_px":763.9288826883,
        "k1":-0.2725342413,
        "k2":-0.05934883,
        "k3":0.1212523914,
        "height_px":1550,
        "width_px":2048
    },
    {
        "sensor_name":"ring_side_left",
        "fx_px":1682.8562200822,
        "fy_px":1682.8562200822,
        "cx_px":1027.3835695999,
        "cy_px":764.584648324,
        "k1":-0.2765863979,
        "k2":-0.0420721019,
        "k3":0.1039378559,
        "height_px":1550,
        "width_px":2048
    },
    {
        "sensor_name":"ring_side_right",
        "fx_px":1681.4837399456,
        "fy_px":1681.4837399456,
        "cx_px":1028.228670591,
        "cy_px":768.1952759072,
        "k1":-0.2780484863,
        "k2":-0.0405226332,
        "k3":0.1024484971,
        "height_px":1550,
        "width_px":2048
    },
    {
        "sensor_name":"stereo_front_left",
        "fx_px":1679.9502738305,
        "fy_px":1679.9502738305,
        "cx_px":1029.8538867711,
        "cy_px":766.3982204242,
        "k1":-0.2707505873,
        "k2":-0.0625951054,
        "k3":0.12428482,
        "height_px":1550,
        "width_px":2048
    },
    {
        "sensor_name":"stereo_front_right",
        "fx_px":1681.8624519872,
        "fy_px":1681.8624519872,
        "cx_px":1027.3540781748,
        "cy_px":767.5493603405,
        "k1":-0.2746357755,
        "k2":-0.05142727,
        "k3":0.1132787915,
        "height_px":1550,
        "width_px":2048
    }
]