[
    {
        "timestamp_ns": 315972002559627000,
        "track_uuid": "25666f5e-fc5d-4654-bb10-1ef34ae1c2d0",
        "category": "BICYCLE",
        "length_m": 1.5,
        "width_m": 0.5,
        "height_m": 1.4832620621,
        "qw": 0.9998580839,
        "qx": 0.0,
        "qy": 0.0,
        "qz": 0.0168467252,
        "tx_m": -12.3749215905,
        "ty_m": -8.2412471061,
        "tz_m": 0.1456549386,
        "num_interior_pts": 23
    },
    {
        "timestamp_ns": 315972002659823000,
        "track_uuid": "59ed63bb-f6f0-42ed-b5ab-13fbe58631b6",
        "category": "BICYCLE",
        "length_m": 1.5,
        "width_m": 0.5,
        "height_m": 1.0678844452,
        "qw": 0.7005314662,
        "qx": 0.0,
        "qy": 0.0,
        "qz": 0.7136215138,
        "tx_m": 2.9752431786,
        "ty_m": -16.0446892359,
        "tz_m": -0.1291250854,
        "num_interior_pts": 18
    },
    {
        "timestamp_ns": 315972002760019000,
        "track_uuid": "e5373841-3344-49ed-91c1-f9654ab04ec1",
        "category": "REGULAR_VEHICLE",
        "length_m": 4.03,
        "width_m": 1.8572719097,
        "height_m": 1.7080850601,
        "qw": 0.6942039571,
        "qx": 0.0,
        "qy": 0.0,
        "qz": 0.719778345,
        "tx_m": 2.0537414505,
        "ty_m": -37.1772999184,
        "tz_m": -0.2674645616,
        "num_interior_pts": 3
    },
    {
        "timestamp_ns": 315972002859552000,
        "track_uuid": "c5565beb-aebd-4705-88b7-392ba528c8a6",
        "category": "REGULAR_VEHICLE",
        "length_m": 4.03,
        "width_m": 1.74,
        "height_m": 1.7025289536,
        "qw": 0.9999988687,
        "qx": 0.0,
        "qy": 0.0,
        "qz": 0.0015041901,
        "tx_m": -68.354789996,
        "ty_m": 1.9991758527,
        "tz_m": -0.0891794221,
        "num_interior_pts": 2
    },
    {
        "timestamp_ns": 315972002959748000,
        "track_uuid": "98d2eb59-024b-4957-ac6d-c7723b6532a6",
        "category": "REGULAR_VEHICLE",
        "length_m": 4.03,
        "width_m": 1.8171492815,
        "height_m": 1.7344408035,
        "qw": 0.6955390947,
        "qx": 0.0,
        "qy": 0.0,
        "qz": 0.7184882517,
        "tx_m": -0.0423934072,
        "ty_m": 17.1211442732,
        "tz_m": 0.7732385475,
        "num_interior_pts": 531
    },
    {
        "timestamp_ns": 315972003059935000,
        "track_uuid": "7adef6d0-6a65-4418-9c53-5def000467bb",
        "category": "REGULAR_VEHICLE",
        "length_m": 4.520986557,
        "width_m": 1.74,
        "height_m": 1.5563793182,
        "qw": 0.9997645248,
        "qx": 0.0,
        "qy": 0.0,
        "qz": 0.0217001131,
        "tx_m": 13.7666447184,
        "ty_m": 2.80915005,
        "tz_m": 0.4242303032,
        "num_interior_pts": 533
    },
    {
        "timestamp_ns": 315972003160131000,
        "track_uuid": "45cc2373-6233-4dcf-beae-dba864fdf620",
        "category": "REGULAR_VEHICLE",
        "length_m": 4.5070858002,
        "width_m": 1.74,
        "height_m": 1.7071208954,
        "qw": 0.9997434807,
        "qx": 0.0,
        "qy": 0.0,
        "qz": 0.0226489032,
        "tx_m": 6.3288296289,
        "ty_m": -24.1677202823,
        "tz_m": 0.085447756,
        "num_interior_pts": 21
    },
    {
        "timestamp_ns": 315972003259664000,
        "track_uuid": "2de4e1e4-e7a6-403d-b0c2-ddf05227f3b1",
        "category": "REGULAR_VEHICLE",
        "length_m": 4.03,
        "width_m": 1.9784133434,
        "height_m": 1.778550148,
        "qw": 0.9999855488,
        "qx": 0.0,
        "qy": 0.0,
        "qz": 0.0053760781,
        "tx_m": -41.4245483871,
        "ty_m": -0.7886330626,
        "tz_m": 0.4421007128,
        "num_interior_pts": 46
    },
    {
        "timestamp_ns": 315972003359860000,
        "track_uuid": "fb9e57fd-eaac-4577-9bc3-128f82b3db8f",
        "category": "PEDESTRIAN",
        "length_m": 0.6606026292,
        "width_m": 0.8630288138,
        "height_m": 2.0211744308,
        "qw": -0.0284179632,
        "qx": 0.0,
        "qy": 0.0,
        "qz": 0.9995961281,
        "tx_m": 122.3282518693,
        "ty_m": 6.9975662514,
        "tz_m": 1.8926414272,
        "num_interior_pts": 2
    },
    {
        "timestamp_ns": 315972003460056000,
        "track_uuid": "a35a8e9e-bdd8-414c-9448-3abb9ebdb869",
        "category": "PEDESTRIAN",
        "length_m": 0.8485803604,
        "width_m": 0.6905952096,
        "height_m": 1.7494316101,
        "qw": 0.9710819318,
        "qx": 0.0,
        "qy": 0.0,
        "qz": 0.2387464802,
        "tx_m": -42.3276747599,
        "ty_m": 5.1341332281,
        "tz_m": 0.6227317592,
        "num_interior_pts": 2
    },
    {
        "timestamp_ns": 315972003559589000,
        "track_uuid": "36e2e5b8-a18b-4f22-bf53-5b8b0dfd6b92",
        "category": "PEDESTRIAN",
        "length_m": 0.6,
        "width_m": 0.6,
        "height_m": 1.5,
        "qw": 0.7175954182,
        "qx": 0.0,
        "qy": 0.0,
        "qz": -0.696460204,
        "tx_m": 0.2943217623,
        "ty_m": 16.6117240617,
        "tz_m": 0.801277046,
        "num_interior_pts": 3
    },
    {
        "timestamp_ns": 315972003659785000,
        "track_uuid": "e34bdb0b-63e1-485c-aec2-062b6b3b7b0d",
        "category": "BICYCLE",
        "length_m": 1.5,
        "width_m": 0.5797964931,
        "height_m": 1.0870676041,
        "qw": 0.6839234558,
        "qx": 0.0,
        "qy": 0.0,
        "qz": 0.7295537722,
        "tx_m": -7.8836162719,
        "ty_m": -39.2490914716,
        "tz_m": -0.8512168041,
        "num_interior_pts": 8
    },
    {
        "timestamp_ns": 315972003759982000,
        "track_uuid": "cf1f63bf-22f1-4a97-a7e6-bf9bd757b9ab",
        "category": "REGULAR_VEHICLE",
        "length_m": 4.03,
        "width_m": 1.74,
        "height_m": 1.6234912872,
        "qw": 0.7043362502,
        "qx": 0.0,
        "qy": 0.0,
        "qz": 0.7098664991,
        "tx_m": -1.0030992268,
        "ty_m": -54.5221105339,
        "tz_m": -0.7585299717,
        "num_interior_pts": 0
    },
    {
        "timestamp_ns": 315972003859514000,
        "track_uuid": "87cf8b71-5efb-44cc-a3bc-b49d9ea3315e",
        "category": "REGULAR_VEHICLE",
        "length_m": 4.4799022675,
        "width_m": 1.74,
        "height_m": 1.9425544739,
        "qw": 0.9999761576,
        "qx": 0.0,
        "qy": 0.0,
        "qz": -0.0069053806,
        "tx_m": -37.7796718633,
        "ty_m": -5.8205137881,
        "tz_m": 0.2732787256,
        "num_interior_pts": 41
    },
    {
        "timestamp_ns": 315972003959711000,
        "track_uuid": "40be7e13-946d-4b83-9026-0e76a0033fd5",
        "category": "REGULAR_VEHICLE",
        "length_m": 5.0725889206,
        "width_m": 2.4709625244,
        "height_m": 1.4491271973,
        "qw": 0.6959225681,
        "qx": 0.0,
        "qy": 0.0,
        "qz": 0.7181168284,
        "tx_m": -2.5570254404,
        "ty_m": -49.7555158909,
        "tz_m": -0.9336832959,
        "num_interior_pts": 1
    },
    {
        "timestamp_ns": 315972004059897000,
        "track_uuid": "25da6da1-6b8f-47d7-bb22-b7be29c770f9",
        "category": "REGULAR_VEHICLE",
        "length_m": 4.03,
        "width_m": 1.9417660236,
        "height_m": 1.5036878586,
        "qw": 0.9999517601,
        "qx": 0.0,
        "qy": 0.0,
        "qz": -0.0098222978,
        "tx_m": 78.7779963354,
        "ty_m": 4.4504422526,
        "tz_m": 1.4190514406,
        "num_interior_pts": 6
    },
    {
        "timestamp_ns": 315972004160093000,
        "track_uuid": "c7529656-94da-4b9a-8ab1-191767c5d237",
        "category": "PEDESTRIAN",
        "length_m": 0.7922568321,
        "width_m": 0.9389251471,
        "height_m": 2.064242363,
        "qw": -0.0072922891,
        "qx": 0.0,
        "qy": 0.0,
        "qz": 0.9999734109,
        "tx_m": -64.7854520048,
        "ty_m": 5.4655878488,
        "tz_m": 0.2541463103,
        "num_interior_pts": 3
    },
    {
        "timestamp_ns": 315972004259626000,
        "track_uuid": "69820bd1-78d1-4650-91c3-280e42080c1d",
        "category": "PEDESTRIAN",
        "length_m": 0.6,
        "width_m": 0.6571005583,
        "height_m": 1.7117652893,
        "qw": 0.6466543309,
        "qx": 0.0,
        "qy": 0.0,
        "qz": 0.7627831778,
        "tx_m": 57.0138642905,
        "ty_m": 9.9586123571,
        "tz_m": 1.410976466,
        "num_interior_pts": 2
    },
    {
        "timestamp_ns": 315972004359822000,
        "track_uuid": "53a25d03-6a93-493c-8831-05246e9a08c3",
        "category": "LARGE_VEHICLE",
        "length_m": 7.3483953476,
        "width_m": 3.1932237148,
        "height_m": 4.2111120224,
        "qw": 0.9999385728,
        "qx": 0.0,
        "qy": 0.0,
        "qz": 0.0110838028,
        "tx_m": 113.8974284172,
        "ty_m": 1.1740263281,
        "tz_m": 3.3304603668,
        "num_interior_pts": 48
    },
    {
        "timestamp_ns": 315972004460018000,
        "track_uuid": "e5373841-3344-49ed-91c1-f9654ab04ec1",
        "category": "REGULAR_VEHICLE",
        "length_m": 4.03,
        "width_m": 1.8572719097,
        "height_m": 1.7080850601,
        "qw": 0.6904307031,
        "qx": 0.0,
        "qy": 0.0,
        "qz": 0.7233985376,
        "tx_m": -4.0264832906,
        "ty_m": -36.0319667628,
        "tz_m": -0.9102120019,
        "num_interior_pts": 51
    },
    {
        "timestamp_ns": 315972004559551000,
        "track_uuid": "a2622d0d-7849-4750-8eae-b772e02f9218",
        "category": "REGULAR_VEHICLE",
        "length_m": 4.03,
        "width_m": 1.74,
        "height_m": 2.5157,
        "qw": 0.9999634348,
        "qx": 0.0,
        "qy": 0.0,
        "qz": -0.0085515543,
        "tx_m": 155.396192377,
        "ty_m": 6.7147942153,
        "tz_m": 2.7323986053,
        "num_interior_pts": 4
    },
    {
        "timestamp_ns": 315972004659747000,
        "track_uuid": "7c2d0d01-2476-43d1-a18a-61dc68fa00be",
        "category": "REGULAR_VEHICLE",
        "length_m": 4.03,
        "width_m": 1.74,
        "height_m": 1.4803762436,
        "qw": -0.01660719,
        "qx": 0.0,
        "qy": 0.0,
        "qz": 0.9998620911,
        "tx_m": -22.3907642566,
        "ty_m": 15.8516916529,
        "tz_m": 0.9823230928,
        "num_interior_pts": 37
    },
    {
        "timestamp_ns": 315972004759944000,
        "track_uuid": "40be7e13-946d-4b83-9026-0e76a0033fd5",
        "category": "REGULAR_VEHICLE",
        "length_m": 5.0725889206,
        "width_m": 2.4709625244,
        "height_m": 1.4491271973,
        "qw": 0.6956031227,
        "qx": 0.0,
        "qy": 0.0,
        "qz": 0.7184262632,
        "tx_m": -5.2805312114,
        "ty_m": -49.5699663451,
        "tz_m": -1.482459109,
        "num_interior_pts": 0
    },
    {
        "timestamp_ns": 315972004859476000,
        "track_uuid": "2cdab5f5-d13a-4cd8-a19c-65d93ac621a1",
        "category": "REGULAR_VEHICLE",
        "length_m": 4.37758255,
        "width_m": 1.74,
        "height_m": 1.6841154099,
        "qw": -0.0230939602,
        "qx": 0.0,
        "qy": 0.0,
        "qz": 0.9997332989,
        "tx_m": 18.2913180616,
        "ty_m": -15.9972327594,
        "tz_m": 0.0844673066,
        "num_interior_pts": 167
    },
    {
        "timestamp_ns": 315972004959673000,
        "track_uuid": "f6ceb557-ca8c-4980-a1e9-e893938db15e",
        "category": "PEDESTRIAN",
        "length_m": 0.6134511828,
        "width_m": 0.6152445674,
        "height_m": 1.560921669,
        "qw": 0.9997098976,
        "qx": 0.0,
        "qy": 0.0,
        "qz": 0.0240856919,
        "tx_m": 38.8905128146,
        "ty_m": 7.0277509244,
        "tz_m": 0.6743983878,
        "num_interior_pts": 0
    },
    {
        "timestamp_ns": 315972005059859000,
        "track_uuid": "9e7ed6ba-7170-46ee-8c04-450e257f6954",
        "category": "PEDESTRIAN",
        "length_m": 0.6,
        "width_m": 0.6,
        "height_m": 1.9210739136,
        "qw": 0.9999153872,
        "qx": 0.0,
        "qy": 0.0,
        "qz": -0.0130083977,
        "tx_m": -11.26073044,
        "ty_m": 5.4228783206,
        "tz_m": 0.7352736904,
        "num_interior_pts": 164
    },
    {
        "timestamp_ns": 315972005160055000,
        "track_uuid": "386bd88b-1b99-494e-822a-9ff01e4f2093",
        "category": "PEDESTRIAN",
        "length_m": 0.7640228271,
        "width_m": 0.7199941278,
        "height_m": 1.8772335052,
        "qw": -0.0024502397,
        "qx": 0.0,
        "qy": 0.0,
        "qz": 0.9999969982,
        "tx_m": 22.5111370926,
        "ty_m": -8.1564938215,
        "tz_m": 0.3683177263,
        "num_interior_pts": 82
    },
    {
        "timestamp_ns": 315972005259588000,
        "track_uuid": "19915c2c-0587-43ba-ab48-522d335596f2",
        "category": "CONSTRUCTION_CONE",
        "length_m": 0.2584187984,
        "width_m": 0.3012390137,
        "height_m": 0.7112560272,
        "qw": 0.7076766765,
        "qx": 0.0,
        "qy": 0.0,
        "qz": 0.7065364261,
        "tx_m": 6.3380937976,
        "ty_m": -9.8100411701,
        "tz_m": -0.2435636172,
        "num_interior_pts": 14
    },
    {
        "timestamp_ns": 315972005359784000,
        "track_uuid": "d0171b16-e8dd-46ef-ae12-5ded4d2411d0",
        "category": "REGULAR_VEHICLE",
        "length_m": 4.03,
        "width_m": 2.4497244358,
        "height_m": 2.2744483948,
        "qw": 0.9998072224,
        "qx": 0.0,
        "qy": 0.0,
        "qz": 0.0196346155,
        "tx_m": -97.6250735272,
        "ty_m": -9.1029392872,
        "tz_m": 0.6689975875,
        "num_interior_pts": 6
    },
    {
        "timestamp_ns": 315972005459980000,
        "track_uuid": "923a3a12-e93d-459f-a9e6-21feffc608b0",
        "category": "REGULAR_VEHICLE",
        "length_m": 4.03,
        "width_m": 1.74,
        "height_m": 1.6882600784,
        "qw": 0.9999803482,
        "qx": 0.0,
        "qy": 0.0,
        "qz": 0.006269227,
        "tx_m": -59.5332707289,
        "ty_m": 0.5744362834,
        "tz_m": 0.541349358,
        "num_interior_pts": 4
    },
    {
        "timestamp_ns": 315972005560177000,
        "track_uuid": "60f0d1e4-2398-4167-8ac4-320c3aee6ac1",
        "category": "REGULAR_VEHICLE",
        "length_m": 4.5040445328,
        "width_m": 1.74,
        "height_m": 1.8676519394,
        "qw": 0.9999256125,
        "qx": 0.0,
        "qy": 0.0,
        "qz": 0.0121971054,
        "tx_m": -0.6032124802,
        "ty_m": -11.3619583452,
        "tz_m": 0.2465305266,
        "num_interior_pts": 1152
    },
    {
        "timestamp_ns": 315972005659709000,
        "track_uuid": "2fcdedf3-ff01-4bc8-b556-a81f3d2cce84",
        "category": "REGULAR_VEHICLE",
        "length_m": 4.03,
        "width_m": 1.74,
        "height_m": 2.2087678909,
        "qw": 0.9999778992,
        "qx": 0.0,
        "qy": 0.0,
        "qz": -0.0066483944,
        "tx_m": 192.262915021,
        "ty_m": 6.8784956255,
        "tz_m": 1.8303454569,
        "num_interior_pts": 3
    },
    {
        "timestamp_ns": 315972005759906000,
        "track_uuid": "e3ce5a95-96ca-4d41-a837-c5ded4a4d9b6",
        "category": "PEDESTRIAN",
        "length_m": 0.6670808792,
        "width_m": 0.6818252206,
        "height_m": 1.5454244614,
        "qw": 0.7088743994,
        "qx": 0.0,
        "qy": 0.0,
        "qz": 0.7053347332,
        "tx_m": -24.7232404237,
        "ty_m": -10.0647852924,
        "tz_m": 0.0859845379,
        "num_interior_pts": 6
    },
    {
        "timestamp_ns": 315972005860102000,
        "track_uuid": "865fd94b-2a10-4ab2-92b8-da8dde3f5e9c",
        "category": "PEDESTRIAN",
        "length_m": 0.6,
        "width_m": 0.7030830979,
        "height_m": 1.9498338699,
        "qw": -0.1119598789,
        "qx": 0.0,
        "qy": 0.0,
        "qz": 0.9937127279,
        "tx_m": 11.2389905249,
        "ty_m": 6.2768687404,
        "tz_m": 0.7979363231,
        "num_interior_pts": 60
    },
    {
        "timestamp_ns": 315972005959635000,
        "track_uuid": "1b8cf25b-2ff8-4af4-8eec-cbb6fcfd1cae",
        "category": "PEDESTRIAN",
        "length_m": 0.6,
        "width_m": 0.6,
        "height_m": 1.5468645096,
        "qw": -0.0284229933,
        "qx": 0.0,
        "qy": 0.0,
        "qz": 0.9995959851,
        "tx_m": -9.4953590386,
        "ty_m": -35.0482343082,
        "tz_m": -0.9756705452,
        "num_interior_pts": 2
    },
    {
        "timestamp_ns": 315972006059822000,
        "track_uuid": "fc95579e-7b78-4072-a1de-c90b65df9d28",
        "category": "REGULAR_VEHICLE",
        "length_m": 4.3090634346,
        "width_m": 2.1751003265,
        "height_m": 1.8646745682,
        "qw": 0.9998575822,
        "qx": 0.0,
        "qy": 0.0,
        "qz": 0.0168764725,
        "tx_m": 72.9282844708,
        "ty_m": -2.2846055164,
        "tz_m": 1.1842026952,
        "num_interior_pts": 0
    },
    {
        "timestamp_ns": 315972006160018000,
        "track_uuid": "c4e5faec-0386-4a0c-a6dc-167f917f81b6",
        "category": "REGULAR_VEHICLE",
        "length_m": 4.6794071198,
        "width_m": 1.74,
        "height_m": 1.8148441315,
        "qw": 0.9999980816,
        "qx": 0.0,
        "qy": 0.0,
        "qz": 0.0019587731,
        "tx_m": 15.1024261703,
        "ty_m": 3.4576414768,
        "tz_m": 0.6266824577,
        "num_interior_pts": 869
    },
    {
        "timestamp_ns": 315972006259551000,
        "track_uuid": "87cf8b71-5efb-44cc-a3bc-b49d9ea3315e",
        "category": "REGULAR_VEHICLE",
        "length_m": 4.4799022675,
        "width_m": 1.74,
        "height_m": 1.9425544739,
        "qw": 0.9999788348,
        "qx": 0.0,
        "qy": 0.0,
        "qz": -0.0065061521,
        "tx_m": -49.4570782262,
        "ty_m": -5.8617847504,
        "tz_m": 0.2727655969,
        "num_interior_pts": 16
    },
    {
        "timestamp_ns": 315972006359747000,
        "track_uuid": "473a9caf-4a37-4bd4-a545-41f5d62f5d08",
        "category": "REGULAR_VEHICLE",
        "length_m": 4.03,
        "width_m": 1.8884105682,
        "height_m": 1.5177021027,
        "qw": 0.9999533849,
        "qx": 0.0,
        "qy": 0.0,
        "qz": 0.0096554635,
        "tx_m": -40.1154703345,
        "ty_m": 2.7000103694,
        "tz_m": 0.2900766094,
        "num_interior_pts": 38
    },
    {
        "timestamp_ns": 315972006459944000,
        "track_uuid": "2de4e1e4-e7a6-403d-b0c2-ddf05227f3b1",
        "category": "REGULAR_VEHICLE",
        "length_m": 4.03,
        "width_m": 1.9784133434,
        "height_m": 1.778550148,
        "qw": 0.9999983695,
        "qx": 0.0,
        "qy": 0.0,
        "qz": 0.0018057957,
        "tx_m": -41.5128232507,
        "ty_m": -0.0529043888,
        "tz_m": 0.4300098731,
        "num_interior_pts": 49
    },
    {
        "timestamp_ns": 315972006560140000,
        "track_uuid": "e540ba91-90c7-446d-bc78-83c9ae86e67e",
        "category": "PEDESTRIAN",
        "length_m": 0.7108848691,
        "width_m": 0.7269726992,
        "height_m": 1.6161928177,
        "qw": 0.9476440746,
        "qx": 0.0,
        "qy": 0.0,
        "qz": -0.3193285266,
        "tx_m": 32.8997966131,
        "ty_m": 6.1499517591,
        "tz_m": 0.8284620171,
        "num_interior_pts": 8
    },
    {
        "timestamp_ns": 315972006659673000,
        "track_uuid": "a15c5de9-de78-4431-9882-102812eda5d4",
        "category": "PEDESTRIAN",
        "length_m": 0.6,
        "width_m": 0.6,
        "height_m": 1.6745557785,
        "qw": -0.0164496025,
        "qx": 0.0,
        "qy": 0.0,
        "qz": 0.9998646961,
        "tx_m": 103.3568766965,
        "ty_m": 6.5838346179,
        "tz_m": 1.9652481283,
        "num_interior_pts": 1
    },
    {
        "timestamp_ns": 315972006759869000,
        "track_uuid": "66e688d4-4664-4e91-af06-a5ab3693cb4a",
        "category": "PEDESTRIAN",
        "length_m": 0.6376587152,
        "width_m": 0.6,
        "height_m": 1.7850961685,
        "qw": 0.9996637255,
        "qx": 0.0,
        "qy": 0.0,
        "qz": -0.0259313712,
        "tx_m": -18.8878410798,
        "ty_m": 6.8507705621,
        "tz_m": 0.6168499836,
        "num_interior_pts": 52
    },
    {
        "timestamp_ns": 315972006860065000,
        "track_uuid": "c089b17e-a98d-4caa-ab60-60ba409bc76c",
        "category": "MOTORCYCLE",
        "length_m": 1.7467092276,
        "width_m": 0.7153351903,
        "height_m": 1.4512195587,
        "qw": 0.8288744829,
        "qx": 0.0,
        "qy": 0.0,
        "qz": -0.5594346178,
        "tx_m": 6.4400580609,
        "ty_m": 3.4746532105,
        "tz_m": 0.388858749,
        "num_interior_pts": 240
    },
    {
        "timestamp_ns": 315972006959598000,
        "track_uuid": "fc95579e-7b78-4072-a1de-c90b65df9d28",
        "category": "REGULAR_VEHICLE",
        "length_m": 4.3090634346,
        "width_m": 2.1751003265,
        "height_m": 1.8646745682,
        "qw": 0.9999987307,
        "qx": 0.0,
        "qy": 0.0,
        "qz": 0.001593309,
        "tx_m": 67.6727404498,
        "ty_m": -4.5652639469,
        "tz_m": 1.0216186334,
        "num_interior_pts": 0
    },
    {
        "timestamp_ns": 315972007059783000,
        "track_uuid": "cf1f63bf-22f1-4a97-a7e6-bf9bd757b9ab",
        "category": "REGULAR_VEHICLE",
        "length_m": 4.03,
        "width_m": 1.74,
        "height_m": 1.6234912872,
        "qw": 0.711951105,
        "qx": 0.0,
        "qy": 0.0,
        "qz": 0.7022290397,
        "tx_m": -19.1989120026,
        "ty_m": -55.0752463347,
        "tz_m": -1.6494797377,
        "num_interior_pts": 6
    },
    {
        "timestamp_ns": 315972007159979000,
        "track_uuid": "9ad2a7af-c7b7-4c63-abc5-b4f18fde756b",
        "category": "REGULAR_VEHICLE",
        "length_m": 4.6831250191,
        "width_m": 1.74,
        "height_m": 1.4269676208,
        "qw": 0.999706365,
        "qx": 0.0,
        "qy": 0.0,
        "qz": -0.024231875,
        "tx_m": 128.5168343001,
        "ty_m": -7.4107305014,
        "tz_m": 1.2016137403,
        "num_interior_pts": 0
    },
    {
        "timestamp_ns": 315972007259512000,
        "track_uuid": "77babec4-37ad-4f8b-924e-785d63aeff54",
        "category": "REGULAR_VEHICLE",
        "length_m": 4.0522794724,
        "width_m": 1.74,
        "height_m": 1.4773397446,
        "qw": 0.0295430659,
        "qx": 0.0,
        "qy": 0.0,
        "qz": 0.9995635084,
        "tx_m": -28.8003634234,
        "ty_m": 13.8289050512,
        "tz_m": 0.9485218798,
        "num_interior_pts": 41
    },
    {
        "timestamp_ns": 315972007359708000,
        "track_uuid": "3d8de6a3-82b9-4333-8992-826e32fa11e2",
        "category": "REGULAR_VEHICLE",
        "length_m": 5.9503617287,
        "width_m": 1.9425904751,
        "height_m": 2.1176939011,
        "qw": 0.9999804993,
        "qx": 0.0,
        "qy": 0.0,
        "qz": -0.0062450795,
        "tx_m": 7.8246140877,
        "ty_m": -5.0660755514,
        "tz_m": 0.5251586431,
        "num_interior_pts": 3032
    },
    {
        "timestamp_ns": 315972007459905000,
        "track_uuid": "2de4e1e4-e7a6-403d-b0c2-ddf05227f3b1",
        "category": "REGULAR_VEHICLE",
        "length_m": 4.03,
        "width_m": 1.9784133434,
        "height_m": 1.778550148,
        "qw": 0.9999511178,
        "qx": 0.0,
        "qy": 0.0,
        "qz": -0.0098874675,
        "tx_m": -42.8915403778,
        "ty_m": 0.9492404961,
        "tz_m": 0.5101452043,
        "num_interior_pts": 49
    },
    {
        "timestamp_ns": 315972007560101000,
        "track_uuid": "02128d09-93ce-4230-b5a3-1655fe45d7d7",
        "category": "REGULAR_VEHICLE",
        "length_m": 4.03,
        "width_m": 1.74,
        "height_m": 1.5098590851,
        "qw": 0.9996632919,
        "qx": 0.0,
        "qy": 0.0,
        "qz": -0.0259480797,
        "tx_m": -70.1614004092,
        "ty_m": -4.2607437745,
        "tz_m": 0.0140598997,
        "num_interior_pts": 2
    },
    {
        "timestamp_ns": 315972007659634000,
        "track_uuid": "b5ed328f-8913-4756-8f95-e34a346285f4",
        "category": "PEDESTRIAN",
        "length_m": 0.6,
        "width_m": 0.6,
        "height_m": 2.1346,
        "qw": 0.7196732891,
        "qx": 0.0,
        "qy": 0.0,
        "qz": 0.6943128668,
        "tx_m": 20.8791303792,
        "ty_m": -10.3685217895,
        "tz_m": 0.5738894663,
        "num_interior_pts": 1
    },
    {
        "timestamp_ns": 315972007759830000,
        "track_uuid": "6d4a9e01-024a-4863-9093-ce4c5a0bc861",
        "category": "PEDESTRIAN",
        "length_m": 0.7437764406,
        "width_m": 0.6,
        "height_m": 1.5189914703,
        "qw": 0.7161554507,
        "qx": 0.0,
        "qy": 0.0,
        "qz": 0.6979408073,
        "tx_m": 45.3873720291,
        "ty_m": -6.0000988706,
        "tz_m": 0.5004435132,
        "num_interior_pts": 21
    },
    {
        "timestamp_ns": 315972007860026000,
        "track_uuid": "0149ee2e-f278-4aa6-984b-0340f6568a9b",
        "category": "PEDESTRIAN",
        "length_m": 0.6,
        "width_m": 0.6690936089,
        "height_m": 1.7255811691,
        "qw": -0.0003887156,
        "qx": 0.0,
        "qy": 0.0,
        "qz": 0.9999999245,
        "tx_m": -1.7219316785,
        "ty_m": -8.5414698355,
        "tz_m": 0.2647344433,
        "num_interior_pts": 87
    },
    {
        "timestamp_ns": 315972007959559000,
        "track_uuid": "e34944f7-41ee-49cc-a24d-53cd19fde170",
        "category": "REGULAR_VEHICLE",
        "length_m": 4.6175575256,
        "width_m": 1.7728526592,
        "height_m": 1.41,
        "qw": 0.9997172537,
        "qx": 0.0,
        "qy": 0.0,
        "qz": -0.0237784069,
        "tx_m": -18.2859468906,
        "ty_m": -36.3105027216,
        "tz_m": -1.2748564958,
        "num_interior_pts": 6
    },
    {
        "timestamp_ns": 315972008059746000,
        "track_uuid": "9ad2a7af-c7b7-4c63-abc5-b4f18fde756b",
        "category": "REGULAR_VEHICLE",
        "length_m": 4.6831250191,
        "width_m": 1.74,
        "height_m": 1.4269676208,
        "qw": 0.9996737919,
        "qx": 0.0,
        "qy": 0.0,
        "qz": -0.0255403558,
        "tx_m": 123.0772719404,
        "ty_m": -7.4155943227,
        "tz_m": 1.7540370809,
        "num_interior_pts": 1
    },
    {
        "timestamp_ns": 315972008159942000,
        "track_uuid": "767d0cbc-b54c-4a6d-ace1-41a830791c31",
        "category": "REGULAR_VEHICLE",
        "length_m": 4.03,
        "width_m": 2.2326226234,
        "height_m": 2.2796859741,
        "qw": 0.9998610299,
        "qx": 0.0,
        "qy": 0.0,
        "qz": -0.0166709617,
        "tx_m": 83.717761159,
        "ty_m": -2.1210875447,
        "tz_m": 1.9445663886,
        "num_interior_pts": 15
    },
    {
        "timestamp_ns": 315972008259475000,
        "track_uuid": "3950319d-1911-4f0c-ba50-bd55c5b0f69c",
        "category": "REGULAR_VEHICLE",
        "length_m": 4.03,
        "width_m": 1.74,
        "height_m": 1.818903923,
        "qw": 0.9999992347,
        "qx": 0.0,
        "qy": 0.0,
        "qz": -0.0012371881,
        "tx_m": 79.3542241392,
        "ty_m": 1.6816273179,
        "tz_m": 1.7450580896,
        "num_interior_pts": 1
    },
    {
        "timestamp_ns": 315972008359671000,
        "track_uuid": "07f1efe0-6b2b-4896-9e33-103ba42e8db9",
        "category": "REGULAR_VEHICLE",
        "length_m": 5.0306625366,
        "width_m": 1.8545920849,
        "height_m": 2.0017547607,
        "qw": 0.9999637581,
        "qx": 0.0,
        "qy": 0.0,
        "qz": -0.0085136663,
        "tx_m": -20.3839149084,
        "ty_m": -16.3253407827,
        "tz_m": -0.2073521569,
        "num_interior_pts": 199
    },
    {
        "timestamp_ns": 315972008459868000,
        "track_uuid": "bc143961-18e9-4592-9f06-08496994bc69",
        "category": "PEDESTRIAN",
        "length_m": 0.6032508612,
        "width_m": 0.6,
        "height_m": 1.7790956497,
        "qw": 0.0108396124,
        "qx": 0.0,
        "qy": 0.0,
        "qz": 0.9999412497,
        "tx_m": 1.1219452943,
        "ty_m": -8.8843279724,
        "tz_m": 0.2851331755,
        "num_interior_pts": 0
    },
    {
        "timestamp_ns": 315972008560064000,
        "track_uuid": "81c1fc94-318e-4e43-bdfd-6dc66908fb89",
        "category": "PEDESTRIAN",
        "length_m": 0.6,
        "width_m": 0.6,
        "height_m": 1.8016614914,
        "qw": 0.999797253,
        "qx": 0.0,
        "qy": 0.0,
        "qz": -0.0201358627,
        "tx_m": 20.2812318901,
        "ty_m": -9.4712082997,
        "tz_m": 0.5025967155,
        "num_interior_pts": 69
    },
    {
        "timestamp_ns": 315972008659597000,
        "track_uuid": "146e49fd-e369-40e9-8406-b5a58106c763",
        "category": "PEDESTRIAN",
        "length_m": 0.6,
        "width_m": 0.6779228449,
        "height_m": 1.8089752197,
        "qw": -0.0074175993,
        "qx": 0.0,
        "qy": 0.0,
        "qz": 0.9999724892,
        "tx_m": -44.1014501887,
        "ty_m": -7.5092924351,
        "tz_m": -0.1370633357,
        "num_interior_pts": 8
    },
    {
        "timestamp_ns": 315972008759793000,
        "track_uuid": "fbb57137-27f4-4ea2-bf9b-221ffd30462e",
        "category": "REGULAR_VEHICLE",
        "length_m": 4.03,
        "width_m": 2.1189754009,
        "height_m": 1.9503517151,
        "qw": 0.9999121955,
        "qx": 0.0,
        "qy": 0.0,
        "qz": 0.0132514657,
        "tx_m": 71.5440570753,
        "ty_m": -5.2996133479,
        "tz_m": 1.6846816269,
        "num_interior_pts": 0
    },
    {
        "timestamp_ns": 315972008859989000,
        "track_uuid": "b7ed4a60-946e-4603-8331-e1eed19bc244",
        "category": "REGULAR_VEHICLE",
        "length_m": 4.03,
        "width_m": 1.74,
        "height_m": 1.41,
        "qw": 0.9999638974,
        "qx": 0.0,
        "qy": 0.0,
        "qz": 0.0084972889,
        "tx_m": -121.6040130507,
        "ty_m": -2.3427596762,
        "tz_m": -0.8109542544,
        "num_interior_pts": 3
    },
    {
        "timestamp_ns": 315972008959522000,
        "track_uuid": "8031890c-0755-4d63-8015-a324a5e61172",
        "category": "REGULAR_VEHICLE",
        "length_m": 4.03,
        "width_m": 1.74,
        "height_m": 1.6913003922,
        "qw": 0.9999459058,
        "qx": 0.0,
        "qy": 0.0,
        "qz": -0.0104012275,
        "tx_m": -72.9911435652,
        "ty_m": 2.5949015843,
        "tz_m": -0.1048175558,
        "num_interior_pts": 1
    },
    {
        "timestamp_ns": 315972009059709000,
        "track_uuid": "3d8de6a3-82b9-4333-8992-826e32fa11e2",
        "category": "REGULAR_VEHICLE",
        "length_m": 5.9503617287,
        "width_m": 1.9425904751,
        "height_m": 2.1176939011,
        "qw": 0.9999959224,
        "qx": 0.0,
        "qy": 0.0,
        "qz": 0.0028557225,
        "tx_m": -2.0577226877,
        "ty_m": -5.2155154344,
        "tz_m": 0.4800920635,
        "num_interior_pts": 3108
    },
    {
        "timestamp_ns": 315972009159905000,
        "track_uuid": "29f3484a-c912-4847-b643-5e38691bcce6",
        "category": "REGULAR_VEHICLE",
        "length_m": 4.7391138077,
        "width_m": 1.74,
        "height_m": 1.7565755844,
        "qw": 0.9999243163,
        "qx": 0.0,
        "qy": 0.0,
        "qz": 0.0123029166,
        "tx_m": -25.3976199804,
        "ty_m": -21.354458417,
        "tz_m": -0.4048518597,
        "num_interior_pts": 0
    },
    {
        "timestamp_ns": 315972009260102000,
        "track_uuid": "f4d7feaf-783c-4c1f-86eb-dcef2a57ff75",
        "category": "PEDESTRIAN",
        "length_m": 0.6,
        "width_m": 0.6,
        "height_m": 1.6569461823,
        "qw": 0.9998260443,
        "qx": 0.0,
        "qy": 0.0,
        "qz": -0.0186515715,
        "tx_m": 11.1726876361,
        "ty_m": 4.7244227601,
        "tz_m": 0.6775674943,
        "num_interior_pts": 161
    },
    {
        "timestamp_ns": 315972009359634000,
        "track_uuid": "b5ed328f-8913-4756-8f95-e34a346285f4",
        "category": "PEDESTRIAN",
        "length_m": 0.6,
        "width_m": 0.6,
        "height_m": 2.1346,
        "qw": 0.6391638077,
        "qx": 0.0,
        "qy": 0.0,
        "qz": 0.7690706255,
        "tx_m": 10.9212338819,
        "ty_m": -10.0599448681,
        "tz_m": 0.5358836156,
        "num_interior_pts": 148
    },
    {
        "timestamp_ns": 315972009459831000,
        "track_uuid": "83bb1625-5415-44de-b913-3939d4eecd1d",
        "category": "PEDESTRIAN",
        "length_m": 0.9589347243,
        "width_m": 0.8985413313,
        "height_m": 1.7266159058,
        "qw": 0.9988594515,
        "qx": 0.0,
        "qy": 0.0,
        "qz": 0.04774721,
        "tx_m": -62.5043981816,
        "ty_m": -8.6377792435,
        "tz_m": 0.0326456494,
        "num_interior_pts": 3
    },
    {
        "timestamp_ns": 315972009560027000,
        "track_uuid": "4fda9cdc-902f-4d88-b1ad-0030409c8700",
        "category": "PEDESTRIAN",
        "length_m": 0.6437444687,
        "width_m": 0.6,
        "height_m": 1.5,
        "qw": -0.6998579297,
        "qx": 0.0,
        "qy": 0.0,
        "qz": 0.7142820719,
        "tx_m": -45.1075078749,
        "ty_m": 8.0208869224,
        "tz_m": 0.5979214187,
        "num_interior_pts": 0
    },
    {
        "timestamp_ns": 315972009659560000,
        "track_uuid": "25493bc3-f8ec-4f0f-a3a6-b099a6363d7e",
        "category": "PEDESTRIAN",
        "length_m": 0.6,
        "width_m": 0.617739439,
        "height_m": 1.6723585129,
        "qw": 0.0135493687,
        "qx": 0.0,
        "qy": 0.0,
        "qz": 0.9999082031,
        "tx_m": -20.1991038731,
        "ty_m": 7.9710702758,
        "tz_m": 0.7014117665,
        "num_interior_pts": 23
    },
    {
        "timestamp_ns": 315972009759756000,
        "track_uuid": "45a2b9a2-9be6-4dce-b085-6e31f7068205",
        "category": "CONSTRUCTION_CONE",
        "length_m": 0.2326,
        "width_m": 0.3796939254,
        "height_m": 0.7623634338,
        "qw": 0.153278803,
        "qx": 0.0,
        "qy": 0.0,
        "qz": 0.9881829833,
        "tx_m": -13.0691619514,
        "ty_m": -5.1809464694,
        "tz_m": -0.2618290421,
        "num_interior_pts": 10
    },
    {
        "timestamp_ns": 315972009859952000,
        "track_uuid": "fc95579e-7b78-4072-a1de-c90b65df9d28",
        "category": "REGULAR_VEHICLE",
        "length_m": 4.3090634346,
        "width_m": 2.1751003265,
        "height_m": 1.8646745682,
        "qw": 0.9999661818,
        "qx": 0.0,
        "qy": 0.0,
        "qz": 0.0082240712,
        "tx_m": 50.1723313966,
        "ty_m": -4.6514935981,
        "tz_m": 1.0333011819,
        "num_interior_pts": 0
    },
    {
        "timestamp_ns": 315972009959485000,
        "track_uuid": "df89a088-e363-4550-9b2f-5f33d46a93e8",
        "category": "REGULAR_VEHICLE",
        "length_m": 4.03,
        "width_m": 1.7555956841,
        "height_m": 1.7331352234,
        "qw": 0.9999956079,
        "qx": 0.0,
        "qy": 0.0,
        "qz": -0.0029638172,
        "tx_m": -66.7628703096,
        "ty_m": 2.3723974725,
        "tz_m": 0.2150546607,
        "num_interior_pts": 1
    },
    {
        "timestamp_ns": 315972010059671000,
        "track_uuid": "c59de4ce-e2d5-4a3c-953d-e28958821498",
        "category": "REGULAR_VEHICLE",
        "length_m": 4.5224938393,
        "width_m": 1.8477787971,
        "height_m": 1.7883625031,
        "qw": 0.9998888599,
        "qx": 0.0,
        "qy": 0.0,
        "qz": 0.0149086535,
        "tx_m": 16.9041970524,
        "ty_m": 2.8882659114,
        "tz_m": 0.7089332895,
        "num_interior_pts": 683
    },
    {
        "timestamp_ns": 315972010159868000,
        "track_uuid": "9e987402-3a8b-4e4d-8978-09cacd3cb021",
        "category": "REGULAR_VEHICLE",
        "length_m": 4.03,
        "width_m": 1.74,
        "height_m": 1.854929924,
        "qw": 0.9999978913,
        "qx": 0.0,
        "qy": 0.0,
        "qz": -0.0020536399,
        "tx_m": -80.1004394498,
        "ty_m": -6.1894207042,
        "tz_m": 0.0290831324,
        "num_interior_pts": 1
    },
    {
        "timestamp_ns": 315972010260064000,
        "track_uuid": "93140106-14eb-4db0-9a80-7985064b6535",
        "category": "REGULAR_VEHICLE",
        "length_m": 4.03,
        "width_m": 1.9274508953,
        "height_m": 1.6415519714,
        "qw": 0.9999721662,
        "qx": 0.0,
        "qy": 0.0,
        "qz": -0.0074610166,
        "tx_m": 61.6608724239,
        "ty_m": 3.0609270456,
        "tz_m": 1.2844653061,
        "num_interior_pts": 3
    },
    {
        "timestamp_ns": 315972010359597000,
        "track_uuid": "87cf8b71-5efb-44cc-a3bc-b49d9ea3315e",
        "category": "REGULAR_VEHICLE",
        "length_m": 4.4799022675,
        "width_m": 1.74,
        "height_m": 1.9425544739,
        "qw": 0.9999569451,
        "qx": 0.0,
        "qy": 0.0,
        "qz": -0.009279436,
        "tx_m": -74.6551656311,
        "ty_m": -6.117097881,
        "tz_m": 0.1538630275,
        "num_interior_pts": 1
    },
    {
        "timestamp_ns": 315972010459793000,
        "track_uuid": "767d0cbc-b54c-4a6d-ace1-41a830791c31",
        "category": "REGULAR_VEHICLE",
        "length_m": 4.03,
        "width_m": 2.2326226234,
        "height_m": 2.2796859741,
        "qw": 0.999989541,
        "qx": 0.0,
        "qy": 0.0,
        "qz": -0.0045736078,
        "tx_m": 85.7449073406,
        "ty_m": -0.6883052717,
        "tz_m": 1.9232739869,
        "num_interior_pts": 8
    },
    {
        "timestamp_ns": 315972010559989000,
        "track_uuid": "62d80033-a8f2-4fcb-942d-b7559bcc8d86",
        "category": "REGULAR_VEHICLE",
        "length_m": 4.7690916061,
        "width_m": 1.74,
        "height_m": 1.4889783859,
        "qw": 0.9996462848,
        "qx": 0.0,
        "qy": 0.0,
        "qz": 0.0265952111,
        "tx_m": -34.2521683451,
        "ty_m": -27.0536922496,
        "tz_m": -1.0112633761,
        "num_interior_pts": 3
    },
    {
        "timestamp_ns": 315972010660185000,
        "track_uuid": "52f40e78-0dae-4d7d-8a53-53e7d159d658",
        "category": "REGULAR_VEHICLE",
        "length_m": 4.03,
        "width_m": 1.74,
        "height_m": 1.8657436371,
        "qw": 0.999941527,
        "qx": 0.0,
        "qy": 0.0,
        "qz": 0.0108139973,
        "tx_m": -78.352988391,
        "ty_m": 1.5750328248,
        "tz_m": 0.1272602878,
        "num_interior_pts": 4
    },
    {
        "timestamp_ns": 315972010759718000,
        "track_uuid": "52f40e78-0dae-4d7d-8a53-53e7d159d658",
        "category": "REGULAR_VEHICLE",
        "length_m": 4.03,
        "width_m": 1.74,
        "height_m": 1.8657436371,
        "qw": 0.9999361577,
        "qx": 0.0,
        "qy": 0.0,
        "qz": 0.0112995799,
        "tx_m": -79.0584323865,
        "ty_m": 1.4972261479,
        "tz_m": -0.0143582308,
        "num_interior_pts": 2
    },
    {
        "timestamp_ns": 315972010859914000,
        "track_uuid": "473a9caf-4a37-4bd4-a545-41f5d62f5d08",
        "category": "REGULAR_VEHICLE",
        "length_m": 4.03,
        "width_m": 1.8884105682,
        "height_m": 1.5177021027,
        "qw": 0.999935367,
        "qx": 0.0,
        "qy": 0.0,
        "qz": 0.0113693374,
        "tx_m": -68.0890025099,
        "ty_m": 1.9786231435,
        "tz_m": -0.1145091286,
        "num_interior_pts": 18
    },
    {
        "timestamp_ns": 315972010960111000,
        "track_uuid": "473a9caf-4a37-4bd4-a545-41f5d62f5d08",
        "category": "REGULAR_VEHICLE",
        "length_m": 4.03,
        "width_m": 1.8884105682,
        "height_m": 1.5177021027,
        "qw": 0.9999398399,
        "qx": 0.0,
        "qy": 0.0,
        "qz": 0.0109688873,
        "tx_m": -68.7969508595,
        "ty_m": 2.0293557501,
        "tz_m": -0.0618925872,
        "num_interior_pts": 9
    },
    {
        "timestamp_ns": 315972011059633000,
        "track_uuid": "52f40e78-0dae-4d7d-8a53-53e7d159d658",
        "category": "REGULAR_VEHICLE",
        "length_m": 4.03,
        "width_m": 1.74,
        "height_m": 1.8657436371,
        "qw": 0.999948706,
        "qx": 0.0,
        "qy": 0.0,
        "qz": 0.0101284465,
        "tx_m": -81.1602698931,
        "ty_m": 1.6778209694,
        "tz_m": 0.0742916127,
        "num_interior_pts": 4
    },
    {
        "timestamp_ns": 315972011159830000,
        "track_uuid": "62d80033-a8f2-4fcb-942d-b7559bcc8d86",
        "category": "REGULAR_VEHICLE",
        "length_m": 4.7690916061,
        "width_m": 1.74,
        "height_m": 1.4889783859,
        "qw": 0.9996689282,
        "qx": 0.0,
        "qy": 0.0,
        "qz": 0.0257300223,
        "tx_m": -38.5391422397,
        "ty_m": -27.0373854461,
        "tz_m": -1.2039308548,
        "num_interior_pts": 4
    },
    {
        "timestamp_ns": 315972011259362000,
        "track_uuid": "79576bf7-ae87-4a2d-b69b-cb2ad1040cd3",
        "category": "REGULAR_VEHICLE",
        "length_m": 4.03,
        "width_m": 2.1672885418,
        "height_m": 1.5370178223,
        "qw": 0.9999987773,
        "qx": 0.0,
        "qy": 0.0,
        "qz": 0.0015637752,
        "tx_m": -101.0827849107,
        "ty_m": -5.7643727664,
        "tz_m": -0.5020501033,
        "num_interior_pts": 0
    },
    {
        "timestamp_ns": 315972011359559000,
        "track_uuid": "884192bc-0c70-4416-b82d-69a90c8687c2",
        "category": "REGULAR_VEHICLE",
        "length_m": 4.2846784592,
        "width_m": 2.1164505482,
        "height_m": 2.3328790665,
        "qw": 0.9999942586,
        "qx": 0.0,
        "qy": 0.0,
        "qz": 0.0033886232,
        "tx_m": -157.2579348652,
        "ty_m": 0.6585020297,
        "tz_m": -0.6657044082,
        "num_interior_pts": 2
    },
    {
        "timestamp_ns": 315972011459755000,
        "track_uuid": "93140106-14eb-4db0-9a80-7985064b6535",
        "category": "REGULAR_VEHICLE",
        "length_m": 4.03,
        "width_m": 1.9274508953,
        "height_m": 1.6415519714,
        "qw": 0.9999905275,
        "qx": 0.0,
        "qy": 0.0,
        "qz": -0.0043525829,
        "tx_m": 53.2724719848,
        "ty_m": 3.4047890222,
        "tz_m": 1.679068492,
        "num_interior_pts": 5
    },
    {
        "timestamp_ns": 315972011559951000,
        "track_uuid": "a2622d0d-7849-4750-8eae-b772e02f9218",
        "category": "REGULAR_VEHICLE",
        "length_m": 4.03,
        "width_m": 1.74,
        "height_m": 2.5157,
        "qw": 0.9998643315,
        "qx": 0.0,
        "qy": 0.0,
        "qz": -0.0164717527,
        "tx_m": 113.3556801595,
        "ty_m": 3.7939906295,
        "tz_m": 3.1522058888,
        "num_interior_pts": 5
    },
    {
        "timestamp_ns": 315972011660147000,
        "track_uuid": "cfab75aa-57f3-445f-9253-3550792fb018",
        "category": "REGULAR_VEHICLE",
        "length_m": 4.9830350876,
        "width_m": 1.8797805309,
        "height_m": 1.7909584045,
        "qw": 0.9999239696,
        "qx": 0.0,
        "qy": 0.0,
        "qz": 0.0123310595,
        "tx_m": -2.4818195013,
        "ty_m": -5.0409552334,
        "tz_m": 0.3098407448,
        "num_interior_pts": 1470
    },
    {
        "timestamp_ns": 315972011759680000,
        "track_uuid": "f25a7b54-1c23-4089-8e4d-31f1e8a6a53e",
        "category": "REGULAR_VEHICLE",
        "length_m": 4.2536263466,
        "width_m": 1.7904038429,
        "height_m": 2.1067991257,
        "qw": 0.9999210465,
        "qx": 0.0,
        "qy": 0.0,
        "qz": 0.0125658578,
        "tx_m": 44.0511418021,
        "ty_m": -4.6012949738,
        "tz_m": 1.4215764756,
        "num_interior_pts": 60
    },
    {
        "timestamp_ns": 315972011859876000,
        "track_uuid": "0a598e3c-51b5-4187-9c66-9d4bdf026987",
        "category": "BOX_TRUCK",
        "length_m": 5.6386041641,
        "width_m": 2.4961528778,
        "height_m": 3.2367868423,
        "qw": 0.7276973649,
        "qx": 0.0,
        "qy": 0.0,
        "qz": -0.6858983489,
        "tx_m": 17.0007009533,
        "ty_m": -19.2192972984,
        "tz_m": 0.8522536455,
        "num_interior_pts": 1060
    },
    {
        "timestamp_ns": 315972011960073000,
        "track_uuid": "146e49fd-e369-40e9-8406-b5a58106c763",
        "category": "PEDESTRIAN",
        "length_m": 0.6,
        "width_m": 0.6779228449,
        "height_m": 1.8089752197,
        "qw": -0.0054585729,
        "qx": 0.0,
        "qy": 0.0,
        "qz": 0.9999851019,
        "tx_m": -68.9857612531,
        "ty_m": -7.0086166949,
        "tz_m": -2.1617916219,
        "num_interior_pts": 7
    },
    {
        "timestamp_ns": 315972012060259000,
        "track_uuid": "5339029b-ca82-493e-bb6c-0b01d55ff853",
        "category": "PEDESTRIAN",
        "length_m": 0.6,
        "width_m": 0.7261369228,
        "height_m": 1.7652282715,
        "qw": 0.7204253651,
        "qx": 0.0,
        "qy": 0.0,
        "qz": 0.6935324746,
        "tx_m": -35.4956589603,
        "ty_m": -5.9958950014,
        "tz_m": -0.996265537,
        "num_interior_pts": 2
    },
    {
        "timestamp_ns": 315972012159792000,
        "track_uuid": "6d4a9e01-024a-4863-9093-ce4c5a0bc861",
        "category": "PEDESTRIAN",
        "length_m": 0.7437764406,
        "width_m": 0.6,
        "height_m": 1.5189914703,
        "qw": 0.7322915537,
        "qx": 0.0,
        "qy": 0.0,
        "qz": 0.6809912484,
        "tx_m": 18.3291419629,
        "ty_m": -4.1740311089,
        "tz_m": 0.7811220074,
        "num_interior_pts": 0
    },
    {
        "timestamp_ns": 315972012259988000,
        "track_uuid": "8a5e87a4-23ac-49e8-a648-f6fc19bfcae1",
        "category": "PEDESTRIAN",
        "length_m": 1.4165,
        "width_m": 0.874789834,
        "height_m": 1.9458580017,
        "qw": 0.7242717165,
        "qx": 0.0,
        "qy": 0.0,
        "qz": 0.6895146704,
        "tx_m": 38.2911038125,
        "ty_m": -5.2959132247,
        "tz_m": 1.3280940103,
        "num_interior_pts": 1
    },
    {
        "timestamp_ns": 315972012360184000,
        "track_uuid": "a8e0570f-98fd-4a5c-8126-0d7dde529e89",
        "category": "PEDESTRIAN",
        "length_m": 0.6,
        "width_m": 0.668550849,
        "height_m": 1.7636861801,
        "qw": -0.0075684973,
        "qx": 0.0,
        "qy": 0.0,
        "qz": 0.9999713585,
        "tx_m": -74.8547385678,
        "ty_m": -5.4138179263,
        "tz_m": -0.3673929528,
        "num_interior_pts": 6
    },
    {
        "timestamp_ns": 315972012459717000,
        "track_uuid": "c576fd79-1ebd-4ce7-8f26-d6690add1598",
        "category": "PEDESTRIAN",
        "length_m": 0.6,
        "width_m": 0.8803677559,
        "height_m": 1.9095754623,
        "qw": 0.9219506456,
        "qx": 0.0,
        "qy": 0.0,
        "qz": -0.3873073805,
        "tx_m": -66.1193274605,
        "ty_m": 5.8564440181,
        "tz_m": 0.0422422246,
        "num_interior_pts": 2
    },
    {
        "timestamp_ns": 315972012559913000,
        "track_uuid": "02128d09-93ce-4230-b5a3-1655fe45d7d7",
        "category": "REGULAR_VEHICLE",
        "length_m": 4.03,
        "width_m": 1.74,
        "height_m": 1.5098590851,
        "qw": 0.9994323347,
        "qx": 0.0,
        "qy": 0.0,
        "qz": -0.0336898848,
        "tx_m": -100.8379114074,
        "ty_m": -2.0735088446,
        "tz_m": -1.2310500076,
        "num_interior_pts": 1
    },
    {
        "timestamp_ns": 315972012659446000,
        "track_uuid": "25da6da1-6b8f-47d7-bb22-b7be29c770f9",
        "category": "REGULAR_VEHICLE",
        "length_m": 4.03,
        "width_m": 1.9417660236,
        "height_m": 1.5036878586,
        "qw": 0.9993731302,
        "qx": 0.0,
        "qy": 0.0,
        "qz": -0.0354026372,
        "tx_m": 29.9935034815,
        "ty_m": 1.9192520923,
        "tz_m": 1.1970323985,
        "num_interior_pts": 189
    },
    {
        "timestamp_ns": 315972012759642000,
        "track_uuid": "38f7977b-fe47-4be3-8f97-357c8df4be20",
        "category": "REGULAR_VEHICLE",
        "length_m": 4.431447506,
        "width_m": 1.74,
        "height_m": 1.7820720673,
        "qw": 0.9999908266,
        "qx": 0.0,
        "qy": 0.0,
        "qz": -0.0042833024,
        "tx_m": -33.5765843998,
        "ty_m": 4.1116896581,
        "tz_m": -0.0347356174,
        "num_interior_pts": 45
    },
    {
        "timestamp_ns": 315972012859839000,
        "track_uuid": "473a9caf-4a37-4bd4-a545-41f5d62f5d08",
        "category": "REGULAR_VEHICLE",
        "length_m": 4.03,
        "width_m": 1.8884105682,
        "height_m": 1.5177021027,
        "qw": 0.999865812,
        "qx": 0.0,
        "qy": 0.0,
        "qz": -0.0163816336,
        "tx_m": -77.9588509601,
        "ty_m": 6.1710535528,
        "tz_m": -0.5993143603,
        "num_interior_pts": 11
    },
    {
        "timestamp_ns": 315972012960035000,
        "track_uuid": "884192bc-0c70-4416-b82d-69a90c8687c2",
        "category": "REGULAR_VEHICLE",
        "length_m": 4.2846784592,
        "width_m": 2.1164505482,
        "height_m": 2.3328790665,
        "qw": 0.9996982581,
        "qx": 0.0,
        "qy": 0.0,
        "qz": -0.0245640543,
        "tx_m": -163.9341215428,
        "ty_m": 9.9218771029,
        "tz_m": -1.1847096248,
        "num_interior_pts": 0
    },
    {
        "timestamp_ns": 315972013059559000,
        "track_uuid": "a2a21287-f80f-4055-ba84-2446f924af0b",
        "category": "REGULAR_VEHICLE",
        "length_m": 4.03,
        "width_m": 1.9319978952,
        "height_m": 1.5783061981,
        "qw": 0.9995057284,
        "qx": 0.0,
        "qy": 0.0,
        "qz": -0.0314372218,
        "tx_m": -121.5862495369,
        "ty_m": 0.405115059,
        "tz_m": -1.0798400364,
        "num_interior_pts": 1
    },
    {
        "timestamp_ns": 315972013159755000,
        "track_uuid": "d5b393c3-1ab4-4d61-8150-c7c5d517b348",
        "category": "REGULAR_VEHICLE",
        "length_m": 4.03,
        "width_m": 1.74,
        "height_m": 1.9510793686,
        "qw": 0.9996115874,
        "qx": 0.0,
        "qy": 0.0,
        "qz": -0.0278688759,
        "tx_m": -78.2534656008,
        "ty_m": -1.737571705,
        "tz_m": -0.431974212,
        "num_interior_pts": 1
    },
    {
        "timestamp_ns": 315972013259951000,
        "track_uuid": "fd42dfa3-a407-4907-94bb-709865306c65",
        "category": "REGULAR_VEHICLE",
        "length_m": 4.03,
        "width_m": 1.834364295,
        "height_m": 2.126288414,
        "qw": 0.9984006078,
        "qx": 0.0,
        "qy": 0.0,
        "qz": -0.0565351781,
        "tx_m": 94.7168119253,
        "ty_m": -1.1997668837,
        "tz_m": 2.5643138322,
        "num_interior_pts": 2
    },
    {
        "timestamp_ns": 315972013359484000,
        "track_uuid": "098b1211-02ed-4d70-849c-8b02c98b00b5",
        "category": "PEDESTRIAN",
        "length_m": 0.6,
        "width_m": 0.7935887575,
        "height_m": 1.8835630417,
        "qw": 0.999985023,
        "qx": 0.0,
        "qy": 0.0,
        "qz": -0.0054729973,
        "tx_m": -14.5238669064,
        "ty_m": -8.2699383327,
        "tz_m": 0.2206846544,
        "num_interior_pts": 5
    },
    {
        "timestamp_ns": 315972013459680000,
        "track_uuid": "5c4a016f-801a-4d65-876f-f1c6e3b6a08f",
        "category": "PEDESTRIAN",
        "length_m": 0.6,
        "width_m": 0.6,
        "height_m": 1.5,
        "qw": 0.0480080126,
        "qx": 0.0,
        "qy": 0.0,
        "qz": 0.9988469506,
        "tx_m": 0.1554812068,
        "ty_m": -9.0428789481,
        "tz_m": 0.1272964445,
        "num_interior_pts": 24
    },
    {
        "timestamp_ns": 315972013559876000,
        "track_uuid": "8b83a843-7ffc-4c29-a2b1-87c6228e981d",
        "category": "PEDESTRIAN",
        "length_m": 0.6,
        "width_m": 0.6,
        "height_m": 1.5971107483,
        "qw": 0.8165185453,
        "qx": 0.0,
        "qy": 0.0,
        "qz": 0.5773192057,
        "tx_m": 0.9376054078,
        "ty_m": 8.5220551763,
        "tz_m": 0.8049702799,
        "num_interior_pts": 196
    },
    {
        "timestamp_ns": 315972013660073000,
        "track_uuid": "d40a8928-b689-4d39-8603-3934ee052de4",
        "category": "PEDESTRIAN",
        "length_m": 0.6,
        "width_m": 0.6,
        "height_m": 1.6414871216,
        "qw": 0.0417159883,
        "qx": 0.0,
        "qy": 0.0,
        "qz": 0.9991295093,
        "tx_m": 2.3637404046,
        "ty_m": 8.5960443251,
        "tz_m": 0.8447261838,
        "num_interior_pts": 172
    },
    {
        "timestamp_ns": 315972013759605000,
        "track_uuid": "11a14e03-c8e1-4bf8-8b1e-a98b81257ddd",
        "category": "REGULAR_VEHICLE",
        "length_m": 4.03,
        "width_m": 1.74,
        "height_m": 2.0926237106,
        "qw": 0.713155207,
        "qx": 0.0,
        "qy": 0.0,
        "qz": -0.7010061703,
        "tx_m": 12.2470119514,
        "ty_m": -25.6360789984,
        "tz_m": -0.2566155301,
        "num_interior_pts": 38
    },
    {
        "timestamp_ns": 315972013859802000,
        "track_uuid": "2de4e1e4-e7a6-403d-b0c2-ddf05227f3b1",
        "category": "REGULAR_VEHICLE",
        "length_m": 4.03,
        "width_m": 1.9784133434,
        "height_m": 1.778550148,
        "qw": 0.9999667432,
        "qx": 0.0,
        "qy": 0.0,
        "qz": -0.0081555153,
        "tx_m": -42.6251016419,
        "ty_m": 1.6448639678,
        "tz_m": 0.1320990043,
        "num_interior_pts": 27
    },
    {
        "timestamp_ns": 315972013959998000,
        "track_uuid": "458568f0-b3b2-4d60-a1b3-6a08d7186ec0",
        "category": "REGULAR_VEHICLE",
        "length_m": 4.5985360146,
        "width_m": 1.8460037708,
        "height_m": 1.9514017105,
        "qw": 0.7205526579,
        "qx": 0.0,
        "qy": 0.0,
        "qz": 0.6934002215,
        "tx_m": 10.3766057663,
        "ty_m": -43.3787790202,
        "tz_m": -1.113962493,
        "num_interior_pts": 7
    },
    {
        "timestamp_ns": 315972014059520000,
        "track_uuid": "885a4c0d-12bd-4c70-a28f-7c60769839bf",
        "category": "REGULAR_VEHICLE",
        "length_m": 4.46393013,
        "width_m": 1.74,
        "height_m": 1.7509632111,
        "qw": 0.9999532164,
        "qx": 0.0,
        "qy": 0.0,
        "qz": -0.0096729057,
        "tx_m": -18.9977585138,
        "ty_m": 3.970695063,
        "tz_m": 0.3197518224,
        "num_interior_pts": 270
    },
    {
        "timestamp_ns": 315972014159716000,
        "track_uuid": "c59de4ce-e2d5-4a3c-953d-e28958821498",
        "category": "REGULAR_VEHICLE",
        "length_m": 4.5224938393,
        "width_m": 1.8477787971,
        "height_m": 1.7883625031,
        "qw": 0.9999160739,
        "qx": 0.0,
        "qy": 0.0,
        "qz": -0.0129555052,
        "tx_m": 0.1641639526,
        "ty_m": 2.6898529561,
        "tz_m": 0.6018148255,
        "num_interior_pts": 3278
    },
    {
        "timestamp_ns": 315972014259912000,
        "track_uuid": "fd42dfa3-a407-4907-94bb-709865306c65",
        "category": "REGULAR_VEHICLE",
        "length_m": 4.03,
        "width_m": 1.834364295,
        "height_m": 2.126288414,
        "qw": 0.9983293604,
        "qx": 0.0,
        "qy": 0.0,
        "qz": -0.0577796527,
        "tx_m": 93.9745555799,
        "ty_m": -1.4486422932,
        "tz_m": 2.4104300361,
        "num_interior_pts": 5
    },
    {
        "timestamp_ns": 315972014360109000,
        "track_uuid": "3d0f14d5-2cbd-43ce-9c5b-ff3646652116",
        "category": "PEDESTRIAN",
        "length_m": 0.839956522,
        "width_m": 0.7072793245,
        "height_m": 1.8346328735,
        "qw": 0.9981418948,
        "qx": 0.0,
        "qy": 0.0,
        "qz": -0.0609324034,
        "tx_m": -7.2426824506,
        "ty_m": 6.0924535687,
        "tz_m": 0.7039055408,
        "num_interior_pts": 108
    },
    {
        "timestamp_ns": 315972014459641000,
        "track_uuid": "8a5e87a4-23ac-49e8-a648-f6fc19bfcae1",
        "category": "PEDESTRIAN",
        "length_m": 1.4165,
        "width_m": 0.874789834,
        "height_m": 1.9458580017,
        "qw": 0.7564514859,
        "qx": 0.0,
        "qy": 0.0,
        "qz": 0.6540498066,
        "tx_m": 35.1708858287,
        "ty_m": -5.1282368801,
        "tz_m": 1.0902895833,
        "num_interior_pts": 45
    },
    {
        "timestamp_ns": 315972014559838000,
        "track_uuid": "e540ba91-90c7-446d-bc78-83c9ae86e67e",
        "category": "PEDESTRIAN",
        "length_m": 0.7108848691,
        "width_m": 0.7269726992,
        "height_m": 1.6161928177,
        "qw": 0.7689960899,
        "qx": 0.0,
        "qy": 0.0,
        "qz": -0.6392534816,
        "tx_m": -4.9331700776,
        "ty_m": 5.9001418018,
        "tz_m": 0.6273609764,
        "num_interior_pts": 13
    },
    {
        "timestamp_ns": 315972014660034000,
        "track_uuid": "28f111c3-db2e-44dc-b046-8b7dad0eb080",
        "category": "REGULAR_VEHICLE",
        "length_m": 4.03,
        "width_m": 1.74,
        "height_m": 1.9965229034,
        "qw": 0.998343085,
        "qx": 0.0,
        "qy": 0.0,
        "qz": -0.0575420256,
        "tx_m": 132.7059964735,
        "ty_m": -5.1523887543,
        "tz_m": 1.9927899023,
        "num_interior_pts": 5
    },
    {
        "timestamp_ns": 315972014759567000,
        "track_uuid": "458568f0-b3b2-4d60-a1b3-6a08d7186ec0",
        "category": "REGULAR_VEHICLE",
        "length_m": 4.5985360146,
        "width_m": 1.8460037708,
        "height_m": 1.9514017105,
        "qw": 0.7205344507,
        "qx": 0.0,
        "qy": 0.0,
        "qz": 0.6934191412,
        "tx_m": 10.4841541958,
        "ty_m": -43.489342937,
        "tz_m": -1.1691735807,
        "num_interior_pts": 8
    },
    {
        "timestamp_ns": 315972014859763000,
        "track_uuid": "93140106-14eb-4db0-9a80-7985064b6535",
        "category": "REGULAR_VEHICLE",
        "length_m": 4.03,
        "width_m": 1.9274508953,
        "height_m": 1.6415519714,
        "qw": 0.9993472087,
        "qx": 0.0,
        "qy": 0.0,
        "qz": -0.0361269505,
        "tx_m": 46.0059385544,
        "ty_m": 0.1892465433,
        "tz_m": 1.2150556107,
        "num_interior_pts": 12
    },
    {
        "timestamp_ns": 315972014959959000,
        "track_uuid": "d3644aef-fbcb-4ec9-aed4-ab67da7aea91",
        "category": "REGULAR_VEHICLE",
        "length_m": 4.03,
        "width_m": 1.74,
        "height_m": 1.5050563812,
        "qw": 0.9993793719,
        "qx": 0.0,
        "qy": 0.0,
        "qz": -0.035225999,
        "tx_m": -115.4015576339,
        "ty_m": 0.3578559943,
        "tz_m": -0.3354195149,
        "num_interior_pts": 2
    },
    {
        "timestamp_ns": 315972015059483000,
        "track_uuid": "52dca1e2-947a-4173-9b48-4d25747fffc7",
        "category": "CONSTRUCTION_CONE",
        "length_m": 0.3041932285,
        "width_m": 0.2096,
        "height_m": 0.7805862427,
        "qw": 0.7198037735,
        "qx": 0.0,
        "qy": 0.0,
        "qz": 0.6941775909,
        "tx_m": -21.4831972152,
        "ty_m": -3.5878543926,
        "tz_m": -0.2125761739,
        "num_interior_pts": 3
    },
    {
        "timestamp_ns": 315972015159679000,
        "track_uuid": "534dac6d-ea80-44aa-a02c-16e5d494c479",
        "category": "PEDESTRIAN",
        "length_m": 0.6,
        "width_m": 0.710704565,
        "height_m": 1.8240337372,
        "qw": 0.9990284693,
        "qx": 0.0,
        "qy": 0.0,
        "qz": -0.044069462,
        "tx_m": 44.8216071774,
        "ty_m": -10.7951730308,
        "tz_m": 1.0792830449,
        "num_interior_pts": 1
    },
    {
        "timestamp_ns": 315972015259875000,
        "track_uuid": "9e7ed6ba-7170-46ee-8c04-450e257f6954",
        "category": "PEDESTRIAN",
        "length_m": 0.6,
        "width_m": 0.6,
        "height_m": 1.9210739136,
        "qw": 0.9997640303,
        "qx": 0.0,
        "qy": 0.0,
        "qz": -0.0217228843,
        "tx_m": -44.8125313659,
        "ty_m": 7.4038494801,
        "tz_m": 0.4730462496,
        "num_interior_pts": 0
    },
    {
        "timestamp_ns": 315972015360072000,
        "track_uuid": "f6ceb557-ca8c-4980-a1e9-e893938db15e",
        "category": "PEDESTRIAN",
        "length_m": 0.6134511828,
        "width_m": 0.6152445674,
        "height_m": 1.560921669,
        "qw": 0.999851942,
        "qx": 0.0,
        "qy": 0.0,
        "qz": -0.0172073855,
        "tx_m": 3.4287907218,
        "ty_m": 5.5675449767,
        "tz_m": 0.6730749253,
        "num_interior_pts": 231
    },
    {
        "timestamp_ns": 315972015459604000,
        "track_uuid": "2de4e1e4-e7a6-403d-b0c2-ddf05227f3b1",
        "category": "REGULAR_VEHICLE",
        "length_m": 4.03,
        "width_m": 1.9784133434,
        "height_m": 1.778550148,
        "qw": 0.9993815912,
        "qx": 0.0,
        "qy": 0.0,
        "qz": -0.0351629799,
        "tx_m": -32.6840409541,
        "ty_m": 1.1534198598,
        "tz_m": 0.3776672033,
        "num_interior_pts": 75
    },
    {
        "timestamp_ns": 315972015559801000,
        "track_uuid": "60f0d1e4-2398-4167-8ac4-320c3aee6ac1",
        "category": "REGULAR_VEHICLE",
        "length_m": 4.5040445328,
        "width_m": 1.74,
        "height_m": 1.8676519394,
        "qw": 0.9995346961,
        "qx": 0.0,
        "qy": 0.0,
        "qz": -0.0305023165,
        "tx_m": -46.2329180506,
        "ty_m": -9.3912514348,
        "tz_m": 0.0394842508,
        "num_interior_pts": 0
    },
    {
        "timestamp_ns": 315972015659997000,
        "track_uuid": "a2622d0d-7849-4750-8eae-b772e02f9218",
        "category": "REGULAR_VEHICLE",
        "length_m": 4.03,
        "width_m": 1.74,
        "height_m": 2.5157,
        "qw": 0.9989226756,
        "qx": 0.0,
        "qy": 0.0,
        "qz": -0.0464056908,
        "tx_m": 106.6415716417,
        "ty_m": -2.8879421837,
        "tz_m": 2.2392302579,
        "num_interior_pts": 10
    },
    {
        "timestamp_ns": 315972015759530000,
        "track_uuid": "f7d31e5e-18a6-4676-b3a6-e8369d4a1656",
        "category": "REGULAR_VEHICLE",
        "length_m": 4.4017810822,
        "width_m": 1.9377799034,
        "height_m": 1.968120575,
        "qw": 0.9977855961,
        "qx": 0.0,
        "qy": 0.0,
        "qz": -0.0665124368,
        "tx_m": 81.6550551722,
        "ty_m": -6.0949931479,
        "tz_m": 1.7793762735,
        "num_interior_pts": 27
    },
    {
        "timestamp_ns": 315972015859726000,
        "track_uuid": "4d31e9c9-3539-4267-a383-4efbb4027501",
        "category": "PEDESTRIAN",
        "length_m": 0.6,
        "width_m": 0.6,
        "height_m": 1.8066911697,
        "qw": 0.9998697379,
        "qx": 0.0,
        "qy": 0.0,
        "qz": -0.0161402389,
        "tx_m": 5.0613975308,
        "ty_m": 5.4775551927,
        "tz_m": 0.8121125415,
        "num_interior_pts": 150
    },
    {
        "timestamp_ns": 315972015959922000,
        "track_uuid": "9e7ed6ba-7170-46ee-8c04-450e257f6954",
        "category": "PEDESTRIAN",
        "length_m": 0.6,
        "width_m": 0.6,
        "height_m": 1.9210739136,
        "qw": 0.9997675986,
        "qx": 0.0,
        "qy": 0.0,
        "qz": -0.0215580311,
        "tx_m": -44.0332348548,
        "ty_m": 7.3432086148,
        "tz_m": 0.5681231507,
        "num_interior_pts": 0
    },
    {
        "timestamp_ns": 315972016060108000,
        "track_uuid": "0b4fc48c-e379-4e97-ba44-8fb08d0adb8f",
        "category": "REGULAR_VEHICLE",
        "length_m": 4.4460091591,
        "width_m": 1.8378992081,
        "height_m": 1.4576320648,
        "qw": 0.999710287,
        "qx": 0.0,
        "qy": 0.0,
        "qz": -0.024069526,
        "tx_m": -6.4904282701,
        "ty_m": 3.0807394527,
        "tz_m": 0.3979791947,
        "num_interior_pts": 708
    },
    {
        "timestamp_ns": 315972016159641000,
        "track_uuid": "3950319d-1911-4f0c-ba50-bd55c5b0f69c",
        "category": "REGULAR_VEHICLE",
        "length_m": 4.03,
        "width_m": 1.74,
        "height_m": 1.818903923,
        "qw": 0.9998171086,
        "qx": 0.0,
        "qy": 0.0,
        "qz": -0.0191245759,
        "tx_m": 51.2939429969,
        "ty_m": 0.3140513081,
        "tz_m": 1.1374721036,
        "num_interior_pts": 11
    },
    {
        "timestamp_ns": 315972016259837000,
        "track_uuid": "87cf8b71-5efb-44cc-a3bc-b49d9ea3315e",
        "category": "REGULAR_VEHICLE",
        "length_m": 4.4799022675,
        "width_m": 1.74,
        "height_m": 1.9425544739,
        "qw": 0.9993057209,
        "qx": 0.0,
        "qy": 0.0,
        "qz": -0.0372568951,
        "tx_m": -90.1481456898,
        "ty_m": -1.3218403445,
        "tz_m": 0.696891307,
        "num_interior_pts": 4
    },
    {
        "timestamp_ns": 315972016360034000,
        "track_uuid": "d0171b16-e8dd-46ef-ae12-5ded4d2411d0",
        "category": "REGULAR_VEHICLE",
        "length_m": 4.03,
        "width_m": 2.4497244358,
        "height_m": 2.2744483948,
        "qw": 0.9997463134,
        "qx": 0.0,
        "qy": 0.0,
        "qz": -0.0225235159,
        "tx_m": -143.189792897,
        "ty_m": 0.965336951,
        "tz_m": 1.2228994442,
        "num_interior_pts": 6
    },
    {
        "timestamp_ns": 315972016459566000,
        "track_uuid": "52dca1e2-947a-4173-9b48-4d25747fffc7",
        "category": "CONSTRUCTION_CONE",
        "length_m": 0.3041932285,
        "width_m": 0.2096,
        "height_m": 0.7805862427,
        "qw": 0.7170279732,
        "qx": 0.0,
        "qy": 0.0,
        "qz": 0.6970443929,
        "tx_m": -21.8405642045,
        "ty_m": -3.7869240823,
        "tz_m": 0.0113658961,
        "num_interior_pts": 5
    },
    {
        "timestamp_ns": 315972016559763000,
        "track_uuid": "6d4a9e01-024a-4863-9093-ce4c5a0bc861",
        "category": "PEDESTRIAN",
        "length_m": 0.7437764406,
        "width_m": 0.6,
        "height_m": 1.5189914703,
        "qw": 0.8576260087,
        "qx": 0.0,
        "qy": 0.0,
        "qz": 0.5142738855,
        "tx_m": 17.2558868889,
        "ty_m": 3.8715264854,
        "tz_m": 0.5268616554,
        "num_interior_pts": 85
    },
    {
        "timestamp_ns": 315972016659959000,
        "track_uuid": "bdf43bcf-37ef-4626-bc18-4606d105593c",
        "category": "PEDESTRIAN",
        "length_m": 1.0595648289,
        "width_m": 0.8644425273,
        "height_m": 2.1345081329,
        "qw": 0.9999094582,
        "qx": 0.0,
        "qy": 0.0,
        "qz": -0.0134564227,
        "tx_m": -79.3087916048,
        "ty_m": -6.0907418371,
        "tz_m": 0.9311811023,
        "num_interior_pts": 1
    },
    {
        "timestamp_ns": 315972016760155000,
        "track_uuid": "1a0c6eb4-4d23-4919-9807-45b775dd302e",
        "category": "REGULAR_VEHICLE",
        "length_m": 4.1005673409,
        "width_m": 1.757090807,
        "height_m": 1.8130912781,
        "qw": -0.7022162178,
        "qx": 0.0,
        "qy": 0.0,
        "qz": 0.7119637515,
        "tx_m": 10.8204618783,
        "ty_m": -36.5317107978,
        "tz_m": -1.0643030634,
        "num_interior_pts": 93
    },
    {
        "timestamp_ns": 315972016859688000,
        "track_uuid": "3a550621-d302-4c26-97f9-f4868e5c1a37",
        "category": "REGULAR_VEHICLE",
        "length_m": 4.5296535492,
        "width_m": 1.9159846306,
        "height_m": 1.9064712524,
        "qw": 0.9997029772,
        "qx": 0.0,
        "qy": 0.0,
        "qz": -0.0243712399,
        "tx_m": 18.1585507813,
        "ty_m": -5.1463688228,
        "tz_m": 0.5520866365,
        "num_interior_pts": 352
    },
    {
        "timestamp_ns": 315972016959884000,
        "track_uuid": "885a4c0d-12bd-4c70-a28f-7c60769839bf",
        "category": "REGULAR_VEHICLE",
        "length_m": 4.46393013,
        "width_m": 1.74,
        "height_m": 1.7509632111,
        "qw": 0.9999999347,
        "qx": 0.0,
        "qy": 0.0,
        "qz": 0.0003614961,
        "tx_m": -20.2964584247,
        "ty_m": 3.5464511349,
        "tz_m": 0.5734006481,
        "num_interior_pts": 253
    },
    {
        "timestamp_ns": 315972017060071000,
        "track_uuid": "c59de4ce-e2d5-4a3c-953d-e28958821498",
        "category": "REGULAR_VEHICLE",
        "length_m": 4.5224938393,
        "width_m": 1.8477787971,
        "height_m": 1.7883625031,
        "qw": 0.99999833,
        "qx": 0.0,
        "qy": 0.0,
        "qz": -0.0018275588,
        "tx_m": -1.3676449018,
        "ty_m": 2.6674797593,
        "tz_m": 0.6118854374,
        "num_interior_pts": 2929
    },
    {
        "timestamp_ns": 315972017159604000,
        "track_uuid": "52dca1e2-947a-4173-9b48-4d25747fffc7",
        "category": "CONSTRUCTION_CONE",
        "length_m": 0.3041932285,
        "width_m": 0.2096,
        "height_m": 0.7805862427,
        "qw": 0.7105570501,
        "qx": 0.0,
        "qy": 0.0,
        "qz": 0.7036395943,
        "tx_m": -23.3145824214,
        "ty_m": -4.2168312703,
        "tz_m": -0.156856764,
        "num_interior_pts": 6
    },
    {
        "timestamp_ns": 315972017259801000,
        "track_uuid": "6d4a9e01-024a-4863-9093-ce4c5a0bc861",
        "category": "PEDESTRIAN",
        "length_m": 0.7437764406,
        "width_m": 0.6,
        "height_m": 1.5189914703,
        "qw": 0.9573749702,
        "qx": 0.0,
        "qy": 0.0,
        "qz": 0.2888479987,
        "tx_m": 16.1848404553,
        "ty_m": 4.8621760459,
        "tz_m": 0.7241584822,
        "num_interior_pts": 117
    },
    {
        "timestamp_ns": 315972017359997000,
        "track_uuid": "d40a8928-b689-4d39-8603-3934ee052de4",
        "category": "PEDESTRIAN",
        "length_m": 0.6,
        "width_m": 0.6,
        "height_m": 1.6414871216,
        "qw": 0.027221617,
        "qx": 0.0,
        "qy": 0.0,
        "qz": 0.9996294231,
        "tx_m": -0.5377154424,
        "ty_m": 8.5885478487,
        "tz_m": 0.832129669,
        "num_interior_pts": 262
    },
    {
        "timestamp_ns": 315972017459530000,
        "track_uuid": "1eb42ca7-977e-4947-83ae-18fdd9255da3",
        "category": "REGULAR_VEHICLE",
        "length_m": 4.03,
        "width_m": 1.8023500443,
        "height_m": 1.5754299164,
        "qw": 0.9999259599,
        "qx": 0.0,
        "qy": 0.0,
        "qz": -0.0121685919,
        "tx_m": 36.6210254828,
        "ty_m": 1.6917485046,
        "tz_m": 1.0258831299,
        "num_interior_pts": 58
    },
    {
        "timestamp_ns": 315972017559726000,
        "track_uuid": "473a9caf-4a37-4bd4-a545-41f5d62f5d08",
        "category": "REGULAR_VEHICLE",
        "length_m": 4.03,
        "width_m": 1.8884105682,
        "height_m": 1.5177021027,
        "qw": 0.9999890248,
        "qx": 0.0,
        "qy": 0.0,
        "qz": -0.0046851201,
        "tx_m": -82.5856874958,
        "ty_m": 4.2666358543,
        "tz_m": 0.1082454694,
        "num_interior_pts": 7
    },
    {
        "timestamp_ns": 315972017659922000,
        "track_uuid": "9ad2a7af-c7b7-4c63-abc5-b4f18fde756b",
        "category": "REGULAR_VEHICLE",
        "length_m": 4.6831250191,
        "width_m": 1.74,
        "height_m": 1.4269676208,
        "qw": 0.9996305071,
        "qx": 0.0,
        "qy": 0.0,
        "qz": -0.0271817814,
        "tx_m": 90.3482610485,
        "ty_m": -7.5090463271,
        "tz_m": 1.4209680845,
        "num_interior_pts": 7
    },
    {
        "timestamp_ns": 315972017760118000,
        "track_uuid": "f7d31e5e-18a6-4676-b3a6-e8369d4a1656",
        "category": "REGULAR_VEHICLE",
        "length_m": 4.4017810822,
        "width_m": 1.9377799034,
        "height_m": 1.968120575,
        "qw": 0.9999416761,
        "qx": 0.0,
        "qy": 0.0,
        "qz": -0.0108002067,
        "tx_m": 94.0821641436,
        "ty_m": -4.3782862555,
        "tz_m": 1.7908540949,
        "num_interior_pts": 23
    },
    {
        "timestamp_ns": 315972017859651000,
        "track_uuid": "5baab13d-9ea3-482d-bb68-6e22c3298088",
        "category": "PEDESTRIAN",
        "length_m": 0.6284461021,
        "width_m": 0.6,
        "height_m": 1.5301427841,
        "qw": 0.7610326428,
        "qx": 0.0,
        "qy": 0.0,
        "qz": -0.648713586,
        "tx_m": -3.7693999613,
        "ty_m": 9.5250314866,
        "tz_m": 0.8674115994,
        "num_interior_pts": 140
    },
    {
        "timestamp_ns": 315972017959847000,
        "track_uuid": "e540ba91-90c7-446d-bc78-83c9ae86e67e",
        "category": "PEDESTRIAN",
        "length_m": 0.7108848691,
        "width_m": 0.7269726992,
        "height_m": 1.6161928177,
        "qw": 0.7998534519,
        "qx": 0.0,
        "qy": 0.0,
        "qz": -0.6001953478,
        "tx_m": -9.7682209631,
        "ty_m": 5.870738045,
        "tz_m": 0.685779472,
        "num_interior_pts": 3
    },
    {
        "timestamp_ns": 315972018060034000,
        "track_uuid": "458568f0-b3b2-4d60-a1b3-6a08d7186ec0",
        "category": "REGULAR_VEHICLE",
        "length_m": 4.5985360146,
        "width_m": 1.8460037708,
        "height_m": 1.9514017105,
        "qw": 0.7085642864,
        "qx": 0.0,
        "qy": 0.0,
        "qz": 0.7056462655,
        "tx_m": 7.1162326979,
        "ty_m": -43.2092509316,
        "tz_m": -1.7828459004,
        "num_interior_pts": 37
    }
]