[
    {
        "timestamp_ns": 315973808359734000,
        "track_uuid": "7c5a597c-fb89-475b-98a7-1fe5ecdf132c",
        "category": "BICYCLE",
        "length_m": 1.5,
        "width_m": 0.7770944834,
        "height_m": 1.2486362457,
        "qw": 0.7015867196,
        "qx": 0.0,
        "qy": 0.0,
        "qz": 0.7125840827,
        "tx_m": 26.8047519953,
        "ty_m": 36.6204465348,
        "tz_m": -0.2067743661,
        "num_interior_pts": 22
    },
    {
        "timestamp_ns": 315973808459930000,
        "track_uuid": "8a91dab1-c775-4cdb-97b7-b4f4e53cb795",
        "category": "MOTORCYCLE",
        "length_m": 2.3174371719,
        "width_m": 0.7899131775,
        "height_m": 1.2743358612,
        "qw": 0.7217197392,
        "qx": 0.0,
        "qy": 0.0,
        "qz": -0.6921853928,
        "tx_m": 32.198766846,
        "ty_m": 21.0859482912,
        "tz_m": 0.1930774445,
        "num_interior_pts": 61
    },
    {
        "timestamp_ns": 315973808560127000,
        "track_uuid": "19b34a53-00d1-4061-b300-e0511ec9e7f4",
        "category": "REGULAR_VEHICLE",
        "length_m": 4.03,
        "width_m": 2.2856473923,
        "height_m": 1.9296531677,
        "qw": 0.0151774007,
        "qx": 0.0,
        "qy": 0.0,
        "qz": 0.9998848166,
        "tx_m": -117.1058177871,
        "ty_m": 4.895767181,
        "tz_m": 1.6906173821,
        "num_interior_pts": 8
    },
    {
        "timestamp_ns": 315973808660323000,
        "track_uuid": "8a75f62c-601d-4979-9e1e-24e63e0e478d",
        "category": "REGULAR_VEHICLE",
        "length_m": 4.4170742035,
        "width_m": 1.8216958046,
        "height_m": 1.7073822021,
        "qw": 0.7110285138,
        "qx": 0.0,
        "qy": 0.0,
        "qz": 0.7031631764,
        "tx_m": 22.2048507941,
        "ty_m": -28.8096783822,
        "tz_m": 1.2304988795,
        "num_interior_pts": 312
    },
    {
        "timestamp_ns": 315973808759856000,
        "track_uuid": "c376c43e-3bae-44b3-80c9-c72c30187335",
        "category": "REGULAR_VEHICLE",
        "length_m": 4.3480682373,
        "width_m": 1.7411928177,
        "height_m": 1.49077034,
        "qw": 0.9998500396,
        "qx": 0.0,
        "qy": 0.0,
        "qz": 0.0173175713,
        "tx_m": -18.9375989249,
        "ty_m": 0.4657020188,
        "tz_m": 0.8135171307,
        "num_interior_pts": 80
    },
    {
        "timestamp_ns": 315973808860053000,
        "track_uuid": "f2a34a52-d5b9-4f4b-a79f-68d3be27f714",
        "category": "REGULAR_VEHICLE",
        "length_m": 4.03,
        "width_m": 1.9455668926,
        "height_m": 2.0113754272,
        "qw": 0.9996958202,
        "qx": 0.0,
        "qy": 0.0,
        "qz": -0.0246630707,
        "tx_m": 79.4268854886,
        "ty_m": -2.8211816632,
        "tz_m": 0.0346654041,
        "num_interior_pts": 16
    },
    {
        "timestamp_ns": 315973808960249000,
        "track_uuid": "3f62bc01-6412-4bae-afa2-b1890f8f2c56",
        "category": "WHEELED_DEVICE",
        "length_m": 1.0787,
        "width_m": 0.4791,
        "height_m": 1.2889919281,
        "qw": -0.0902306641,
        "qx": 0.0,
        "qy": 0.0,
        "qz": 0.9959208941,
        "tx_m": -0.3403211476,
        "ty_m": 8.6772802693,
        "tz_m": 0.2898094672,
        "num_interior_pts": 8
    },
    {
        "timestamp_ns": 315973809059772000,
        "track_uuid": "7c5a597c-fb89-475b-98a7-1fe5ecdf132c",
        "category": "BICYCLE",
        "length_m": 1.5,
        "width_m": 0.7770944834,
        "height_m": 1.2486362457,
        "qw": 0.7049224093,
        "qx": 0.0,
        "qy": 0.0,
        "qz": 0.7092844259,
        "tx_m": 26.4962736131,
        "ty_m": 41.8817648777,
        "tz_m": -0.4263843717,
        "num_interior_pts": 15
    },
    {
        "timestamp_ns": 315973809159968000,
        "track_uuid": "a89b242f-8d78-4aed-a07e-1fbf41eafce2",
        "category": "BOX_TRUCK",
        "length_m": 10.7394256592,
        "width_m": 2.787876606,
        "height_m": 3.6365242004,
        "qw": 0.717803994,
        "qx": 0.0,
        "qy": 0.0,
        "qz": -0.6962452343,
        "tx_m": 15.0066003038,
        "ty_m": 37.6967946217,
        "tz_m": 1.0151407316,
        "num_interior_pts": 873
    },
    {
        "timestamp_ns": 315973809260165000,
        "track_uuid": "1c51921e-80c6-4d33-a5b9-36c90d118421",
        "category": "PEDESTRIAN",
        "length_m": 0.7239214182,
        "width_m": 0.7305787802,
        "height_m": 1.9621582031,
        "qw": 0.7065160452,
        "qx": 0.0,
        "qy": 0.0,
        "qz": 0.7076970241,
        "tx_m": 32.2911319416,
        "ty_m": 31.6057972159,
        "tz_m": 0.2234739143,
        "num_interior_pts": 27
    },
    {
        "timestamp_ns": 315973809359698000,
        "track_uuid": "1c51921e-80c6-4d33-a5b9-36c90d118421",
        "category": "PEDESTRIAN",
        "length_m": 0.7239214182,
        "width_m": 0.7305787802,
        "height_m": 1.9621582031,
        "qw": 0.7079181527,
        "qx": 0.0,
        "qy": 0.0,
        "qz": 0.7062944776,
        "tx_m": 32.1879127471,
        "ty_m": 31.6632472475,
        "tz_m": 0.1776839246,
        "num_interior_pts": 27
    },
    {
        "timestamp_ns": 315973809459894000,
        "track_uuid": "16d45e32-8a3f-4c86-ae61-771981b5005f",
        "category": "MOTORCYCLIST",
        "length_m": 1.0,
        "width_m": 0.7956236601,
        "height_m": 1.5518474579,
        "qw": 0.9999775687,
        "qx": 0.0,
        "qy": 0.0,
        "qz": 0.0066979106,
        "tx_m": -13.0399966768,
        "ty_m": 1.1646588216,
        "tz_m": 0.7775471919,
        "num_interior_pts": 48
    },
    {
        "timestamp_ns": 315973809560091000,
        "track_uuid": "8a91dab1-c775-4cdb-97b7-b4f4e53cb795",
        "category": "MOTORCYCLE",
        "length_m": 2.3174371719,
        "width_m": 0.7899131775,
        "height_m": 1.2743358612,
        "qw": 0.7148881439,
        "qx": 0.0,
        "qy": 0.0,
        "qz": -0.6992388302,
        "tx_m": 30.9992877895,
        "ty_m": 20.4722052785,
        "tz_m": 0.0253982033,
        "num_interior_pts": 68
    },
    {
        "timestamp_ns": 315973809659624000,
        "track_uuid": "1b907cbf-b941-413a-96da-95500b7d4a2e",
        "category": "MOTORCYCLE",
        "length_m": 1.5,
        "width_m": 0.8245446682,
        "height_m": 1.4537982941,
        "qw": 0.999831906,
        "qx": 0.0,
        "qy": 0.0,
        "qz": 0.0183346606,
        "tx_m": -13.3470481315,
        "ty_m": 1.1792219977,
        "tz_m": 0.7530656481,
        "num_interior_pts": 43
    },
    {
        "timestamp_ns": 315973809759820000,
        "track_uuid": "87e39271-b377-44af-b1e3-1c1cfa1d5817",
        "category": "LARGE_VEHICLE",
        "length_m": 4.03,
        "width_m": 2.0721387863,
        "height_m": 4.277551651,
        "qw": 0.7223089457,
        "qx": 0.0,
        "qy": 0.0,
        "qz": 0.691570522,
        "tx_m": 20.5761077299,
        "ty_m": 187.7642244782,
        "tz_m": -0.9103968792,
        "num_interior_pts": 3
    },
    {
        "timestamp_ns": 315973809860017000,
        "track_uuid": "3d2b29b4-f7a7-45e6-889f-4c43ea7378ff",
        "category": "BOX_TRUCK",
        "length_m": 11.0554714203,
        "width_m": 3.4325551987,
        "height_m": 4.8615,
        "qw": -0.690637353,
        "qx": 0.0,
        "qy": 0.0,
        "qz": 0.7232012491,
        "tx_m": 10.4802790436,
        "ty_m": -87.6006052616,
        "tz_m": 3.4454501604,
        "num_interior_pts": 27
    },
    {
        "timestamp_ns": 315973809960213000,
        "track_uuid": "cde8e0b0-ebb5-4213-b6a4-ebb42eb4a5b1",
        "category": "BOLLARD",
        "length_m": 0.3549806178,
        "width_m": 0.1706715971,
        "height_m": 1.385602951,
        "qw": -0.6852523622,
        "qx": 0.0,
        "qy": 0.0,
        "qz": 0.7283057051,
        "tx_m": -30.1754555365,
        "ty_m": 11.8106584414,
        "tz_m": 1.1442317778,
        "num_interior_pts": 8
    },
    {
        "timestamp_ns": 315973810059736000,
        "track_uuid": "ff8452e7-ac17-4a57-aa3a-6897fda943e7",
        "category": "WHEELED_DEVICE",
        "length_m": 1.0787,
        "width_m": 0.4791,
        "height_m": 1.3166675568,
        "qw": 0.9958020559,
        "qx": 0.0,
        "qy": 0.0,
        "qz": 0.0915328659,
        "tx_m": 4.3763598678,
        "ty_m": -14.6344677917,
        "tz_m": 0.8012500351,
        "num_interior_pts": 45
    },
    {
        "timestamp_ns": 315973810159932000,
        "track_uuid": "e8b275a7-9fd4-48c0-aad5-11631809c85a",
        "category": "WHEELED_DEVICE",
        "length_m": 1.0787,
        "width_m": 0.4791,
        "height_m": 1.237663269,
        "qw": 0.7906374939,
        "qx": 0.0,
        "qy": 0.0,
        "qz": 0.6122845361,
        "tx_m": 4.8070080606,
        "ty_m": 13.4543181633,
        "tz_m": 0.3124168619,
        "num_interior_pts": 22
    },
    {
        "timestamp_ns": 315973810260129000,
        "track_uuid": "7f131202-528f-4aeb-a100-a86624eaf238",
        "category": "WHEELED_DEVICE",
        "length_m": 1.0787,
        "width_m": 0.6545733213,
        "height_m": 1.2169551849,
        "qw": 0.9998369054,
        "qx": 0.0,
        "qy": 0.0,
        "qz": -0.0180599748,
        "tx_m": 4.7389623064,
        "ty_m": -35.7359944946,
        "tz_m": 1.0509309049,
        "num_interior_pts": 10
    },
    {
        "timestamp_ns": 315973810360325000,
        "track_uuid": "3b175bb4-62b4-4dfa-884c-ab1233b0f807",
        "category": "WHEELED_DEVICE",
        "length_m": 1.0787,
        "width_m": 0.482834518,
        "height_m": 1.2709884644,
        "qw": 0.0163484211,
        "qx": 0.0,
        "qy": 0.0,
        "qz": 0.9998663556,
        "tx_m": 28.5270204806,
        "ty_m": 16.7561401184,
        "tz_m": 0.1160268766,
        "num_interior_pts": 4
    },
    {
        "timestamp_ns": 315973810459858000,
        "track_uuid": "92742359-770b-4468-bffc-29acca1a939a",
        "category": "TRUCK_CAB",
        "length_m": 5.689573288,
        "width_m": 3.26,
        "height_m": 4.0067005157,
        "qw": 0.0086024467,
        "qx": 0.0,
        "qy": 0.0,
        "qz": 0.9999629983,
        "tx_m": 40.8073659708,
        "ty_m": 0.4827498347,
        "tz_m": 1.3299632011,
        "num_interior_pts": 236
    },
    {
        "timestamp_ns": 315973810560055000,
        "track_uuid": "f2a34a52-d5b9-4f4b-a79f-68d3be27f714",
        "category": "REGULAR_VEHICLE",
        "length_m": 4.03,
        "width_m": 1.9455668926,
        "height_m": 2.0113754272,
        "qw": 0.9989223682,
        "qx": 0.0,
        "qy": 0.0,
        "qz": -0.0464123086,
        "tx_m": 76.2965051919,
        "ty_m": -6.2377386178,
        "tz_m": -0.2645796015,
        "num_interior_pts": 15
    },
    {
        "timestamp_ns": 315973810660251000,
        "track_uuid": "db772523-9322-4cb7-b721-87fb449d87b7",
        "category": "REGULAR_VEHICLE",
        "length_m": 5.6212639809,
        "width_m": 2.6511166096,
        "height_m": 1.855386734,
        "qw": 0.7276982507,
        "qx": 0.0,
        "qy": 0.0,
        "qz": 0.6858974092,
        "tx_m": 12.5728219239,
        "ty_m": -114.2103565392,
        "tz_m": 1.9474865716,
        "num_interior_pts": 10
    },
    {
        "timestamp_ns": 315973810759784000,
        "track_uuid": "ba76e8c2-100f-49b5-b28b-f3efbd331b5c",
        "category": "REGULAR_VEHICLE",
        "length_m": 4.03,
        "width_m": 1.782161355,
        "height_m": 1.41,
        "qw": 0.9998763425,
        "qx": 0.0,
        "qy": 0.0,
        "qz": -0.0157257674,
        "tx_m": -72.9976316808,
        "ty_m": 1.6870152676,
        "tz_m": 1.7532922738,
        "num_interior_pts": 2
    },
    {
        "timestamp_ns": 315973810859980000,
        "track_uuid": "7e866de0-7b1d-487c-a0be-37a5d116285b",
        "category": "REGULAR_VEHICLE",
        "length_m": 5.4157156944,
        "width_m": 2.3789353371,
        "height_m": 2.3703536987,
        "qw": 0.7266852403,
        "qx": 0.0,
        "qy": 0.0,
        "qz": 0.6869705682,
        "tx_m": 16.7928089133,
        "ty_m": -111.1536594999,
        "tz_m": 2.1838701785,
        "num_interior_pts": 3
    },
    {
        "timestamp_ns": 315973810960177000,
        "track_uuid": "394eb57d-df8c-4a5c-8bc1-f0c7f1754070",
        "category": "REGULAR_VEHICLE",
        "length_m": 5.4726996422,
        "width_m": 2.7476878166,
        "height_m": 1.9521579742,
        "qw": 0.74858142,
        "qx": 0.0,
        "qy": 0.0,
        "qz": 0.6630428776,
        "tx_m": 14.4439375271,
        "ty_m": -62.0464353209,
        "tz_m": 1.5416231697,
        "num_interior_pts": 71
    },
    {
        "timestamp_ns": 315973811059700000,
        "track_uuid": "136ee3ad-5fb2-4dff-a517-7eca38ca60ba",
        "category": "REGULAR_VEHICLE",
        "length_m": 4.03,
        "width_m": 1.8132768869,
        "height_m": 1.5339736938,
        "qw": 0.9994522349,
        "qx": 0.0,
        "qy": 0.0,
        "qz": -0.0330942608,
        "tx_m": 43.2764767186,
        "ty_m": -5.3965733312,
        "tz_m": -0.2263285701,
        "num_interior_pts": 66
    },
    {
        "timestamp_ns": 315973811159896000,
        "track_uuid": "c0bd3f1f-5f98-414d-8016-150fece34dc7",
        "category": "PEDESTRIAN",
        "length_m": 0.6,
        "width_m": 0.6295585632,
        "height_m": 1.5,
        "qw": 0.9967460694,
        "qx": 0.0,
        "qy": 0.0,
        "qz": -0.0806056649,
        "tx_m": 39.7279507609,
        "ty_m": 8.5968753632,
        "tz_m": -0.029543411,
        "num_interior_pts": 17
    },
    {
        "timestamp_ns": 315973811260093000,
        "track_uuid": "1b907cbf-b941-413a-96da-95500b7d4a2e",
        "category": "MOTORCYCLE",
        "length_m": 1.5,
        "width_m": 0.8245446682,
        "height_m": 1.4537982941,
        "qw": 0.9999797817,
        "qx": 0.0,
        "qy": 0.0,
        "qz": 0.0063589514,
        "tx_m": -14.9579777622,
        "ty_m": 1.6306434405,
        "tz_m": 0.8397144695,
        "num_interior_pts": 86
    },
    {
        "timestamp_ns": 315973811359626000,
        "track_uuid": "d1f5d501-f847-4c41-a2ef-e0ec62c9760e",
        "category": "BOLLARD",
        "length_m": 0.3564683199,
        "width_m": 0.1987095177,
        "height_m": 1.3526268005,
        "qw": -0.6762548664,
        "qx": 0.0,
        "qy": 0.0,
        "qz": 0.7366677376,
        "tx_m": -40.58087083,
        "ty_m": 13.5007940708,
        "tz_m": 1.6677538374,
        "num_interior_pts": 15
    },
    {
        "timestamp_ns": 315973811459822000,
        "track_uuid": "f0ac07ae-1a3b-4dc9-885f-397f3771e9f8",
        "category": "WHEELED_DEVICE",
        "length_m": 1.0787,
        "width_m": 0.500729084,
        "height_m": 1.2210731506,
        "qw": 0.9995046823,
        "qx": 0.0,
        "qy": 0.0,
        "qz": -0.031470464,
        "tx_m": 2.5639291365,
        "ty_m": -35.0830480571,
        "tz_m": 0.9065887993,
        "num_interior_pts": 11
    },
    {
        "timestamp_ns": 315973811560019000,
        "track_uuid": "7f131202-528f-4aeb-a100-a86624eaf238",
        "category": "WHEELED_DEVICE",
        "length_m": 1.0787,
        "width_m": 0.6545733213,
        "height_m": 1.2169551849,
        "qw": 0.9994449304,
        "qx": 0.0,
        "qy": 0.0,
        "qz": -0.0333141281,
        "tx_m": 2.2868210621,
        "ty_m": -35.8500617778,
        "tz_m": 0.9055201861,
        "num_interior_pts": 7
    },
    {
        "timestamp_ns": 315973811660215000,
        "track_uuid": "2f4ba470-7d30-461a-bfe9-4eb26fc3dadc",
        "category": "WHEELED_DEVICE",
        "length_m": 1.0787,
        "width_m": 0.4791,
        "height_m": 1.2571868896,
        "qw": 0.0332513038,
        "qx": 0.0,
        "qy": 0.0,
        "qz": 0.9994470225,
        "tx_m": 27.8708876423,
        "ty_m": 16.397447283,
        "tz_m": -0.1015770507,
        "num_interior_pts": 6
    },
    {
        "timestamp_ns": 315973811759748000,
        "track_uuid": "ffb81b1c-d6c6-4370-88f8-1f641207c567",
        "category": "REGULAR_VEHICLE",
        "length_m": 5.3933238983,
        "width_m": 2.1237094402,
        "height_m": 1.7885150909,
        "qw": 0.7427665985,
        "qx": 0.0,
        "qy": 0.0,
        "qz": 0.6695504314,
        "tx_m": 11.7153437005,
        "ty_m": -74.6389579228,
        "tz_m": 1.3670297672,
        "num_interior_pts": 47
    },
    {
        "timestamp_ns": 315973811859944000,
        "track_uuid": "dda38bdb-4e0f-497d-b4c2-07d526682136",
        "category": "REGULAR_VEHICLE",
        "length_m": 5.5186891556,
        "width_m": 2.2605912685,
        "height_m": 2.1081542969,
        "qw": 0.7264165505,
        "qx": 0.0,
        "qy": 0.0,
        "qz": 0.68725468,
        "tx_m": 28.9419572382,
        "ty_m": 109.1277325991,
        "tz_m": -0.6237722028,
        "num_interior_pts": 31
    },
    {
        "timestamp_ns": 315973811960141000,
        "track_uuid": "bfe21dbe-4566-40b8-8c61-bdca898aa5e7",
        "category": "REGULAR_VEHICLE",
        "length_m": 4.03,
        "width_m": 1.74,
        "height_m": 1.5492706299,
        "qw": 0.9993638868,
        "qx": 0.0,
        "qy": 0.0,
        "qz": -0.0356626105,
        "tx_m": 59.8960792959,
        "ty_m": -7.6108777611,
        "tz_m": -0.78383629,
        "num_interior_pts": 6
    },
    {
        "timestamp_ns": 315973812059664000,
        "track_uuid": "90bb99b5-d088-477b-9da1-1dfe25cd049b",
        "category": "REGULAR_VEHICLE",
        "length_m": 5.4441280365,
        "width_m": 2.7010955811,
        "height_m": 1.9554290771,
        "qw": 0.9906150219,
        "qx": 0.0,
        "qy": 0.0,
        "qz": 0.136681668,
        "tx_m": 16.6304393531,
        "ty_m": 116.4651381325,
        "tz_m": -0.5414650645,
        "num_interior_pts": 23
    },
    {
        "timestamp_ns": 315973812159860000,
        "track_uuid": "5ca7feaf-08ec-4a99-9495-e0fc54f61d6c",
        "category": "REGULAR_VEHICLE",
        "length_m": 4.03,
        "width_m": 1.74,
        "height_m": 1.4342002869,
        "qw": 0.7344875915,
        "qx": 0.0,
        "qy": 0.0,
        "qz": 0.6786221172,
        "tx_m": 19.7401820329,
        "ty_m": -17.469452789,
        "tz_m": 0.3814717163,
        "num_interior_pts": 372
    },
    {
        "timestamp_ns": 315973812260057000,
        "track_uuid": "394eb57d-df8c-4a5c-8bc1-f0c7f1754070",
        "category": "REGULAR_VEHICLE",
        "length_m": 5.4726996422,
        "width_m": 2.7476878166,
        "height_m": 1.9521579742,
        "qw": 0.759550387,
        "qx": 0.0,
        "qy": 0.0,
        "qz": 0.650448468,
        "tx_m": 12.192282672,
        "ty_m": -57.0528985374,
        "tz_m": 1.248423336,
        "num_interior_pts": 87
    },
    {
        "timestamp_ns": 315973812360253000,
        "track_uuid": "136ee3ad-5fb2-4dff-a517-7eca38ca60ba",
        "category": "REGULAR_VEHICLE",
        "length_m": 4.03,
        "width_m": 1.8132768869,
        "height_m": 1.5339736938,
        "qw": 0.9989694308,
        "qx": 0.0,
        "qy": 0.0,
        "qz": -0.0453880638,
        "tx_m": 42.2608960938,
        "ty_m": -6.4220896797,
        "tz_m": -0.408119279,
        "num_interior_pts": 67
    },
    {
        "timestamp_ns": 315973812459786000,
        "track_uuid": "c0bd3f1f-5f98-414d-8016-150fece34dc7",
        "category": "PEDESTRIAN",
        "length_m": 0.6,
        "width_m": 0.6295585632,
        "height_m": 1.5,
        "qw": 0.9957315378,
        "qx": 0.0,
        "qy": 0.0,
        "qz": -0.0922968287,
        "tx_m": 39.1074240955,
        "ty_m": 7.6573434791,
        "tz_m": -0.1570848958,
        "num_interior_pts": 12
    },
    {
        "timestamp_ns": 315973812559982000,
        "track_uuid": "1b907cbf-b941-413a-96da-95500b7d4a2e",
        "category": "MOTORCYCLE",
        "length_m": 1.5,
        "width_m": 0.8245446682,
        "height_m": 1.4537982941,
        "qw": 0.9999895038,
        "qx": 0.0,
        "qy": 0.0,
        "qz": -0.0045817291,
        "tx_m": -13.5247817735,
        "ty_m": 1.4217639132,
        "tz_m": 0.7926384066,
        "num_interior_pts": 106
    },
    {
        "timestamp_ns": 315973812660179000,
        "track_uuid": "0ed448eb-89d6-4c84-a3b8-6f8763841ace",
        "category": "BOX_TRUCK",
        "length_m": 10.6408109665,
        "width_m": 3.0650014877,
        "height_m": 3.6682853699,
        "qw": 0.7502166718,
        "qx": 0.0,
        "qy": 0.0,
        "qz": 0.6611920639,
        "tx_m": 14.3915321604,
        "ty_m": -68.4008299951,
        "tz_m": 2.1137911185,
        "num_interior_pts": 201
    },
    {
        "timestamp_ns": 315973812759712000,
        "track_uuid": "ff8452e7-ac17-4a57-aa3a-6897fda943e7",
        "category": "WHEELED_DEVICE",
        "length_m": 1.0787,
        "width_m": 0.4791,
        "height_m": 1.3166675568,
        "qw": 0.997958487,
        "qx": 0.0,
        "qy": 0.0,
        "qz": 0.0638659387,
        "tx_m": 1.2476964787,
        "ty_m": -14.8284567238,
        "tz_m": 0.7043692397,
        "num_interior_pts": 33
    },
    {
        "timestamp_ns": 315973812859908000,
        "track_uuid": "73630836-801a-4c6d-bb6e-7ff96f10fdda",
        "category": "WHEELED_DEVICE",
        "length_m": 1.0787,
        "width_m": 0.5625673532,
        "height_m": 1.2619743347,
        "qw": 0.0465015358,
        "qx": 0.0,
        "qy": 0.0,
        "qz": 0.9989182185,
        "tx_m": 27.3211569529,
        "ty_m": 14.8271298049,
        "tz_m": -0.1727104517,
        "num_interior_pts": 11
    },
    {
        "timestamp_ns": 315973812960105000,
        "track_uuid": "92742359-770b-4468-bffc-29acca1a939a",
        "category": "TRUCK_CAB",
        "length_m": 5.689573288,
        "width_m": 3.26,
        "height_m": 4.0067005157,
        "qw": 0.0358632417,
        "qx": 0.0,
        "qy": 0.0,
        "qz": 0.999356707,
        "tx_m": 37.6452537354,
        "ty_m": -0.9385489521,
        "tz_m": 0.8904072013,
        "num_interior_pts": 172
    },
    {
        "timestamp_ns": 315973813060291000,
        "track_uuid": "e7b9d7c0-054e-4334-ae50-9d9c37f45e33",
        "category": "REGULAR_VEHICLE",
        "length_m": 4.788248539,
        "width_m": 2.9343123436,
        "height_m": 1.512216568,
        "qw": 0.7464737085,
        "qx": 0.0,
        "qy": 0.0,
        "qz": 0.6654149101,
        "tx_m": 6.3657326752,
        "ty_m": -117.6983095623,
        "tz_m": 1.4978928302,
        "num_interior_pts": 7
    },
    {
        "timestamp_ns": 315973813159824000,
        "track_uuid": "c376c43e-3bae-44b3-80c9-c72c30187335",
        "category": "REGULAR_VEHICLE",
        "length_m": 4.3480682373,
        "width_m": 1.7411928177,
        "height_m": 1.49077034,
        "qw": 0.9996393716,
        "qx": 0.0,
        "qy": 0.0,
        "qz": -0.0268538023,
        "tx_m": -20.5336305239,
        "ty_m": 2.1953492831,
        "tz_m": 1.1122899733,
        "num_interior_pts": 88
    },
    {
        "timestamp_ns": 315973813260020000,
        "track_uuid": "8a75f62c-601d-4979-9e1e-24e63e0e478d",
        "category": "REGULAR_VEHICLE",
        "length_m": 4.4170742035,
        "width_m": 1.8216958046,
        "height_m": 1.7073822021,
        "qw": 0.742144527,
        "qx": 0.0,
        "qy": 0.0,
        "qz": 0.6702398832,
        "tx_m": 15.0287527518,
        "ty_m": -28.627394688,
        "tz_m": 0.708111056,
        "num_interior_pts": 308
    },
    {
        "timestamp_ns": 315973813360217000,
        "track_uuid": "394eb57d-df8c-4a5c-8bc1-f0c7f1754070",
        "category": "REGULAR_VEHICLE",
        "length_m": 5.4726996422,
        "width_m": 2.7476878166,
        "height_m": 1.9521579742,
        "qw": 0.7648934289,
        "qx": 0.0,
        "qy": 0.0,
        "qz": 0.6441568461,
        "tx_m": 11.7235191048,
        "ty_m": -53.6739002986,
        "tz_m": 1.1897669859,
        "num_interior_pts": 103
    },
    {
        "timestamp_ns": 315973813459750000,
        "track_uuid": "136ee3ad-5fb2-4dff-a517-7eca38ca60ba",
        "category": "REGULAR_VEHICLE",
        "length_m": 4.03,
        "width_m": 1.8132768869,
        "height_m": 1.5339736938,
        "qw": 0.9987592523,
        "qx": 0.0,
        "qy": 0.0,
        "qz": -0.0497991552,
        "tx_m": 41.928146221,
        "ty_m": -6.7968286034,
        "tz_m": -0.5421252963,
        "num_interior_pts": 81
    },
    {
        "timestamp_ns": 315973813559946000,
        "track_uuid": "16d45e32-8a3f-4c86-ae61-771981b5005f",
        "category": "MOTORCYCLIST",
        "length_m": 1.0,
        "width_m": 0.7956236601,
        "height_m": 1.5518474579,
        "qw": 0.9996077692,
        "qx": 0.0,
        "qy": 0.0,
        "qz": -0.0280054944,
        "tx_m": -11.4666130296,
        "ty_m": 0.8248751322,
        "tz_m": 0.8130408533,
        "num_interior_pts": 88
    },
    {
        "timestamp_ns": 315973813660143000,
        "track_uuid": "d1f5d501-f847-4c41-a2ef-e0ec62c9760e",
        "category": "BOLLARD",
        "length_m": 0.3564683199,
        "width_m": 0.1987095177,
        "height_m": 1.3526268005,
        "qw": -0.6653423363,
        "qx": 0.0,
        "qy": 0.0,
        "qz": 0.7465383952,
        "tx_m": -41.1003707387,
        "ty_m": 14.7031525721,
        "tz_m": 2.0140271311,
        "num_interior_pts": 13
    },
    {
        "timestamp_ns": 315973813759676000,
        "track_uuid": "b12cf077-62c2-4f2a-b1a3-e7247ff901c0",
        "category": "WHEELED_DEVICE",
        "length_m": 1.0787,
        "width_m": 0.5465093851,
        "height_m": 1.2602138519,
        "qw": 0.0508942063,
        "qx": 0.0,
        "qy": 0.0,
        "qz": 0.9987040501,
        "tx_m": 26.9380271469,
        "ty_m": 13.8883722847,
        "tz_m": -0.280021426,
        "num_interior_pts": 16
    },
    {
        "timestamp_ns": 315973813859872000,
        "track_uuid": "92742359-770b-4468-bffc-29acca1a939a",
        "category": "TRUCK_CAB",
        "length_m": 5.689573288,
        "width_m": 3.26,
        "height_m": 4.0067005157,
        "qw": 0.0419091794,
        "qx": 0.0,
        "qy": 0.0,
        "qz": 0.9991214244,
        "tx_m": 36.8029941454,
        "ty_m": -0.94910845,
        "tz_m": 0.6993433877,
        "num_interior_pts": 116
    },
    {
        "timestamp_ns": 315973813960069000,
        "track_uuid": "e0836604-35b9-4301-96b7-5dd8f740b495",
        "category": "REGULAR_VEHICLE",
        "length_m": 4.03,
        "width_m": 1.8019911051,
        "height_m": 1.4496841431,
        "qw": 0.9986605993,
        "qx": 0.0,
        "qy": 0.0,
        "qz": -0.0517398055,
        "tx_m": -48.1727703974,
        "ty_m": 2.5779791775,
        "tz_m": 2.2105312628,
        "num_interior_pts": 47
    },
    {
        "timestamp_ns": 315973814059591000,
        "track_uuid": "9975b21b-547b-478a-ad99-8b27afa3d6cb",
        "category": "REGULAR_VEHICLE",
        "length_m": 5.059753418,
        "width_m": 2.3108932972,
        "height_m": 2.0151062012,
        "qw": 0.0382035931,
        "qx": 0.0,
        "qy": 0.0,
        "qz": 0.9992699763,
        "tx_m": 39.9543588481,
        "ty_m": 1.5914307805,
        "tz_m": -0.6159991592,
        "num_interior_pts": 80
    },
    {
        "timestamp_ns": 315973814159788000,
        "track_uuid": "4b571c2a-06c0-4373-901d-3dbb7b090508",
        "category": "REGULAR_VEHICLE",
        "length_m": 4.5732388496,
        "width_m": 2.08481884,
        "height_m": 1.41,
        "qw": 0.7470538763,
        "qx": 0.0,
        "qy": 0.0,
        "qz": 0.6647634962,
        "tx_m": 7.8181770906,
        "ty_m": -72.5254410144,
        "tz_m": 1.0615711449,
        "num_interior_pts": 18
    },
    {
        "timestamp_ns": 315973814259984000,
        "track_uuid": "19b34a53-00d1-4061-b300-e0511ec9e7f4",
        "category": "REGULAR_VEHICLE",
        "length_m": 4.03,
        "width_m": 2.2856473923,
        "height_m": 1.9296531677,
        "qw": 0.0700492753,
        "qx": 0.0,
        "qy": 0.0,
        "qz": 0.9975435324,
        "tx_m": -121.1019633308,
        "ty_m": 18.3023428741,
        "tz_m": 5.373748834,
        "num_interior_pts": 1
    },
    {
        "timestamp_ns": 315973814360181000,
        "track_uuid": "1c51921e-80c6-4d33-a5b9-36c90d118421",
        "category": "PEDESTRIAN",
        "length_m": 0.7239214182,
        "width_m": 0.7305787802,
        "height_m": 1.9621582031,
        "qw": 0.7476965843,
        "qx": 0.0,
        "qy": 0.0,
        "qz": 0.6640405242,
        "tx_m": 31.6982379771,
        "ty_m": 34.4316035554,
        "tz_m": -0.4920339731,
        "num_interior_pts": 18
    },
    {
        "timestamp_ns": 315973814459714000,
        "track_uuid": "d1f5d501-f847-4c41-a2ef-e0ec62c9760e",
        "category": "BOLLARD",
        "length_m": 0.3564683199,
        "width_m": 0.1987095177,
        "height_m": 1.3526268005,
        "qw": -0.6560353373,
        "qx": 0.0,
        "qy": 0.0,
        "qz": 0.7547301744,
        "tx_m": -41.363889334,
        "ty_m": 15.7334477651,
        "tz_m": 2.401802665,
        "num_interior_pts": 15
    },
    {
        "timestamp_ns": 315973814559910000,
        "track_uuid": "b12cf077-62c2-4f2a-b1a3-e7247ff901c0",
        "category": "WHEELED_DEVICE",
        "length_m": 1.0787,
        "width_m": 0.5465093851,
        "height_m": 1.2602138519,
        "qw": 0.0632725964,
        "qx": 0.0,
        "qy": 0.0,
        "qz": 0.9979962818,
        "tx_m": 26.6156344642,
        "ty_m": 13.2436616009,
        "tz_m": -0.5008088825,
        "num_interior_pts": 14
    },
    {
        "timestamp_ns": 315973814660107000,
        "track_uuid": "68afca21-c518-4cef-b16a-d600ee55a4e5",
        "category": "TRUCK",
        "length_m": 9.5,
        "width_m": 2.5,
        "height_m": 3.0,
        "qw": 0.0670216411,
        "qx": 0.0,
        "qy": 0.0,
        "qz": 0.997751522,
        "tx_m": 91.1068099919,
        "ty_m": -14.3732665933,
        "tz_m": -2.1628908803,
        "num_interior_pts": 8
    },
    {
        "timestamp_ns": 315973814759640000,
        "track_uuid": "c4e96b30-2509-41a2-ad81-34e6a3e2fdb5",
        "category": "REGULAR_VEHICLE",
        "length_m": 4.7727694511,
        "width_m": 1.74,
        "height_m": 1.621837616,
        "qw": 0.995292061,
        "qx": 0.0,
        "qy": 0.0,
        "qz": 0.096921171,
        "tx_m": 21.3838165932,
        "ty_m": 159.9545836895,
        "tz_m": -0.9251294452,
        "num_interior_pts": 0
    },
    {
        "timestamp_ns": 315973814859836000,
        "track_uuid": "8a75f62c-601d-4979-9e1e-24e63e0e478d",
        "category": "REGULAR_VEHICLE",
        "length_m": 4.4170742035,
        "width_m": 1.8216958046,
        "height_m": 1.7073822021,
        "qw": 0.7591343075,
        "qx": 0.0,
        "qy": 0.0,
        "qz": 0.6509340237,
        "tx_m": 12.1854934708,
        "ty_m": -29.4316331244,
        "tz_m": 0.4819119333,
        "num_interior_pts": 294
    },
    {
        "timestamp_ns": 315973814960032000,
        "track_uuid": "330c154b-fb54-4211-baa3-9d415a4afa17",
        "category": "REGULAR_VEHICLE",
        "length_m": 4.9765601158,
        "width_m": 2.409058094,
        "height_m": 2.0138664246,
        "qw": 0.998364718,
        "qx": 0.0,
        "qy": 0.0,
        "qz": -0.0571654602,
        "tx_m": -56.4382740266,
        "ty_m": 6.1116566526,
        "tz_m": 2.8797634911,
        "num_interior_pts": 6
    },
    {
        "timestamp_ns": 315973815060220000,
        "track_uuid": "ed09e9b8-0562-4c9d-88df-707945577cb7",
        "category": "PEDESTRIAN",
        "length_m": 0.7526866198,
        "width_m": 0.8333426714,
        "height_m": 1.735118866,
        "qw": 0.6449516025,
        "qx": 0.0,
        "qy": 0.0,
        "qz": 0.7642234166,
        "tx_m": 24.0950543404,
        "ty_m": -14.1900232353,
        "tz_m": 0.0055436557,
        "num_interior_pts": 53
    },
    {
        "timestamp_ns": 315973815159753000,
        "track_uuid": "d1f5d501-f847-4c41-a2ef-e0ec62c9760e",
        "category": "BOLLARD",
        "length_m": 0.3564683199,
        "width_m": 0.1987095177,
        "height_m": 1.3526268005,
        "qw": -0.6355481129,
        "qx": 0.0,
        "qy": 0.0,
        "qz": 0.7720612646,
        "tx_m": -41.786766199,
        "ty_m": 17.9647892228,
        "tz_m": 2.3355429301,
        "num_interior_pts": 13
    },
    {
        "timestamp_ns": 315973815259949000,
        "track_uuid": "3f62bc01-6412-4bae-afa2-b1890f8f2c56",
        "category": "WHEELED_DEVICE",
        "length_m": 1.0787,
        "width_m": 0.4791,
        "height_m": 1.2889919281,
        "qw": -0.005644911,
        "qx": 0.0,
        "qy": 0.0,
        "qz": 0.9999840674,
        "tx_m": -5.3801503301,
        "ty_m": 9.3021671165,
        "tz_m": 0.5097703723,
        "num_interior_pts": 22
    },
    {
        "timestamp_ns": 315973815360146000,
        "track_uuid": "e7909350-0652-4270-8b33-6131cb98c235",
        "category": "REGULAR_VEHICLE",
        "length_m": 6.7816305161,
        "width_m": 2.016466856,
        "height_m": 1.41,
        "qw": 0.0831225627,
        "qx": 0.0,
        "qy": 0.0,
        "qz": 0.9965393317,
        "tx_m": -109.4685662147,
        "ty_m": 25.517578266,
        "tz_m": 4.4063100425,
        "num_interior_pts": 9
    },
    {
        "timestamp_ns": 315973815459679000,
        "track_uuid": "95461dc0-d0af-45c0-98f4-af8adaf69b48",
        "category": "REGULAR_VEHICLE",
        "length_m": 4.03,
        "width_m": 1.74,
        "height_m": 1.41,
        "qw": 0.9879001263,
        "qx": 0.0,
        "qy": 0.0,
        "qz": -0.1550913936,
        "tx_m": -91.6712826009,
        "ty_m": 16.350964113,
        "tz_m": 3.5753255124,
        "num_interior_pts": 0
    },
    {
        "timestamp_ns": 315973815559875000,
        "track_uuid": "3f3bc688-e09b-40d7-9f9e-f2e274b77342",
        "category": "REGULAR_VEHICLE",
        "length_m": 4.3409566879,
        "width_m": 2.0473852158,
        "height_m": 2.0822639465,
        "qw": 0.0987921389,
        "qx": 0.0,
        "qy": 0.0,
        "qz": 0.9951080913,
        "tx_m": -72.6331622764,
        "ty_m": 21.5849349491,
        "tz_m": 3.1818081079,
        "num_interior_pts": 17
    },
    {
        "timestamp_ns": 315973815660072000,
        "track_uuid": "fa5d468a-96a3-46f2-8159-34d1c047efb6",
        "category": "PEDESTRIAN",
        "length_m": 0.6,
        "width_m": 0.6756671667,
        "height_m": 1.7246284485,
        "qw": 0.1101498263,
        "qx": 0.0,
        "qy": 0.0,
        "qz": 0.9939149942,
        "tx_m": 37.5873511303,
        "ty_m": 1.2641948996,
        "tz_m": -0.3948707187,
        "num_interior_pts": 19
    },
    {
        "timestamp_ns": 315973815759604000,
        "track_uuid": "d1f5d501-f847-4c41-a2ef-e0ec62c9760e",
        "category": "BOLLARD",
        "length_m": 0.3564683199,
        "width_m": 0.1987095177,
        "height_m": 1.3526268005,
        "qw": -0.6040864384,
        "qx": 0.0,
        "qy": 0.0,
        "qz": 0.7969188007,
        "tx_m": -41.8850322392,
        "ty_m": 21.3352743246,
        "tz_m": 2.118509341,
        "num_interior_pts": 12
    },
    {
        "timestamp_ns": 315973815859801000,
        "track_uuid": "3f62bc01-6412-4bae-afa2-b1890f8f2c56",
        "category": "WHEELED_DEVICE",
        "length_m": 1.0787,
        "width_m": 0.4791,
        "height_m": 1.2889919281,
        "qw": 0.0344474884,
        "qx": 0.0,
        "qy": 0.0,
        "qz": 0.9994065092,
        "tx_m": -6.2736628978,
        "ty_m": 9.7790466465,
        "tz_m": 0.4596498336,
        "num_interior_pts": 15
    },
    {
        "timestamp_ns": 315973815959997000,
        "track_uuid": "e0836604-35b9-4301-96b7-5dd8f740b495",
        "category": "REGULAR_VEHICLE",
        "length_m": 4.03,
        "width_m": 1.8019911051,
        "height_m": 1.4496841431,
        "qw": 0.9902146034,
        "qx": 0.0,
        "qy": 0.0,
        "qz": -0.1395529981,
        "tx_m": -50.974520014,
        "ty_m": 11.4518311634,
        "tz_m": 2.0851190503,
        "num_interior_pts": 25
    },
    {
        "timestamp_ns": 315973816060184000,
        "track_uuid": "8c378c70-9d65-47ec-b12b-77e6e8758b4e",
        "category": "REGULAR_VEHICLE",
        "length_m": 4.03,
        "width_m": 1.74,
        "height_m": 1.41,
        "qw": 0.8017901961,
        "qx": 0.0,
        "qy": 0.0,
        "qz": 0.5976056236,
        "tx_m": -45.2187493731,
        "ty_m": -175.1408123019,
        "tz_m": 2.352769413,
        "num_interior_pts": 1
    },
    {
        "timestamp_ns": 315973816159717000,
        "track_uuid": "394eb57d-df8c-4a5c-8bc1-f0c7f1754070",
        "category": "REGULAR_VEHICLE",
        "length_m": 5.4726996422,
        "width_m": 2.7476878166,
        "height_m": 1.9521579742,
        "qw": 0.8230710264,
        "qx": 0.0,
        "qy": 0.0,
        "qz": 0.5679384521,
        "tx_m": -4.6497884419,
        "ty_m": -50.1060153986,
        "tz_m": 1.0103720226,
        "num_interior_pts": 115
    },
    {
        "timestamp_ns": 315973816259913000,
        "track_uuid": "9287b6b7-9c80-48de-a32c-530721ac6162",
        "category": "PEDESTRIAN",
        "length_m": 0.8391614556,
        "width_m": 0.6,
        "height_m": 1.7835922241,
        "qw": 0.8243649043,
        "qx": 0.0,
        "qy": 0.0,
        "qz": 0.5660587465,
        "tx_m": 101.90482029,
        "ty_m": -41.1688047532,
        "tz_m": -2.9056509571,
        "num_interior_pts": 2
    },
    {
        "timestamp_ns": 315973816360110000,
        "track_uuid": "7c5a597c-fb89-475b-98a7-1fe5ecdf132c",
        "category": "BICYCLE",
        "length_m": 1.5,
        "width_m": 0.7770944834,
        "height_m": 1.2486362457,
        "qw": 0.8645122245,
        "qx": 0.0,
        "qy": 0.0,
        "qz": 0.5026117922,
        "tx_m": 47.2430731903,
        "ty_m": 74.5798849071,
        "tz_m": -0.6763935218,
        "num_interior_pts": 0
    },
    {
        "timestamp_ns": 315973816460306000,
        "track_uuid": "68afca21-c518-4cef-b16a-d600ee55a4e5",
        "category": "TRUCK",
        "length_m": 9.5,
        "width_m": 2.5,
        "height_m": 3.0,
        "qw": 0.1938163424,
        "qx": 0.0,
        "qy": 0.0,
        "qz": 0.9810378308,
        "tx_m": 79.4739569423,
        "ty_m": -36.2391415463,
        "tz_m": -1.6543222565,
        "num_interior_pts": 5
    },
    {
        "timestamp_ns": 315973816560503000,
        "track_uuid": "bca9a574-5173-4edd-93f3-35ee093e0079",
        "category": "REGULAR_VEHICLE",
        "length_m": 4.0789251328,
        "width_m": 2.4474730492,
        "height_m": 1.5443401337,
        "qw": -0.5536961174,
        "qx": 0.0,
        "qy": 0.0,
        "qz": 0.8327188058,
        "tx_m": 67.1215388579,
        "ty_m": 142.2818154412,
        "tz_m": -1.0334918047,
        "num_interior_pts": 1
    },
    {
        "timestamp_ns": 315973816660699000,
        "track_uuid": "4b571c2a-06c0-4373-901d-3dbb7b090508",
        "category": "REGULAR_VEHICLE",
        "length_m": 4.5732388496,
        "width_m": 2.08481884,
        "height_m": 1.41,
        "qw": 0.848494433,
        "qx": 0.0,
        "qy": 0.0,
        "qz": 0.5292043058,
        "tx_m": -21.4315845377,
        "ty_m": -65.3236644953,
        "tz_m": 1.2490278491,
        "num_interior_pts": 16
    },
    {
        "timestamp_ns": 315973816760895000,
        "track_uuid": "c0bd3f1f-5f98-414d-8016-150fece34dc7",
        "category": "PEDESTRIAN",
        "length_m": 0.6,
        "width_m": 0.6295585632,
        "height_m": 1.5,
        "qw": 0.9587410921,
        "qx": 0.0,
        "qy": 0.0,
        "qz": -0.2842807034,
        "tx_m": 31.5747685495,
        "ty_m": -6.1756845127,
        "tz_m": -0.3016469327,
        "num_interior_pts": 23
    },
    {
        "timestamp_ns": 315973816860428000,
        "track_uuid": "e8e27e2d-a013-462f-9f07-4ae46f6b537f",
        "category": "WHEELED_DEVICE",
        "length_m": 1.0787,
        "width_m": 0.4791,
        "height_m": 1.3314762115,
        "qw": 0.1493376128,
        "qx": 0.0,
        "qy": 0.0,
        "qz": 0.9887862648,
        "tx_m": -7.7276946403,
        "ty_m": 11.0153847192,
        "tz_m": 0.4236154933,
        "num_interior_pts": 9
    },
    {
        "timestamp_ns": 315973816960625000,
        "track_uuid": "f30b0110-1a93-4397-b491-01d692c55507",
        "category": "REGULAR_VEHICLE",
        "length_m": 4.03,
        "width_m": 1.74,
        "height_m": 1.9085254669,
        "qw": 0.2526520358,
        "qx": 0.0,
        "qy": 0.0,
        "qz": 0.967557207,
        "tx_m": 68.5517281979,
        "ty_m": -33.952661029,
        "tz_m": -1.6704227962,
        "num_interior_pts": 3
    },
    {
        "timestamp_ns": 315973817060148000,
        "track_uuid": "90bb99b5-d088-477b-9da1-1dfe25cd049b",
        "category": "REGULAR_VEHICLE",
        "length_m": 5.4441280365,
        "width_m": 2.7010955811,
        "height_m": 1.9554290771,
        "qw": 0.8841579382,
        "qx": 0.0,
        "qy": 0.0,
        "qz": 0.4671881209,
        "tx_m": 82.1520506595,
        "ty_m": 116.9887198918,
        "tz_m": -0.8599907075,
        "num_interior_pts": 0
    },
    {
        "timestamp_ns": 315973817160344000,
        "track_uuid": "330c154b-fb54-4211-baa3-9d415a4afa17",
        "category": "REGULAR_VEHICLE",
        "length_m": 4.9765601158,
        "width_m": 2.409058094,
        "height_m": 2.0138664246,
        "qw": 0.9638115843,
        "qx": 0.0,
        "qy": 0.0,
        "qz": -0.2665843768,
        "tx_m": -56.4233704224,
        "ty_m": 30.5934921804,
        "tz_m": 2.4036089088,
        "num_interior_pts": 18
    },
    {
        "timestamp_ns": 315973817259877000,
        "track_uuid": "1b907cbf-b941-413a-96da-95500b7d4a2e",
        "category": "MOTORCYCLE",
        "length_m": 1.5,
        "width_m": 0.8245446682,
        "height_m": 1.4537982941,
        "qw": 0.9335934116,
        "qx": 0.0,
        "qy": 0.0,
        "qz": -0.3583341204,
        "tx_m": -10.9227773175,
        "ty_m": 1.9969576004,
        "tz_m": 0.4734077509,
        "num_interior_pts": 150
    },
    {
        "timestamp_ns": 315973817359410000,
        "track_uuid": "73630836-801a-4c6d-bb6e-7ff96f10fdda",
        "category": "WHEELED_DEVICE",
        "length_m": 1.0787,
        "width_m": 0.5625673532,
        "height_m": 1.2619743347,
        "qw": 0.3037166139,
        "qx": 0.0,
        "qy": 0.0,
        "qz": 0.9527624145,
        "tx_m": 21.4778837816,
        "ty_m": 1.9582520353,
        "tz_m": -0.079899245,
        "num_interior_pts": 14
    },
    {
        "timestamp_ns": 315973817458943000,
        "track_uuid": "db772523-9322-4cb7-b721-87fb449d87b7",
        "category": "REGULAR_VEHICLE",
        "length_m": 5.6212639809,
        "width_m": 2.6511166096,
        "height_m": 1.855386734,
        "qw": 0.8980613859,
        "qx": 0.0,
        "qy": 0.0,
        "qz": 0.439870148,
        "tx_m": -43.764692719,
        "ty_m": -69.1952124194,
        "tz_m": 0.8447112564,
        "num_interior_pts": 12
    },
    {
        "timestamp_ns": 315973817559139000,
        "track_uuid": "6d7a5a48-5b73-4326-9533-77d72847857e",
        "category": "REGULAR_VEHICLE",
        "length_m": 5.2874135971,
        "width_m": 2.39844203,
        "height_m": 1.4533004761,
        "qw": -0.4543244015,
        "qx": 0.0,
        "qy": 0.0,
        "qz": 0.8908363139,
        "tx_m": 65.3679510847,
        "ty_m": 85.5669684677,
        "tz_m": 0.2232695083,
        "num_interior_pts": 0
    },
    {
        "timestamp_ns": 315973817658672000,
        "track_uuid": "17916ab7-8d83-4677-9577-ca4cab6a00b6",
        "category": "REGULAR_VEHICLE",
        "length_m": 4.03,
        "width_m": 1.74,
        "height_m": 1.41,
        "qw": 0.930115483,
        "qx": 0.0,
        "qy": 0.0,
        "qz": 0.3672671893,
        "tx_m": -53.1938568932,
        "ty_m": -81.6142619868,
        "tz_m": 0.4561806543,
        "num_interior_pts": 0
    },
    {
        "timestamp_ns": 315973817758869000,
        "track_uuid": "ff8452e7-ac17-4a57-aa3a-6897fda943e7",
        "category": "WHEELED_DEVICE",
        "length_m": 1.0787,
        "width_m": 0.4791,
        "height_m": 1.3166675568,
        "qw": 0.9739697349,
        "qx": 0.0,
        "qy": 0.0,
        "qz": -0.2266780877,
        "tx_m": -18.4808260376,
        "ty_m": -9.5928492394,
        "tz_m": 0.6189773235,
        "num_interior_pts": 21
    },
    {
        "timestamp_ns": 315973817859065000,
        "track_uuid": "fc57afba-0737-4e17-b4d9-996abb4ea4a6",
        "category": "REGULAR_VEHICLE",
        "length_m": 7.0201,
        "width_m": 3.0,
        "height_m": 1.6805152893,
        "qw": 0.9097656175,
        "qx": 0.0,
        "qy": 0.0,
        "qz": 0.4151222967,
        "tx_m": -90.7974639177,
        "ty_m": -116.0051357503,
        "tz_m": 1.154792533,
        "num_interior_pts": 3
    },
    {
        "timestamp_ns": 315973817959262000,
        "track_uuid": "90bb99b5-d088-477b-9da1-1dfe25cd049b",
        "category": "REGULAR_VEHICLE",
        "length_m": 5.4441280365,
        "width_m": 2.7010955811,
        "height_m": 1.9554290771,
        "qw": 0.9209717158,
        "qx": 0.0,
        "qy": 0.0,
        "qz": 0.3896294378,
        "tx_m": 101.9730013557,
        "ty_m": 106.7730740574,
        "tz_m": -0.8528826224,
        "num_interior_pts": 6
    },
    {
        "timestamp_ns": 315973818059448000,
        "track_uuid": "330c154b-fb54-4211-baa3-9d415a4afa17",
        "category": "REGULAR_VEHICLE",
        "length_m": 4.9765601158,
        "width_m": 2.409058094,
        "height_m": 2.0138664246,
        "qw": 0.9395966953,
        "qx": 0.0,
        "qy": 0.0,
        "qz": -0.3422835815,
        "tx_m": -55.2711078567,
        "ty_m": 39.4503777578,
        "tz_m": 1.3219324042,
        "num_interior_pts": 33
    },
    {
        "timestamp_ns": 315973818160308000,
        "track_uuid": "8a91dab1-c775-4cdb-97b7-b4f4e53cb795",
        "category": "MOTORCYCLE",
        "length_m": 2.3174371719,
        "width_m": 0.7899131775,
        "height_m": 1.2743358612,
        "qw": -0.4122932548,
        "qx": 0.0,
        "qy": 0.0,
        "qz": 0.9110511907,
        "tx_m": 20.6641124893,
        "ty_m": 0.6801150104,
        "tz_m": 0.2040597549,
        "num_interior_pts": 166
    },
    {
        "timestamp_ns": 315973818260505000,
        "track_uuid": "71c38659-26db-4616-915a-e2e1ff14491b",
        "category": "WHEELED_DEVICE",
        "length_m": 1.4321986437,
        "width_m": 0.5805167556,
        "height_m": 1.2156,
        "qw": 0.3079012577,
        "qx": 0.0,
        "qy": 0.0,
        "qz": 0.9514183178,
        "tx_m": 75.7331678955,
        "ty_m": 62.745642033,
        "tz_m": -1.049660508,
        "num_interior_pts": 1
    },
    {
        "timestamp_ns": 315973818360701000,
        "track_uuid": "e0836604-35b9-4301-96b7-5dd8f740b495",
        "category": "REGULAR_VEHICLE",
        "length_m": 4.03,
        "width_m": 1.8019911051,
        "height_m": 1.4496841431,
        "qw": 0.921665367,
        "qx": 0.0,
        "qy": 0.0,
        "qz": -0.3879857617,
        "tx_m": -49.3667581503,
        "ty_m": 37.8387566671,
        "tz_m": -0.2715566797,
        "num_interior_pts": 25
    },
    {
        "timestamp_ns": 315973818460897000,
        "track_uuid": "8a75f62c-601d-4979-9e1e-24e63e0e478d",
        "category": "REGULAR_VEHICLE",
        "length_m": 4.4170742035,
        "width_m": 1.8216958046,
        "height_m": 1.7073822021,
        "qw": 0.9381443651,
        "qx": 0.0,
        "qy": 0.0,
        "qz": 0.3462443505,
        "tx_m": -22.5214903458,
        "ty_m": -25.8372503786,
        "tz_m": 0.9250036733,
        "num_interior_pts": 0
    },
    {
        "timestamp_ns": 315973818561094000,
        "track_uuid": "260b1481-9068-415d-be80-8cc0ee5b15fb",
        "category": "REGULAR_VEHICLE",
        "length_m": 4.03,
        "width_m": 1.7787351608,
        "height_m": 1.4696102142,
        "qw": 0.493455949,
        "qx": 0.0,
        "qy": 0.0,
        "qz": 0.8697707896,
        "tx_m": 33.8640087221,
        "ty_m": -46.4765154446,
        "tz_m": 1.4190863337,
        "num_interior_pts": 0
    },
    {
        "timestamp_ns": 315973818661290000,
        "track_uuid": "8a91dab1-c775-4cdb-97b7-b4f4e53cb795",
        "category": "MOTORCYCLE",
        "length_m": 2.3174371719,
        "width_m": 0.7899131775,
        "height_m": 1.2743358612,
        "qw": -0.3419245744,
        "qx": 0.0,
        "qy": 0.0,
        "qz": 0.9397273995,
        "tx_m": 17.9585572403,
        "ty_m": -2.1978561935,
        "tz_m": 0.565682242,
        "num_interior_pts": 277
    },
    {
        "timestamp_ns": 315973818761487000,
        "track_uuid": "b12cf077-62c2-4f2a-b1a3-e7247ff901c0",
        "category": "WHEELED_DEVICE",
        "length_m": 1.0787,
        "width_m": 0.5465093851,
        "height_m": 1.2602138519,
        "qw": 0.4439981689,
        "qx": 0.0,
        "qy": 0.0,
        "qz": 0.8960276927,
        "tx_m": 13.4317363647,
        "ty_m": -3.5153271964,
        "tz_m": 0.4958502667,
        "num_interior_pts": 39
    },
    {
        "timestamp_ns": 315973818861020000,
        "track_uuid": "997f9b7f-84a4-4195-beb8-493fd2ffe51e",
        "category": "VEHICULAR_TRAILER",
        "length_m": 10.5703125,
        "width_m": 3.2634,
        "height_m": 4.2687664032,
        "qw": 0.4702116259,
        "qx": 0.0,
        "qy": 0.0,
        "qz": 0.8825536963,
        "tx_m": 7.8203619354,
        "ty_m": -21.9473428567,
        "tz_m": 2.4544652112,
        "num_interior_pts": 1718
    },
    {
        "timestamp_ns": 315973818961216000,
        "track_uuid": "dda38bdb-4e0f-497d-b4c2-07d526682136",
        "category": "REGULAR_VEHICLE",
        "length_m": 5.5186891556,
        "width_m": 2.2605912685,
        "height_m": 2.1081542969,
        "qw": 0.9557733343,
        "qx": 0.0,
        "qy": 0.0,
        "qz": 0.2941042902,
        "tx_m": 150.0405423696,
        "ty_m": 88.4040759825,
        "tz_m": -1.5994280035,
        "num_interior_pts": 0
    },
    {
        "timestamp_ns": 315973819060739000,
        "track_uuid": "bfe21dbe-4566-40b8-8c61-bdca898aa5e7",
        "category": "REGULAR_VEHICLE",
        "length_m": 4.03,
        "width_m": 1.74,
        "height_m": 1.5492706299,
        "qw": 0.8545064276,
        "qx": 0.0,
        "qy": 0.0,
        "qz": -0.5194408198,
        "tx_m": 10.78017888,
        "ty_m": -44.5522009734,
        "tz_m": 1.9392791855,
        "num_interior_pts": 0
    },
    {
        "timestamp_ns": 315973819160272000,
        "track_uuid": "8b140ce1-2579-4009-a831-a01671e94ce9",
        "category": "REGULAR_VEHICLE",
        "length_m": 4.8995494843,
        "width_m": 1.9968572855,
        "height_m": 1.5333080292,
        "qw": -0.2391484805,
        "qx": 0.0,
        "qy": 0.0,
        "qz": 0.9709830093,
        "tx_m": 26.0253370487,
        "ty_m": 18.6020656398,
        "tz_m": -0.1112371853,
        "num_interior_pts": 141
    },
    {
        "timestamp_ns": 315973819260468000,
        "track_uuid": "5ca7feaf-08ec-4a99-9495-e0fc54f61d6c",
        "category": "REGULAR_VEHICLE",
        "length_m": 4.03,
        "width_m": 1.74,
        "height_m": 1.4342002869,
        "qw": 0.9792715829,
        "qx": 0.0,
        "qy": 0.0,
        "qz": 0.2025516401,
        "tx_m": -22.4156687162,
        "ty_m": -14.7108703833,
        "tz_m": 0.7271706001,
        "num_interior_pts": 21
    },
    {
        "timestamp_ns": 315973819360001000,
        "track_uuid": "3fb5350a-eb98-492b-abd3-5b18cfcb0158",
        "category": "REGULAR_VEHICLE",
        "length_m": 4.03,
        "width_m": 2.2297410965,
        "height_m": 1.41,
        "qw": 0.98135183,
        "qx": 0.0,
        "qy": 0.0,
        "qz": 0.1922201489,
        "tx_m": -95.188818898,
        "ty_m": -33.5783319573,
        "tz_m": 1.0397063753,
        "num_interior_pts": 0
    },
    {
        "timestamp_ns": 315973819460198000,
        "track_uuid": "260b1481-9068-415d-be80-8cc0ee5b15fb",
        "category": "REGULAR_VEHICLE",
        "length_m": 4.03,
        "width_m": 1.7787351608,
        "height_m": 1.4696102142,
        "qw": 0.5978923151,
        "qx": 0.0,
        "qy": 0.0,
        "qz": 0.801576434,
        "tx_m": 8.4164806329,
        "ty_m": -55.0129968814,
        "tz_m": 2.0411644839,
        "num_interior_pts": 0
    },
    {
        "timestamp_ns": 315973819563366000,
        "track_uuid": "0b8dd906-9cf7-4ad8-9cd6-50cd3a74a7a3",
        "category": "REGULAR_VEHICLE",
        "length_m": 5.3837423325,
        "width_m": 1.835341692,
        "height_m": 1.4570503235,
        "qw": 0.9917315844,
        "qx": 0.0,
        "qy": 0.0,
        "qz": 0.1283295154,
        "tx_m": -35.7915845548,
        "ty_m": -13.6011970507,
        "tz_m": 0.6526028817,
        "num_interior_pts": 25
    },
    {
        "timestamp_ns": 315973819659927000,
        "track_uuid": "1c51921e-80c6-4d33-a5b9-36c90d118421",
        "category": "PEDESTRIAN",
        "length_m": 0.7239214182,
        "width_m": 0.7305787802,
        "height_m": 1.9621582031,
        "qw": 0.9922491543,
        "qx": 0.0,
        "qy": 0.0,
        "qz": 0.1242642981,
        "tx_m": 32.3401851433,
        "ty_m": -4.1085174633,
        "tz_m": 0.9881590765,
        "num_interior_pts": 71
    },
    {
        "timestamp_ns": 315973819759460000,
        "track_uuid": "87e39271-b377-44af-b1e3-1c1cfa1d5817",
        "category": "LARGE_VEHICLE",
        "length_m": 4.03,
        "width_m": 2.0721387863,
        "height_m": 4.277551651,
        "qw": 0.9969791405,
        "qx": 0.0,
        "qy": 0.0,
        "qz": 0.0776697712,
        "tx_m": 171.0243026189,
        "ty_m": 34.3919828503,
        "tz_m": 1.218407378,
        "num_interior_pts": 14
    },
    {
        "timestamp_ns": 315973819859657000,
        "track_uuid": "0ed448eb-89d6-4c84-a3b8-6f8763841ace",
        "category": "BOX_TRUCK",
        "length_m": 10.6408109665,
        "width_m": 3.0650014877,
        "height_m": 3.6682853699,
        "qw": 0.9987790384,
        "qx": 0.0,
        "qy": 0.0,
        "qz": 0.0494007333,
        "tx_m": -49.8210786296,
        "ty_m": -10.2554726494,
        "tz_m": 1.6665656171,
        "num_interior_pts": 125
    },
    {
        "timestamp_ns": 315973819959853000,
        "track_uuid": "7c5a597c-fb89-475b-98a7-1fe5ecdf132c",
        "category": "BICYCLE",
        "length_m": 1.5,
        "width_m": 0.7770944834,
        "height_m": 1.2486362457,
        "qw": 0.9341529494,
        "qx": 0.0,
        "qy": 0.0,
        "qz": -0.3568729004,
        "tx_m": 94.2442160958,
        "ty_m": 5.7083014608,
        "tz_m": 0.3230489156,
        "num_interior_pts": 4
    },
    {
        "timestamp_ns": 315973820059376000,
        "track_uuid": "f0ac07ae-1a3b-4dc9-885f-397f3771e9f8",
        "category": "WHEELED_DEVICE",
        "length_m": 1.0787,
        "width_m": 0.500729084,
        "height_m": 1.2210731506,
        "qw": 0.7451782443,
        "qx": 0.0,
        "qy": 0.0,
        "qz": -0.6668653419,
        "tx_m": -50.8970254066,
        "ty_m": 7.9398639328,
        "tz_m": -0.0327440896,
        "num_interior_pts": 3
    },
    {
        "timestamp_ns": 315973820159572000,
        "track_uuid": "e8b275a7-9fd4-48c0-aad5-11631809c85a",
        "category": "WHEELED_DEVICE",
        "length_m": 1.0787,
        "width_m": 0.4791,
        "height_m": 1.237663269,
        "qw": 0.9977188575,
        "qx": 0.0,
        "qy": 0.0,
        "qz": -0.0675061584,
        "tx_m": -3.1851007738,
        "ty_m": 15.1899485535,
        "tz_m": -0.0829156255,
        "num_interior_pts": 4
    },
    {
        "timestamp_ns": 315973820259769000,
        "track_uuid": "e8b275a7-9fd4-48c0-aad5-11631809c85a",
        "category": "WHEELED_DEVICE",
        "length_m": 1.0787,
        "width_m": 0.4791,
        "height_m": 1.237663269,
        "qw": 0.9969758774,
        "qx": 0.0,
        "qy": 0.0,
        "qz": -0.0777116458,
        "tx_m": -3.4866567848,
        "ty_m": 15.2555470147,
        "tz_m": -0.0797324796,
        "num_interior_pts": 6
    },
    {
        "timestamp_ns": 315973820359965000,
        "track_uuid": "e8e27e2d-a013-462f-9f07-4ae46f6b537f",
        "category": "WHEELED_DEVICE",
        "length_m": 1.0787,
        "width_m": 0.4791,
        "height_m": 1.3314762115,
        "qw": 0.6242953959,
        "qx": 0.0,
        "qy": 0.0,
        "qz": 0.7811883631,
        "tx_m": -9.5017280614,
        "ty_m": 21.6970005866,
        "tz_m": -0.3422894967,
        "num_interior_pts": 11
    },
    {
        "timestamp_ns": 315973820460162000,
        "track_uuid": "7c5a597c-fb89-475b-98a7-1fe5ecdf132c",
        "category": "BICYCLE",
        "length_m": 1.5,
        "width_m": 0.7770944834,
        "height_m": 1.2486362457,
        "qw": 0.9778096574,
        "qx": 0.0,
        "qy": 0.0,
        "qz": -0.2094952835,
        "tx_m": 94.7660214182,
        "ty_m": -2.2341729493,
        "tz_m": 0.1826724988,
        "num_interior_pts": 9
    },
    {
        "timestamp_ns": 315973820559695000,
        "track_uuid": "6794ed07-6da4-489c-abcf-1367531009ed",
        "category": "BOX_TRUCK",
        "length_m": 7.3434858322,
        "width_m": 3.2259421349,
        "height_m": 3.4930553436,
        "qw": 0.9996507733,
        "qx": 0.0,
        "qy": 0.0,
        "qz": 0.0264259605,
        "tx_m": 219.1270042878,
        "ty_m": 1.1678208205,
        "tz_m": 0.5420195738,
        "num_interior_pts": 12
    },
    {
        "timestamp_ns": 315973820659891000,
        "track_uuid": "1b907cbf-b941-413a-96da-95500b7d4a2e",
        "category": "MOTORCYCLE",
        "length_m": 1.5,
        "width_m": 0.8245446682,
        "height_m": 1.4537982941,
        "qw": -0.6897968001,
        "qx": 0.0,
        "qy": 0.0,
        "qz": 0.7240030211,
        "tx_m": -21.1930467923,
        "ty_m": 5.3253257458,
        "tz_m": 0.4417180939,
        "num_interior_pts": 90
    },
    {
        "timestamp_ns": 315973820760088000,
        "track_uuid": "c0bd3f1f-5f98-414d-8016-150fece34dc7",
        "category": "PEDESTRIAN",
        "length_m": 0.6,
        "width_m": 0.6295585632,
        "height_m": 1.5,
        "qw": -0.672728206,
        "qx": 0.0,
        "qy": 0.0,
        "qz": 0.7398896951,
        "tx_m": -8.8705552104,
        "ty_m": -20.4824839693,
        "tz_m": 0.8827540452,
        "num_interior_pts": 4
    },
    {
        "timestamp_ns": 315973820863254000,
        "track_uuid": "17916ab7-8d83-4677-9577-ca4cab6a00b6",
        "category": "REGULAR_VEHICLE",
        "length_m": 4.03,
        "width_m": 1.74,
        "height_m": 1.41,
        "qw": 0.9999882703,
        "qx": 0.0,
        "qy": 0.0,
        "qz": 0.004843472,
        "tx_m": -86.6040787156,
        "ty_m": -3.278810947,
        "tz_m": 0.7953829506,
        "num_interior_pts": 7
    },
    {
        "timestamp_ns": 315973820959817000,
        "track_uuid": "6d7a5a48-5b73-4326-9533-77d72847857e",
        "category": "REGULAR_VEHICLE",
        "length_m": 5.2874135971,
        "width_m": 2.39844203,
        "height_m": 1.4533004761,
        "qw": 0.0235092674,
        "qx": 0.0,
        "qy": 0.0,
        "qz": 0.999723619,
        "tx_m": 53.3980383416,
        "ty_m": 8.9703833665,
        "tz_m": 0.0701788231,
        "num_interior_pts": 58
    },
    {
        "timestamp_ns": 315973821060004000,
        "track_uuid": "c376c43e-3bae-44b3-80c9-c72c30187335",
        "category": "REGULAR_VEHICLE",
        "length_m": 4.3480682373,
        "width_m": 1.7411928177,
        "height_m": 1.49077034,
        "qw": -0.7016445449,
        "qx": 0.0,
        "qy": 0.0,
        "qz": 0.7125271452,
        "tx_m": -21.2270066046,
        "ty_m": 9.1591421152,
        "tz_m": 0.2623966079,
        "num_interior_pts": 348
    },
    {
        "timestamp_ns": 315973821160201000,
        "track_uuid": "0e9b65e9-bebc-4d2a-8d15-dd7616d3b44b",
        "category": "WHEELED_DEVICE",
        "length_m": 1.8758621216,
        "width_m": 0.5922911167,
        "height_m": 1.2754974365,
        "qw": 0.7317208104,
        "qx": 0.0,
        "qy": 0.0,
        "qz": 0.6816044715,
        "tx_m": 79.9588010951,
        "ty_m": -6.6217536933,
        "tz_m": 0.2340289543,
        "num_interior_pts": 2
    },
    {
        "timestamp_ns": 315973821259734000,
        "track_uuid": "b12cf077-62c2-4f2a-b1a3-e7247ff901c0",
        "category": "WHEELED_DEVICE",
        "length_m": 1.0787,
        "width_m": 0.5465093851,
        "height_m": 1.2602138519,
        "qw": 0.710471859,
        "qx": 0.0,
        "qy": 0.0,
        "qz": 0.7037256124,
        "tx_m": -6.8930937641,
        "ty_m": -8.0493152498,
        "tz_m": 0.4676733482,
        "num_interior_pts": 11
    },
    {
        "timestamp_ns": 315973821359930000,
        "track_uuid": "a89b242f-8d78-4aed-a07e-1fbf41eafce2",
        "category": "BOX_TRUCK",
        "length_m": 10.7394256592,
        "width_m": 2.787876606,
        "height_m": 3.6365242004,
        "qw": -0.0174803789,
        "qx": 0.0,
        "qy": 0.0,
        "qz": 0.9998472065,
        "tx_m": 1.2248899113,
        "ty_m": 6.9815479397,
        "tz_m": 1.339770347,
        "num_interior_pts": 20138
    },
    {
        "timestamp_ns": 315973821460127000,
        "track_uuid": "136ee3ad-5fb2-4dff-a517-7eca38ca60ba",
        "category": "REGULAR_VEHICLE",
        "length_m": 4.03,
        "width_m": 1.8132768869,
        "height_m": 1.5339736938,
        "qw": -0.7024344061,
        "qx": 0.0,
        "qy": 0.0,
        "qz": 0.7117484844,
        "tx_m": -28.312942734,
        "ty_m": -24.8156048507,
        "tz_m": 0.6542803624,
        "num_interior_pts": 112
    },
    {
        "timestamp_ns": 315973821559660000,
        "track_uuid": "7cf14543-e6f8-4ba3-bc95-40d8637e3152",
        "category": "REGULAR_VEHICLE",
        "length_m": 6.0193166733,
        "width_m": 1.8489310741,
        "height_m": 1.9110984802,
        "qw": 0.7079918479,
        "qx": 0.0,
        "qy": 0.0,
        "qz": 0.7062206053,
        "tx_m": -24.0032718462,
        "ty_m": -23.9853313447,
        "tz_m": 0.8588878739,
        "num_interior_pts": 41
    },
    {
        "timestamp_ns": 315973821659856000,
        "track_uuid": "c4e96b30-2509-41a2-ad81-34e6a3e2fdb5",
        "category": "REGULAR_VEHICLE",
        "length_m": 4.7727694511,
        "width_m": 1.74,
        "height_m": 1.621837616,
        "qw": 0.8115244921,
        "qx": 0.0,
        "qy": 0.0,
        "qz": -0.5843184053,
        "tx_m": 134.9729321983,
        "ty_m": 15.9904648591,
        "tz_m": -0.0481425625,
        "num_interior_pts": 1
    },
    {
        "timestamp_ns": 315973821760053000,
        "track_uuid": "3f62bc01-6412-4bae-afa2-b1890f8f2c56",
        "category": "WHEELED_DEVICE",
        "length_m": 1.0787,
        "width_m": 0.4791,
        "height_m": 1.2889919281,
        "qw": 0.6402619845,
        "qx": 0.0,
        "qy": 0.0,
        "qz": 0.7681566189,
        "tx_m": -18.6030946634,
        "ty_m": 22.3975907592,
        "tz_m": -0.1771488928,
        "num_interior_pts": 0
    },
    {
        "timestamp_ns": 315973821860249000,
        "track_uuid": "e8e27e2d-a013-462f-9f07-4ae46f6b537f",
        "category": "WHEELED_DEVICE",
        "length_m": 1.0787,
        "width_m": 0.4791,
        "height_m": 1.3314762115,
        "qw": 0.6437634383,
        "qx": 0.0,
        "qy": 0.0,
        "qz": 0.7652245654,
        "tx_m": -19.5740054199,
        "ty_m": 22.2727031635,
        "tz_m": -0.1332346465,
        "num_interior_pts": 0
    },
    {
        "timestamp_ns": 315973821959782000,
        "track_uuid": "8a91dab1-c775-4cdb-97b7-b4f4e53cb795",
        "category": "MOTORCYCLE",
        "length_m": 2.3174371719,
        "width_m": 0.7899131775,
        "height_m": 1.2743358612,
        "qw": -0.0169047466,
        "qx": 0.0,
        "qy": 0.0,
        "qz": 0.9998571046,
        "tx_m": -8.4895568711,
        "ty_m": -9.752037442,
        "tz_m": 0.6088725215,
        "num_interior_pts": 160
    },
    {
        "timestamp_ns": 315973822059968000,
        "track_uuid": "6b451380-a665-407e-8d9f-58af24d000e5",
        "category": "REGULAR_VEHICLE",
        "length_m": 4.03,
        "width_m": 1.74,
        "height_m": 1.7809791565,
        "qw": 0.7185328492,
        "qx": 0.0,
        "qy": 0.0,
        "qz": 0.6954930227,
        "tx_m": 90.1530711443,
        "ty_m": 29.588679512,
        "tz_m": -0.7023707949,
        "num_interior_pts": 0
    },
    {
        "timestamp_ns": 315973822160165000,
        "track_uuid": "c4e96b30-2509-41a2-ad81-34e6a3e2fdb5",
        "category": "REGULAR_VEHICLE",
        "length_m": 4.7727694511,
        "width_m": 1.74,
        "height_m": 1.621837616,
        "qw": 0.8117511111,
        "qx": 0.0,
        "qy": 0.0,
        "qz": -0.5840035391,
        "tx_m": 130.6983704952,
        "ty_m": 16.1717237695,
        "tz_m": -0.8211593349,
        "num_interior_pts": 4
    },
    {
        "timestamp_ns": 315973822259698000,
        "track_uuid": "7f131202-528f-4aeb-a100-a86624eaf238",
        "category": "WHEELED_DEVICE",
        "length_m": 1.0787,
        "width_m": 0.6545733213,
        "height_m": 1.2169551849,
        "qw": -0.7055831893,
        "qx": 0.0,
        "qy": 0.0,
        "qz": 0.7086270973,
        "tx_m": -67.1018906518,
        "ty_m": 13.8035001456,
        "tz_m": 0.6335719132,
        "num_interior_pts": 0
    },
    {
        "timestamp_ns": 315973822359894000,
        "track_uuid": "1c51921e-80c6-4d33-a5b9-36c90d118421",
        "category": "PEDESTRIAN",
        "length_m": 0.7239214182,
        "width_m": 0.7305787802,
        "height_m": 1.9621582031,
        "qw": 0.9973435035,
        "qx": 0.0,
        "qy": 0.0,
        "qz": 0.0728418556,
        "tx_m": 14.4345653701,
        "ty_m": -10.4666608688,
        "tz_m": 0.7186188446,
        "num_interior_pts": 164
    },
    {
        "timestamp_ns": 315973822460091000,
        "track_uuid": "c4e96b30-2509-41a2-ad81-34e6a3e2fdb5",
        "category": "REGULAR_VEHICLE",
        "length_m": 4.7727694511,
        "width_m": 1.74,
        "height_m": 1.621837616,
        "qw": 0.8123322845,
        "qx": 0.0,
        "qy": 0.0,
        "qz": -0.5831948727,
        "tx_m": 127.570522872,
        "ty_m": 16.4125641244,
        "tz_m": -0.9079351628,
        "num_interior_pts": 8
    },
    {
        "timestamp_ns": 315973822560287000,
        "track_uuid": "e8e27e2d-a013-462f-9f07-4ae46f6b537f",
        "category": "WHEELED_DEVICE",
        "length_m": 1.0787,
        "width_m": 0.4791,
        "height_m": 1.3314762115,
        "qw": 0.6432499927,
        "qx": 0.0,
        "qy": 0.0,
        "qz": 0.7656562198,
        "tx_m": -26.343973538,
        "ty_m": 22.164602038,
        "tz_m": -0.0960183263,
        "num_interior_pts": 0
    },
    {
        "timestamp_ns": 315973822659820000,
        "track_uuid": "5ca7feaf-08ec-4a99-9495-e0fc54f61d6c",
        "category": "REGULAR_VEHICLE",
        "length_m": 4.03,
        "width_m": 1.74,
        "height_m": 1.4342002869,
        "qw": 0.9999980206,
        "qx": 0.0,
        "qy": 0.0,
        "qz": -0.0019896892,
        "tx_m": -52.5017748796,
        "ty_m": -3.4971728295,
        "tz_m": 0.838502944,
        "num_interior_pts": 0
    },
    {
        "timestamp_ns": 315973822760016000,
        "track_uuid": "3b175bb4-62b4-4dfa-884c-ab1233b0f807",
        "category": "WHEELED_DEVICE",
        "length_m": 1.0787,
        "width_m": 0.482834518,
        "height_m": 1.2709884644,
        "qw": 0.7053927517,
        "qx": 0.0,
        "qy": 0.0,
        "qz": 0.7088166659,
        "tx_m": -19.3938810744,
        "ty_m": -8.4083531807,
        "tz_m": 0.6836715707,
        "num_interior_pts": 10
    },
    {
        "timestamp_ns": 315973822860213000,
        "track_uuid": "16d45e32-8a3f-4c86-ae61-771981b5005f",
        "category": "MOTORCYCLIST",
        "length_m": 1.0,
        "width_m": 0.7956236601,
        "height_m": 1.5518474579,
        "qw": -0.6868933627,
        "qx": 0.0,
        "qy": 0.0,
        "qz": 0.7267582186,
        "tx_m": -41.3290449288,
        "ty_m": -8.6571653354,
        "tz_m": 0.7793857712,
        "num_interior_pts": 0
    },
    {
        "timestamp_ns": 315973822959746000,
        "track_uuid": "dda38bdb-4e0f-497d-b4c2-07d526682136",
        "category": "REGULAR_VEHICLE",
        "length_m": 5.5186891556,
        "width_m": 2.2605912685,
        "height_m": 2.1081542969,
        "qw": 0.9996805519,
        "qx": 0.0,
        "qy": 0.0,
        "qz": 0.0252743763,
        "tx_m": 192.4864446703,
        "ty_m": -2.4214415909,
        "tz_m": -0.6547068347,
        "num_interior_pts": 0
    },
    {
        "timestamp_ns": 315973823059932000,
        "track_uuid": "44bfc972-d0ca-41b2-8e8e-38d0cc99084a",
        "category": "BICYCLIST",
        "length_m": 1.0517706871,
        "width_m": 0.7646664381,
        "height_m": 1.7655601501,
        "qw": 0.9999710363,
        "qx": 0.0,
        "qy": 0.0,
        "qz": 0.0076109474,
        "tx_m": 93.7237853971,
        "ty_m": -3.9442459153,
        "tz_m": -0.06312391,
        "num_interior_pts": 8
    },
    {
        "timestamp_ns": 315973823160129000,
        "track_uuid": "8b140ce1-2579-4009-a831-a01671e94ce9",
        "category": "REGULAR_VEHICLE",
        "length_m": 4.8995494843,
        "width_m": 1.9968572855,
        "height_m": 1.5333080292,
        "qw": -0.0188390634,
        "qx": 0.0,
        "qy": 0.0,
        "qz": 0.9998225291,
        "tx_m": -4.1396661794,
        "ty_m": 6.6910840762,
        "tz_m": 0.2908152125,
        "num_interior_pts": 1038
    },
    {
        "timestamp_ns": 315973823259662000,
        "track_uuid": "e8e27e2d-a013-462f-9f07-4ae46f6b537f",
        "category": "WHEELED_DEVICE",
        "length_m": 1.0787,
        "width_m": 0.4791,
        "height_m": 1.3314762115,
        "qw": 0.6425714869,
        "qx": 0.0,
        "qy": 0.0,
        "qz": 0.7662257397,
        "tx_m": -35.23858547,
        "ty_m": 22.0789317589,
        "tz_m": -0.1291139964,
        "num_interior_pts": 0
    },
    {
        "timestamp_ns": 315973823359858000,
        "track_uuid": "90bb99b5-d088-477b-9da1-1dfe25cd049b",
        "category": "REGULAR_VEHICLE",
        "length_m": 5.4441280365,
        "width_m": 2.7010955811,
        "height_m": 1.9554290771,
        "qw": 0.9999886762,
        "qx": 0.0,
        "qy": 0.0,
        "qz": 0.0047589298,
        "tx_m": 174.1489643328,
        "ty_m": -2.5981279361,
        "tz_m": -0.5788743319,
        "num_interior_pts": 6
    },
    {
        "timestamp_ns": 315973823460054000,
        "track_uuid": "87e39271-b377-44af-b1e3-1c1cfa1d5817",
        "category": "LARGE_VEHICLE",
        "length_m": 4.03,
        "width_m": 2.0721387863,
        "height_m": 4.277551651,
        "qw": 0.9999460178,
        "qx": 0.0,
        "qy": 0.0,
        "qz": -0.0103904478,
        "tx_m": 140.502617945,
        "ty_m": 4.2794206087,
        "tz_m": 0.8542157896,
        "num_interior_pts": 22
    },
    {
        "timestamp_ns": 315973823560251000,
        "track_uuid": "92742359-770b-4468-bffc-29acca1a939a",
        "category": "TRUCK_CAB",
        "length_m": 5.689573288,
        "width_m": 3.26,
        "height_m": 4.0067005157,
        "qw": 0.9916103031,
        "qx": 0.0,
        "qy": 0.0,
        "qz": 0.1292633234,
        "tx_m": -31.5271220638,
        "ty_m": -0.2265641883,
        "tz_m": 1.888884695,
        "num_interior_pts": 533
    },
    {
        "timestamp_ns": 315973823659784000,
        "track_uuid": "ed09e9b8-0562-4c9d-88df-707945577cb7",
        "category": "PEDESTRIAN",
        "length_m": 0.7526866198,
        "width_m": 0.8333426714,
        "height_m": 1.735118866,
        "qw": 0.7196890442,
        "qx": 0.0,
        "qy": 0.0,
        "qz": -0.6942965358,
        "tx_m": -56.007616483,
        "ty_m": -18.0586376349,
        "tz_m": 1.1636785497,
        "num_interior_pts": 7
    },
    {
        "timestamp_ns": 315973823759980000,
        "track_uuid": "71c38659-26db-4616-915a-e2e1ff14491b",
        "category": "WHEELED_DEVICE",
        "length_m": 1.4321986437,
        "width_m": 0.5805167556,
        "height_m": 1.2156,
        "qw": 0.6585867363,
        "qx": 0.0,
        "qy": 0.0,
        "qz": 0.7525048244,
        "tx_m": 52.0029409664,
        "ty_m": -6.9193479023,
        "tz_m": 0.1603997343,
        "num_interior_pts": 10
    },
    {
        "timestamp_ns": 315973823860177000,
        "track_uuid": "6b451380-a665-407e-8d9f-58af24d000e5",
        "category": "REGULAR_VEHICLE",
        "length_m": 4.03,
        "width_m": 1.74,
        "height_m": 1.7809791565,
        "qw": 0.7171024365,
        "qx": 0.0,
        "qy": 0.0,
        "qz": 0.6969677866,
        "tx_m": 66.7788309582,
        "ty_m": 29.8630507802,
        "tz_m": -0.4766324452,
        "num_interior_pts": 8
    },
    {
        "timestamp_ns": 315973823959710000,
        "track_uuid": "8a91dab1-c775-4cdb-97b7-b4f4e53cb795",
        "category": "MOTORCYCLE",
        "length_m": 2.3174371719,
        "width_m": 0.7899131775,
        "height_m": 1.2743358612,
        "qw": -0.019042097,
        "qx": 0.0,
        "qy": 0.0,
        "qz": 0.9998186828,
        "tx_m": -35.1356795935,
        "ty_m": -9.8208953487,
        "tz_m": 0.8111493084,
        "num_interior_pts": 22
    }
]