{
  "MS_IMU": {
    "message_count": 157,
    "timespan": 15599.976,
    "message_freq": 0.010064118047361098,
    "var_stats": {}
  },
  "POSE": {
    "message_count": 157,
    "timespan": 15599.976,
    "message_freq": 0.010064118047361098,
    "var_stats": {}
  },
  "SteerAngleFeedback": {
    "message_count": 1895,
    "message_freq": 97.15662796876305,
    "timespan": 19.504588,
    "var_stats": {
      "utime": {
        "max": 1531883549954657,
        "max_diff": 40353.0,
        "mean": 1531883540169269.2,
        "mean_diff": 10298.0929250264,
        "min": 1531883530450069,
        "min_diff": 2620.0,
        "std": 5648567.440276202,
        "std_diff": 2102.7753059090915
      },
      "value": {
        "max": 3.6023595761162976,
        "max_diff": 0.02094395102393687,
        "mean": 0.48530376506073947,
        "mean_diff": -0.001659629346801365,
        "min": -0.49567350756639117,
        "min_diff": -0.03490658503988664,
        "std": 1.1404488263892403,
        "std_diff": 0.007714615048815806
      }
    }
  },
  "VEHICLE_MONITOR": {
    "message_count": 40,
    "timespan": 3900.323,
    "message_freq": 0.010255560885598449,
    "var_stats": {
      "available_distance": {
        "max": 90.0,
        "min": 90.0,
        "mean": 90.0,
        "std": 0.0,
        "max_diff": 0.0,
        "mean_diff": 0.0,
        "min_diff": 0.0,
        "std_diff": 0.0
      },
      "battery_level": {
        "max": 69.0,
        "min": 69.0,
        "mean": 69.0,
        "std": 0.0,
        "max_diff": 0.0,
        "mean_diff": 0.0,
        "min_diff": 0.0,
        "std_diff": 0.0
      },
      "brake": {
        "max": 0.0,
        "min": 0.0,
        "mean": 0.0,
        "std": 0.0,
        "max_diff": 0.0,
        "mean_diff": 0.0,
        "min_diff": 0.0,
        "std_diff": 0.0
      },
      "brake_switch": {
        "max": 1.0,
        "min": 1.0,
        "mean": 1.0,
        "std": 0.0,
        "max_diff": 0.0,
        "mean_diff": 0.0,
        "min_diff": 0.0,
        "std_diff": 0.0
      },
      "gear_position": {
        "max": 7.0,
        "min": 7.0,
        "mean": 7.0,
        "std": 0.0,
        "max_diff": 0.0,
        "mean_diff": 0.0,
        "min_diff": 0.0,
        "std_diff": 0.0
      },
      "left_signal": {
        "max": 1.0,
        "min": 0.0,
        "mean": 0.25,
        "std": 0.4330127018922193,
        "max_diff": 1.0,
        "mean_diff": 0.2564102564102564,
        "min_diff": 0.0,
        "std_diff": 0.4366509324596513
      },
      "rear_left_rpm": {
        "max": 205.3725,
        "min": 115.67580000000001,
        "mean": 167.57562000000001,
        "std": 28.037097877590682,
        "max_diff": 17.764199999999988,
        "mean_diff": 5.881838461538462,
        "min_diff": 0.0,
        "std_diff": 3.9794723793175732
      },
      "rear_right_rpm": {
        "max": 201.6612,
        "min": 125.0166,
        "mean": 169.8951825,
        "std": 25.56948909634183,
        "max_diff": 10.550100000000015,
        "mean_diff": 5.500123076923076,
        "min_diff": 0.7088999999999999,
        "std_diff": 3.0488462458782553
      },
      "right_signal": {
        "max": 1.0,
        "min": 0.0,
        "mean": 0.125,
        "std": 0.33071891388307384,
        "max_diff": 1.0,
        "mean_diff": 0.15384615384615385,
        "min_diff": 0.0,
        "std_diff": 0.36080121229411
      },
      "steering": {
        "max": 206.4000000000001,
        "min": -44.40000000000009,
        "mean": 23.947499999999913,
        "std": 63.95300613536475,
        "max_diff": 78.19999999999982,
        "mean_diff": 11.320512820512821,
        "min_diff": 0.0,
        "std_diff": 17.02104548729614
      },
      "steering_speed": {
        "max": 65.70000000000046,
        "min": -183.29999999999956,
        "mean": -10.979999999999723,
        "std": 40.81711160775585,
        "max_diff": 123.50000000000001,
        "mean_diff": 22.73333333333331,
        "min_diff": 0.0,
        "std_diff": 26.61741605804059
      },
      "throttle": {
        "max": 202.0,
        "min": 0.0,
        "mean": 95.5,
        "std": 65.78335655771906,
        "max_diff": 98.0,
        "mean_diff": 23.128205128205128,
        "min_diff": 0.0,
        "std_diff": 23.66993060249973
      },
      "vehicle_speed": {
        "max": 23.12,
        "min": 14.530000000000001,
        "mean": 19.323500000000003,
        "std": 2.9579076642113087,
        "max_diff": 1.1899999999999977,
        "mean_diff": 0.6164102564102563,
        "min_diff": 0.0,
        "std_diff": 0.37129356123255736
      },
      "yaw_rate": {
        "max": 22.400000000000034,
        "min": -6.799999999999983,
        "mean": 2.5625000000000258,
        "std": 7.070243542481407,
        "max_diff": 10.099999999999994,
        "mean_diff": 1.4128205128205142,
        "min_diff": 0.0,
        "std_diff": 1.9957878063021515
      }
    }
  },
  "ZOE_VEH_INFO": {
    "message_count": 157,
    "timespan": 15599.976,
    "message_freq": 0.010064118047361098,
    "var_stats": {
      "FL_wheel_speed": {
        "max": 127.1433,
        "min": 118.428,
        "mean": 121.88485031847134,
        "std": 2.150681134014734,
        "max_diff": 2.3352000000000004,
        "mean_diff": 0.25688269230769234,
        "min_diff": 0.0,
        "std_diff": 0.4136854917042621
      },
      "FR_wheel_speed": {
        "max": 145.5747,
        "min": 135.2748,
        "mean": 137.72208535031848,
        "std": 2.3239027333596813,
        "max_diff": 2.585399999999993,
        "mean_diff": 0.2333596153846154,
        "min_diff": 0.0,
        "std_diff": 0.4436485564479094
      },
      "RL_wheel_speed": {
        "max": 123.5988,
        "min": 114.96690000000001,
        "mean": 118.3613331210191,
        "std": 2.4902453022287614,
        "max_diff": 1.1676000000000073,
        "mean_diff": 0.12991153846153836,
        "min_diff": 0.0,
        "std_diff": 0.21775521865498296
      },
      "RR_wheel_speed": {
        "max": 140.4039,
        "min": 132.2307,
        "mean": 134.72871592356688,
        "std": 2.1368017260611767,
        "max_diff": 1.1259000000000015,
        "mean_diff": 0.1301788461538459,
        "min_diff": 0.0,
        "std_diff": 0.21551084867975617
      },
      "left_solar": {
        "max": -112.0,
        "min": -112.0,
        "mean": -112.0,
        "std": 0.0,
        "max_diff": 0.0,
        "mean_diff": 0.0,
        "min_diff": 0.0,
        "std_diff": 0.0
      },
      "longitudinal_accel": {
        "max": 0.5,
        "min": -0.29999999999999893,
        "mean": 0.0003184713375802786,
        "std": 0.21947366216684036,
        "max_diff": 0.20000000000000107,
        "mean_diff": 0.022115384615384644,
        "min_diff": 0.0,
        "std_diff": 0.03932131958073163
      },
      "meanEffTorque": {
        "max": 51.5,
        "min": 6.5,
        "mean": 25.028662420382165,
        "std": 16.25388165674642,
        "max_diff": 1.0,
        "mean_diff": 0.2980769230769231,
        "min_diff": 0.0,
        "std_diff": 0.2760692856749853
      },
      "odom": {
        "max": 96.0,
        "min": 8.0,
        "mean": 51.33757961783439,
        "std": 33.36529226456307,
        "max_diff": 84.0,
        "mean_diff": 5.487179487179487,
        "min_diff": 0.0,
        "std_diff": 17.27733329801973
      },
      "odom_speed": {
        "max": 15.0,
        "min": 14.0,
        "mean": 14.235668789808917,
        "std": 0.42441608277599185,
        "max_diff": 1.0,
        "mean_diff": 0.01282051282051282,
        "min_diff": 0.0,
        "std_diff": 0.11249954342810413
      },
      "pedal_cc": {
        "max": 252.0,
        "min": 92.0,
        "mean": 165.84076433121018,
        "std": 57.17450208430128,
        "max_diff": 7.0,
        "mean_diff": 1.0512820512820513,
        "min_diff": 0.0,
        "std_diff": 2.005744544267124
      },
      "regen": {
        "max": 0.0,
        "min": 0.0,
        "mean": 0.0,
        "std": 0.0,
        "max_diff": 0.0,
        "mean_diff": 0.0,
        "min_diff": 0.0,
        "std_diff": 0.0
      },
      "requestedTorqueAfterProc": {
        "max": -328.5,
        "min": -376.5,
        "mean": -353.9267515923567,
        "std": 17.54782503141623,
        "max_diff": 2.0,
        "mean_diff": 0.3333333333333333,
        "min_diff": 0.0,
        "std_diff": 0.74535599249993
      },
      "right_solar": {
        "max": 100.0,
        "min": 50.0,
        "mean": 85.03184713375796,
        "std": 22.898952881844014,
        "max_diff": 50.0,
        "mean_diff": 0.32051282051282054,
        "min_diff": 0.0,
        "std_diff": 3.9903524352527997
      },
      "steer_corrected": {
        "max": 206.4000000000001,
        "min": 156.5999999999999,
        "mean": 196.30764331210187,
        "std": 14.716460481233412,
        "max_diff": 1.0,
        "mean_diff": 0.3301282051282226,
        "min_diff": 0.0,
        "std_diff": 0.35507671106808303
      },
      "steer_offset_can": {
        "max": -12.599999999999909,
        "min": -12.599999999999909,
        "mean": -12.599999999999909,
        "std": 0.0,
        "max_diff": 0.0,
        "mean_diff": 0.0,
        "min_diff": 0.0,
        "std_diff": 0.0
      },
      "steer_raw": {
        "max": 193.80000000000018,
        "min": 144.0,
        "mean": 183.70764331210196,
        "std": 14.716460481233412,
        "max_diff": 1.0,
        "mean_diff": 0.3301282051282226,
        "min_diff": 0.0,
        "std_diff": 0.35507671106808303
      },
      "transversal_accel": {
        "max": -0.3120000000000118,
        "min": -0.41200000000000614,
        "mean": -0.3563566878980896,
        "std": 0.01752814397100135,
        "max_diff": 0.03200000000001069,
        "mean_diff": 0.002974358974359512,
        "min_diff": 0.0,
        "std_diff": 0.005413597218623967
      }
    }
  },
  "ZoeSensors": {
    "message_count": 157,
    "timespan": 15599.976,
    "message_freq": 0.010064118047361098,
    "var_stats": {
      "brake_sensor": {
        "max": 0.17095237970352173,
        "min": 0.17083260416984558,
        "mean": 0.17090219610435947,
        "std": 2.5484509466113396e-05,
        "max_diff": 2.2366642951965332e-05,
        "mean_diff": 5.476463299531203e-06,
        "min_diff": 0.0,
        "std_diff": 4.289610808661911e-06
      },
      "steering_sensor": {
        "max": 0.18987751007080078,
        "min": 0.18866437673568726,
        "mean": 0.18932713985822763,
        "std": 0.0003004369331947007,
        "max_diff": 0.0003032684326171875,
        "mean_diff": 5.524271191694798e-05,
        "min_diff": 0.0,
        "std_diff": 5.165748753454215e-05
      },
      "throttle_sensor": {
        "max": 0.1734868288040161,
        "min": 0.17139369249343872,
        "mean": 0.1725155851643556,
        "std": 0.0003747653291960397,
        "max_diff": 0.0005581676959991455,
        "mean_diff": 0.0001442391329850906,
        "min_diff": 0.0,
        "std_diff": 0.000122789880873364
      }
    }
  },
  "STEER_ANGLE_FEEDBACK": {
    "message_count": 157,
    "timespan": 15599.976,
    "message_freq": 0.010064118047361098,
    "var_stats": {
      "value": {
        "max": 3.6023595761162976,
        "min": 2.7331856086231183,
        "mean": 3.426870610689656,
        "std": 0.2570395373897083,
        "max_diff": 0.02094395102393687,
        "mean_diff": 0.005795388157263488,
        "min_diff": 0.0,
        "std_diff": 0.006283518388618365
      }
    }
  }
}