[
  {
    "FL_wheel_speed": 125.0166,
    "FR_wheel_speed": 137.1513,
    "RL_wheel_speed": 123.5988,
    "RR_wheel_speed": 135.9837,
    "left_solar": -112,
    "longitudinal_accel": -0.09999999999999964,
    "meanEffTorque": 8.0,
    "odom": 48,
    "odom_speed": 15.0,
    "pedal_cc": 92.0,
    "regen": 0.0,
    "requestedTorqueAfterProc": -376.5,
    "right_solar": 100,
    "steer_corrected": 156.5999999999999,
    "steer_offset_can": -12.599999999999909,
    "steer_raw": 144.0,
    "transversal_accel": -0.3760000000000048,
    "utime": 315966218859797000
  },
  {
    "FL_wheel_speed": 125.0166,
    "FR_wheel_speed": 137.1513,
    "RL_wheel_speed": 123.3903,
    "RR_wheel_speed": 136.2339,
    "left_solar": -112,
    "longitudinal_accel": -0.09999999999999964,
    "meanEffTorque": 8.0,
    "odom": 48,
    "odom_speed": 15.0,
    "pedal_cc": 92.0,
    "regen": 0.0,
    "requestedTorqueAfterProc": -376.5,
    "right_solar": 100,
    "steer_corrected": 157.29999999999973,
    "steer_offset_can": -12.599999999999909,
    "steer_raw": 144.69999999999982,
    "transversal_accel": -0.3760000000000048,
    "utime": 315966218959994000
  },
  {
    "FL_wheel_speed": 125.2668,
    "FR_wheel_speed": 137.6517,
    "RL_wheel_speed": 123.3903,
    "RR_wheel_speed": 136.2339,
    "left_solar": -112,
    "longitudinal_accel": -0.14999999999999858,
    "meanEffTorque": 7.5,
    "odom": 88,
    "odom_speed": 15.0,
    "pedal_cc": 92.0,
    "regen": 0.0,
    "requestedTorqueAfterProc": -376.5,
    "right_solar": 100,
    "steer_corrected": 158.29999999999973,
    "steer_offset_can": -12.599999999999909,
    "steer_raw": 145.69999999999982,
    "transversal_accel": -0.3640000000000043,
    "utime": 315966219060186000
  },
  {
    "FL_wheel_speed": 125.2668,
    "FR_wheel_speed": 137.6517,
    "RL_wheel_speed": 122.8899,
    "RR_wheel_speed": 135.525,
    "left_solar": -112,
    "longitudinal_accel": -0.14999999999999858,
    "meanEffTorque": 7.5,
    "odom": 88,
    "odom_speed": 15.0,
    "pedal_cc": 92.0,
    "regen": 0.0,
    "requestedTorqueAfterProc": -376.5,
    "right_solar": 100,
    "steer_corrected": 159.19999999999982,
    "steer_offset_can": -12.599999999999909,
    "steer_raw": 146.5999999999999,
    "transversal_accel": -0.3640000000000043,
    "utime": 315966219159719000
  },
  {
    "FL_wheel_speed": 124.3077,
    "FR_wheel_speed": 137.6517,
    "RL_wheel_speed": 122.8899,
    "RR_wheel_speed": 135.7752,
    "left_solar": -112,
    "longitudinal_accel": -0.1999999999999993,
    "meanEffTorque": 7.5,
    "odom": 88,
    "odom_speed": 15.0,
    "pedal_cc": 92.0,
    "regen": 0.0,
    "requestedTorqueAfterProc": -376.5,
    "right_solar": 100,
    "steer_corrected": 160.0999999999999,
    "steer_offset_can": -12.599999999999909,
    "steer_raw": 147.5,
    "transversal_accel": -0.36000000000001364,
    "utime": 315966219259915000
  },
  {
    "FL_wheel_speed": 124.3077,
    "FR_wheel_speed": 137.6517,
    "RL_wheel_speed": 122.8899,
    "RR_wheel_speed": 135.7752,
    "left_solar": -112,
    "longitudinal_accel": -0.1999999999999993,
    "meanEffTorque": 7.5,
    "odom": 88,
    "odom_speed": 15.0,
    "pedal_cc": 92.0,
    "regen": 0.0,
    "requestedTorqueAfterProc": -376.5,
    "right_solar": 100,
    "steer_corrected": 161.0,
    "steer_offset_can": -12.599999999999909,
    "steer_raw": 148.4000000000001,
    "transversal_accel": -0.36000000000001364,
    "utime": 315966219360112000
  },
  {
    "FL_wheel_speed": 124.5579,
    "FR_wheel_speed": 137.1513,
    "RL_wheel_speed": 122.181,
    "RR_wheel_speed": 135.2748,
    "left_solar": -112,
    "longitudinal_accel": -0.14999999999999858,
    "meanEffTorque": 7.5,
    "odom": 88,
    "odom_speed": 15.0,
    "pedal_cc": 92.0,
    "regen": 0.0,
    "requestedTorqueAfterProc": -376.5,
    "right_solar": 100,
    "steer_corrected": 161.9000000000001,
    "steer_offset_can": -12.599999999999909,
    "steer_raw": 149.30000000000018,
    "transversal_accel": -0.35599999999999454,
    "utime": 315966219459645000
  },
  {
    "FL_wheel_speed": 124.5579,
    "FR_wheel_speed": 137.1513,
    "RL_wheel_speed": 122.181,
    "RR_wheel_speed": 135.2748,
    "left_solar": -112,
    "longitudinal_accel": -0.14999999999999858,
    "meanEffTorque": 7.5,
    "odom": 88,
    "odom_speed": 15.0,
    "pedal_cc": 92.0,
    "regen": 0.0,
    "requestedTorqueAfterProc": -376.5,
    "right_solar": 100,
    "steer_corrected": 162.79999999999973,
    "steer_offset_can": -12.599999999999909,
    "steer_raw": 150.19999999999982,
    "transversal_accel": -0.35599999999999454,
    "utime": 315966219559841000
  },
  {
    "FL_wheel_speed": 124.7664,
    "FR_wheel_speed": 137.1513,
    "RL_wheel_speed": 122.181,
    "RR_wheel_speed": 135.2748,
    "left_solar": -112,
    "longitudinal_accel": -0.14999999999999858,
    "meanEffTorque": 7.0,
    "odom": 88,
    "odom_speed": 15.0,
    "pedal_cc": 92.0,
    "regen": 0.0,
    "requestedTorqueAfterProc": -376.5,
    "right_solar": 100,
    "steer_corrected": 163.5999999999999,
    "steer_offset_can": -12.599999999999909,
    "steer_raw": 151.0,
    "transversal_accel": -0.35599999999999454,
    "utime": 315966219660038000
  },
  {
    "FL_wheel_speed": 124.7664,
    "FR_wheel_speed": 137.1513,
    "RL_wheel_speed": 122.181,
    "RR_wheel_speed": 135.0663,
    "left_solar": -112,
    "longitudinal_accel": -0.14999999999999858,
    "meanEffTorque": 7.0,
    "odom": 88,
    "odom_speed": 15.0,
    "pedal_cc": 92.0,
    "regen": 0.0,
    "requestedTorqueAfterProc": -376.5,
    "right_solar": 100,
    "steer_corrected": 164.4000000000001,
    "steer_offset_can": -12.599999999999909,
    "steer_raw": 151.80000000000018,
    "transversal_accel": -0.35599999999999454,
    "utime": 315966219759571000
  },
  {
    "FL_wheel_speed": 123.849,
    "FR_wheel_speed": 137.4015,
    "RL_wheel_speed": 122.181,
    "RR_wheel_speed": 135.0663,
    "left_solar": -112,
    "longitudinal_accel": -0.09999999999999964,
    "meanEffTorque": 7.0,
    "odom": 88,
    "odom_speed": 15.0,
    "pedal_cc": 92.0,
    "regen": 0.0,
    "requestedTorqueAfterProc": -376.5,
    "right_solar": 100,
    "steer_corrected": 165.29999999999973,
    "steer_offset_can": -12.599999999999909,
    "steer_raw": 152.69999999999982,
    "transversal_accel": -0.35599999999999454,
    "utime": 315966219859767000
  },
  {
    "FL_wheel_speed": 123.849,
    "FR_wheel_speed": 137.4015,
    "RL_wheel_speed": 121.9725,
    "RR_wheel_speed": 134.8161,
    "left_solar": -112,
    "longitudinal_accel": -0.09999999999999964,
    "meanEffTorque": 7.0,
    "odom": 88,
    "odom_speed": 15.0,
    "pedal_cc": 92.0,
    "regen": 0.0,
    "requestedTorqueAfterProc": -376.5,
    "right_solar": 100,
    "steer_corrected": 166.29999999999973,
    "steer_offset_can": -12.599999999999909,
    "steer_raw": 153.69999999999982,
    "transversal_accel": -0.35599999999999454,
    "utime": 315966219959964000
  },
  {
    "FL_wheel_speed": 123.3903,
    "FR_wheel_speed": 137.1513,
    "RL_wheel_speed": 121.9725,
    "RR_wheel_speed": 134.8161,
    "left_solar": -112,
    "longitudinal_accel": -0.14999999999999858,
    "meanEffTorque": 7.0,
    "odom": 8,
    "odom_speed": 14.0,
    "pedal_cc": 92.0,
    "regen": 0.0,
    "requestedTorqueAfterProc": -376.5,
    "right_solar": 100,
    "steer_corrected": 167.19999999999982,
    "steer_offset_can": -12.599999999999909,
    "steer_raw": 154.5999999999999,
    "transversal_accel": -0.35599999999999454,
    "utime": 315966220060156000
  },
  {
    "FL_wheel_speed": 123.3903,
    "FR_wheel_speed": 137.1513,
    "RL_wheel_speed": 121.7223,
    "RR_wheel_speed": 135.0663,
    "left_solar": -112,
    "longitudinal_accel": -0.14999999999999858,
    "meanEffTorque": 7.0,
    "odom": 8,
    "odom_speed": 14.0,
    "pedal_cc": 92.0,
    "regen": 0.0,
    "requestedTorqueAfterProc": -376.5,
    "right_solar": 100,
    "steer_corrected": 168.0999999999999,
    "steer_offset_can": -12.599999999999909,
    "steer_raw": 155.5,
    "transversal_accel": -0.35599999999999454,
    "utime": 315966220159689000
  },
  {
    "FL_wheel_speed": 123.5988,
    "FR_wheel_speed": 136.6926,
    "RL_wheel_speed": 121.7223,
    "RR_wheel_speed": 135.0663,
    "left_solar": -112,
    "longitudinal_accel": -0.25,
    "meanEffTorque": 7.0,
    "odom": 8,
    "odom_speed": 14.0,
    "pedal_cc": 92.0,
    "regen": 0.0,
    "requestedTorqueAfterProc": -376.5,
    "right_solar": 100,
    "steer_corrected": 169.0,
    "steer_offset_can": -12.599999999999909,
    "steer_raw": 156.4000000000001,
    "transversal_accel": -0.3439999999999941,
    "utime": 315966220259885000
  },
  {
    "FL_wheel_speed": 123.5988,
    "FR_wheel_speed": 136.6926,
    "RL_wheel_speed": 121.2636,
    "RR_wheel_speed": 135.0663,
    "left_solar": -112,
    "longitudinal_accel": -0.25,
    "meanEffTorque": 7.0,
    "odom": 8,
    "odom_speed": 14.0,
    "pedal_cc": 92.0,
    "regen": 0.0,
    "requestedTorqueAfterProc": -376.5,
    "right_solar": 100,
    "steer_corrected": 170.0,
    "steer_offset_can": -12.599999999999909,
    "steer_raw": 157.4000000000001,
    "transversal_accel": -0.3439999999999941,
    "utime": 315966220360082000
  },
  {
    "FL_wheel_speed": 123.849,
    "FR_wheel_speed": 136.6926,
    "RL_wheel_speed": 121.2636,
    "RR_wheel_speed": 135.0663,
    "left_solar": -112,
    "longitudinal_accel": -0.25,
    "meanEffTorque": 7.0,
    "odom": 8,
    "odom_speed": 14.0,
    "pedal_cc": 92.0,
    "regen": 0.0,
    "requestedTorqueAfterProc": -376.5,
    "right_solar": 100,
    "steer_corrected": 171.0,
    "steer_offset_can": -12.599999999999909,
    "steer_raw": 158.4000000000001,
    "transversal_accel": -0.33600000000001273,
    "utime": 315966220459615000
  },
  {
    "FL_wheel_speed": 123.849,
    "FR_wheel_speed": 136.6926,
    "RL_wheel_speed": 121.2636,
    "RR_wheel_speed": 135.0663,
    "left_solar": -112,
    "longitudinal_accel": -0.25,
    "meanEffTorque": 6.5,
    "odom": 8,
    "odom_speed": 14.0,
    "pedal_cc": 92.0,
    "regen": 0.0,
    "requestedTorqueAfterProc": -376.5,
    "right_solar": 100,
    "steer_corrected": 171.69999999999982,
    "steer_offset_can": -12.599999999999909,
    "steer_raw": 159.0999999999999,
    "transversal_accel": -0.33600000000001273,
    "utime": 315966220559811000
  },
  {
    "FL_wheel_speed": 123.3903,
    "FR_wheel_speed": 137.1513,
    "RL_wheel_speed": 121.2636,
    "RR_wheel_speed": 135.0663,
    "left_solar": -112,
    "longitudinal_accel": -0.14999999999999858,
    "meanEffTorque": 6.5,
    "odom": 8,
    "odom_speed": 14.0,
    "pedal_cc": 92.0,
    "regen": 0.0,
    "requestedTorqueAfterProc": -376.5,
    "right_solar": 100,
    "steer_corrected": 172.69999999999982,
    "steer_offset_can": -12.599999999999909,
    "steer_raw": 160.0999999999999,
    "transversal_accel": -0.3400000000000034,
    "utime": 315966220660008000
  },
  {
    "FL_wheel_speed": 123.3903,
    "FR_wheel_speed": 137.1513,
    "RL_wheel_speed": 121.0134,
    "RR_wheel_speed": 134.8161,
    "left_solar": -112,
    "longitudinal_accel": -0.14999999999999858,
    "meanEffTorque": 6.5,
    "odom": 8,
    "odom_speed": 14.0,
    "pedal_cc": 92.0,
    "regen": 0.0,
    "requestedTorqueAfterProc": -376.5,
    "right_solar": 100,
    "steer_corrected": 173.5999999999999,
    "steer_offset_can": -12.599999999999909,
    "steer_raw": 161.0,
    "transversal_accel": -0.3400000000000034,
    "utime": 315966220760204000
  },
  {
    "FL_wheel_speed": 123.1401,
    "FR_wheel_speed": 137.1513,
    "RL_wheel_speed": 121.0134,
    "RR_wheel_speed": 134.8161,
    "left_solar": -112,
    "longitudinal_accel": -0.25,
    "meanEffTorque": 6.5,
    "odom": 8,
    "odom_speed": 14.0,
    "pedal_cc": 92.0,
    "regen": 0.0,
    "requestedTorqueAfterProc": -376.5,
    "right_solar": 100,
    "steer_corrected": 174.5,
    "steer_offset_can": -12.599999999999909,
    "steer_raw": 161.9000000000001,
    "transversal_accel": -0.3400000000000034,
    "utime": 315966220859737000
  },
  {
    "FL_wheel_speed": 123.1401,
    "FR_wheel_speed": 137.1513,
    "RL_wheel_speed": 120.8049,
    "RR_wheel_speed": 135.0663,
    "left_solar": -112,
    "longitudinal_accel": -0.25,
    "meanEffTorque": 6.5,
    "odom": 8,
    "odom_speed": 14.0,
    "pedal_cc": 92.0,
    "regen": 0.0,
    "requestedTorqueAfterProc": -376.5,
    "right_solar": 100,
    "steer_corrected": 175.4000000000001,
    "steer_offset_can": -12.599999999999909,
    "steer_raw": 162.80000000000018,
    "transversal_accel": -0.3400000000000034,
    "utime": 315966220959933000
  },
  {
    "FL_wheel_speed": 123.3903,
    "FR_wheel_speed": 137.1513,
    "RL_wheel_speed": 120.8049,
    "RR_wheel_speed": 135.0663,
    "left_solar": -112,
    "longitudinal_accel": -0.29999999999999893,
    "meanEffTorque": 6.5,
    "odom": 48,
    "odom_speed": 14.0,
    "pedal_cc": 92.0,
    "regen": 0.0,
    "requestedTorqueAfterProc": -376.5,
    "right_solar": 100,
    "steer_corrected": 176.19999999999982,
    "steer_offset_can": -12.599999999999909,
    "steer_raw": 163.5999999999999,
    "transversal_accel": -0.32800000000000296,
    "utime": 315966221060125000
  },
  {
    "FL_wheel_speed": 123.3903,
    "FR_wheel_speed": 137.1513,
    "RL_wheel_speed": 120.5547,
    "RR_wheel_speed": 134.6076,
    "left_solar": -112,
    "longitudinal_accel": -0.29999999999999893,
    "meanEffTorque": 6.5,
    "odom": 48,
    "odom_speed": 14.0,
    "pedal_cc": 92.0,
    "regen": 0.0,
    "requestedTorqueAfterProc": -376.5,
    "right_solar": 100,
    "steer_corrected": 177.0,
    "steer_offset_can": -12.599999999999909,
    "steer_raw": 164.4000000000001,
    "transversal_accel": -0.32800000000000296,
    "utime": 315966221159658000
  },
  {
    "FL_wheel_speed": 122.8899,
    "FR_wheel_speed": 137.4015,
    "RL_wheel_speed": 120.3045,
    "RR_wheel_speed": 134.6076,
    "left_solar": -112,
    "longitudinal_accel": -0.25,
    "meanEffTorque": 6.5,
    "odom": 48,
    "odom_speed": 14.0,
    "pedal_cc": 92.0,
    "regen": 0.0,
    "requestedTorqueAfterProc": -376.5,
    "right_solar": 100,
    "steer_corrected": 177.9000000000001,
    "steer_offset_can": -12.599999999999909,
    "steer_raw": 165.30000000000018,
    "transversal_accel": -0.32800000000000296,
    "utime": 315966221259854000
  },
  {
    "FL_wheel_speed": 122.8899,
    "FR_wheel_speed": 137.4015,
    "RL_wheel_speed": 120.3045,
    "RR_wheel_speed": 134.6076,
    "left_solar": -112,
    "longitudinal_accel": -0.25,
    "meanEffTorque": 6.5,
    "odom": 48,
    "odom_speed": 14.0,
    "pedal_cc": 92.0,
    "regen": 0.0,
    "requestedTorqueAfterProc": -376.5,
    "right_solar": 100,
    "steer_corrected": 178.5,
    "steer_offset_can": -12.599999999999909,
    "steer_raw": 165.9000000000001,
    "transversal_accel": -0.32800000000000296,
    "utime": 315966221360051000
  },
  {
    "FL_wheel_speed": 122.4312,
    "FR_wheel_speed": 136.6926,
    "RL_wheel_speed": 119.8458,
    "RR_wheel_speed": 134.6076,
    "left_solar": -112,
    "longitudinal_accel": -0.14999999999999858,
    "meanEffTorque": 6.5,
    "odom": 48,
    "odom_speed": 14.0,
    "pedal_cc": 92.0,
    "regen": 0.0,
    "requestedTorqueAfterProc": -376.5,
    "right_solar": 100,
    "steer_corrected": 179.29999999999973,
    "steer_offset_can": -12.599999999999909,
    "steer_raw": 166.69999999999982,
    "transversal_accel": -0.3199999999999932,
    "utime": 315966221460247000
  },
  {
    "FL_wheel_speed": 122.4312,
    "FR_wheel_speed": 136.6926,
    "RL_wheel_speed": 119.8458,
    "RR_wheel_speed": 134.6076,
    "left_solar": -112,
    "longitudinal_accel": -0.14999999999999858,
    "meanEffTorque": 6.5,
    "odom": 48,
    "odom_speed": 14.0,
    "pedal_cc": 92.0,
    "regen": 0.0,
    "requestedTorqueAfterProc": -376.5,
    "right_solar": 100,
    "steer_corrected": 180.0999999999999,
    "steer_offset_can": -12.599999999999909,
    "steer_raw": 167.5,
    "transversal_accel": -0.3199999999999932,
    "utime": 315966221559780000
  },
  {
    "FL_wheel_speed": 122.6814,
    "FR_wheel_speed": 137.1513,
    "RL_wheel_speed": 119.6373,
    "RR_wheel_speed": 134.3574,
    "left_solar": -112,
    "longitudinal_accel": -0.14999999999999858,
    "meanEffTorque": 6.5,
    "odom": 48,
    "odom_speed": 14.0,
    "pedal_cc": 92.0,
    "regen": 0.0,
    "requestedTorqueAfterProc": -376.5,
    "right_solar": 100,
    "steer_corrected": 180.9000000000001,
    "steer_offset_can": -12.599999999999909,
    "steer_raw": 168.30000000000018,
    "transversal_accel": -0.3240000000000123,
    "utime": 315966221659977000
  },
  {
    "FL_wheel_speed": 122.6814,
    "FR_wheel_speed": 137.1513,
    "RL_wheel_speed": 119.6373,
    "RR_wheel_speed": 134.3574,
    "left_solar": -112,
    "longitudinal_accel": -0.14999999999999858,
    "meanEffTorque": 6.5,
    "odom": 48,
    "odom_speed": 14.0,
    "pedal_cc": 92.0,
    "regen": 0.0,
    "requestedTorqueAfterProc": -376.5,
    "right_solar": 100,
    "steer_corrected": 181.5999999999999,
    "steer_offset_can": -12.599999999999909,
    "steer_raw": 169.0,
    "transversal_accel": -0.3240000000000123,
    "utime": 315966221760173000
  },
  {
    "FL_wheel_speed": 122.181,
    "FR_wheel_speed": 136.9428,
    "RL_wheel_speed": 119.6373,
    "RR_wheel_speed": 134.3574,
    "left_solar": -112,
    "longitudinal_accel": -0.25,
    "meanEffTorque": 6.5,
    "odom": 48,
    "odom_speed": 14.0,
    "pedal_cc": 92.0,
    "regen": 0.0,
    "requestedTorqueAfterProc": -376.5,
    "right_solar": 100,
    "steer_corrected": 182.4000000000001,
    "steer_offset_can": -12.599999999999909,
    "steer_raw": 169.80000000000018,
    "transversal_accel": -0.33199999999999363,
    "utime": 315966221859706000
  },
  {
    "FL_wheel_speed": 122.181,
    "FR_wheel_speed": 136.9428,
    "RL_wheel_speed": 119.3871,
    "RR_wheel_speed": 134.3574,
    "left_solar": -112,
    "longitudinal_accel": -0.25,
    "meanEffTorque": 6.5,
    "odom": 48,
    "odom_speed": 14.0,
    "pedal_cc": 92.0,
    "regen": 0.0,
    "requestedTorqueAfterProc": -376.5,
    "right_solar": 100,
    "steer_corrected": 183.0999999999999,
    "steer_offset_can": -12.599999999999909,
    "steer_raw": 170.5,
    "transversal_accel": -0.33199999999999363,
    "utime": 315966221959902000
  },
  {
    "FL_wheel_speed": 122.181,
    "FR_wheel_speed": 136.4841,
    "RL_wheel_speed": 119.3871,
    "RR_wheel_speed": 134.3574,
    "left_solar": -112,
    "longitudinal_accel": -0.25,
    "meanEffTorque": 6.5,
    "odom": 88,
    "odom_speed": 14.0,
    "pedal_cc": 98.0,
    "regen": 0.0,
    "requestedTorqueAfterProc": -374.5,
    "right_solar": 100,
    "steer_corrected": 183.9000000000001,
    "steer_offset_can": -12.599999999999909,
    "steer_raw": 171.30000000000018,
    "transversal_accel": -0.33199999999999363,
    "utime": 315966222060095000
  },
  {
    "FL_wheel_speed": 122.181,
    "FR_wheel_speed": 136.4841,
    "RL_wheel_speed": 118.9284,
    "RR_wheel_speed": 134.3574,
    "left_solar": -112,
    "longitudinal_accel": -0.25,
    "meanEffTorque": 6.5,
    "odom": 88,
    "odom_speed": 14.0,
    "pedal_cc": 98.0,
    "regen": 0.0,
    "requestedTorqueAfterProc": -374.5,
    "right_solar": 100,
    "steer_corrected": 184.5999999999999,
    "steer_offset_can": -12.599999999999909,
    "steer_raw": 172.0,
    "transversal_accel": -0.33199999999999363,
    "utime": 315966222159628000
  },
  {
    "FL_wheel_speed": 122.181,
    "FR_wheel_speed": 136.4841,
    "RL_wheel_speed": 118.6782,
    "RR_wheel_speed": 133.8987,
    "left_solar": -112,
    "longitudinal_accel": -0.25,
    "meanEffTorque": 6.5,
    "odom": 88,
    "odom_speed": 14.0,
    "pedal_cc": 98.0,
    "regen": 0.0,
    "requestedTorqueAfterProc": -374.5,
    "right_solar": 100,
    "steer_corrected": 185.19999999999982,
    "steer_offset_can": -12.599999999999909,
    "steer_raw": 172.5999999999999,
    "transversal_accel": -0.33199999999999363,
    "utime": 315966222259824000
  },
  {
    "FL_wheel_speed": 122.181,
    "FR_wheel_speed": 136.4841,
    "RL_wheel_speed": 118.6782,
    "RR_wheel_speed": 133.8987,
    "left_solar": -112,
    "longitudinal_accel": -0.25,
    "meanEffTorque": 7.0,
    "odom": 88,
    "odom_speed": 14.0,
    "pedal_cc": 98.0,
    "regen": 0.0,
    "requestedTorqueAfterProc": -374.5,
    "right_solar": 100,
    "steer_corrected": 186.0,
    "steer_offset_can": -12.599999999999909,
    "steer_raw": 173.4000000000001,
    "transversal_accel": -0.33199999999999363,
    "utime": 315966222360021000
  },
  {
    "FL_wheel_speed": 121.5138,
    "FR_wheel_speed": 136.4841,
    "RL_wheel_speed": 118.6782,
    "RR_wheel_speed": 133.8987,
    "left_solar": -112,
    "longitudinal_accel": -0.29999999999999893,
    "meanEffTorque": 7.0,
    "odom": 88,
    "odom_speed": 14.0,
    "pedal_cc": 98.0,
    "regen": 0.0,
    "requestedTorqueAfterProc": -374.5,
    "right_solar": 100,
    "steer_corrected": 186.5999999999999,
    "steer_offset_can": -12.599999999999909,
    "steer_raw": 174.0,
    "transversal_accel": -0.3400000000000034,
    "utime": 315966222460217000
  },
  {
    "FL_wheel_speed": 121.5138,
    "FR_wheel_speed": 136.4841,
    "RL_wheel_speed": 118.428,
    "RR_wheel_speed": 134.3574,
    "left_solar": -112,
    "longitudinal_accel": -0.29999999999999893,
    "meanEffTorque": 7.0,
    "odom": 88,
    "odom_speed": 14.0,
    "pedal_cc": 103.0,
    "regen": 0.0,
    "requestedTorqueAfterProc": -374.5,
    "right_solar": 100,
    "steer_corrected": 187.29999999999973,
    "steer_offset_can": -12.599999999999909,
    "steer_raw": 174.69999999999982,
    "transversal_accel": -0.3400000000000034,
    "utime": 315966222559750000
  },
  {
    "FL_wheel_speed": 121.5138,
    "FR_wheel_speed": 136.4841,
    "RL_wheel_speed": 118.2195,
    "RR_wheel_speed": 133.8987,
    "left_solar": -112,
    "longitudinal_accel": -0.29999999999999893,
    "meanEffTorque": 7.0,
    "odom": 88,
    "odom_speed": 14.0,
    "pedal_cc": 103.0,
    "regen": 0.0,
    "requestedTorqueAfterProc": -374.5,
    "right_solar": 100,
    "steer_corrected": 188.0,
    "steer_offset_can": -12.599999999999909,
    "steer_raw": 175.4000000000001,
    "transversal_accel": -0.3439999999999941,
    "utime": 315966222659947000
  },
  {
    "FL_wheel_speed": 121.5138,
    "FR_wheel_speed": 136.4841,
    "RL_wheel_speed": 118.2195,
    "RR_wheel_speed": 133.8987,
    "left_solar": -112,
    "longitudinal_accel": -0.29999999999999893,
    "meanEffTorque": 7.5,
    "odom": 88,
    "odom_speed": 14.0,
    "pedal_cc": 103.0,
    "regen": 0.0,
    "requestedTorqueAfterProc": -374.5,
    "right_solar": 100,
    "steer_corrected": 188.5999999999999,
    "steer_offset_can": -12.599999999999909,
    "steer_raw": 176.0,
    "transversal_accel": -0.3439999999999941,
    "utime": 315966222760143000
  },
  {
    "FL_wheel_speed": 121.5138,
    "FR_wheel_speed": 136.2339,
    "RL_wheel_speed": 118.2195,
    "RR_wheel_speed": 133.8987,
    "left_solar": -112,
    "longitudinal_accel": -0.25,
    "meanEffTorque": 7.5,
    "odom": 88,
    "odom_speed": 14.0,
    "pedal_cc": 103.0,
    "regen": 0.0,
    "requestedTorqueAfterProc": -374.5,
    "right_solar": 100,
    "steer_corrected": 189.29999999999973,
    "steer_offset_can": -12.599999999999909,
    "steer_raw": 176.69999999999982,
    "transversal_accel": -0.3439999999999941,
    "utime": 315966222859676000
  },
  {
    "FL_wheel_speed": 121.5138,
    "FR_wheel_speed": 136.2339,
    "RL_wheel_speed": 117.9693,
    "RR_wheel_speed": 133.8987,
    "left_solar": -112,
    "longitudinal_accel": -0.25,
    "meanEffTorque": 7.5,
    "odom": 88,
    "odom_speed": 14.0,
    "pedal_cc": 103.0,
    "regen": 0.0,
    "requestedTorqueAfterProc": -374.5,
    "right_solar": 100,
    "steer_corrected": 190.0,
    "steer_offset_can": -12.599999999999909,
    "steer_raw": 177.4000000000001,
    "transversal_accel": -0.3439999999999941,
    "utime": 315966222959872000
  },
  {
    "FL_wheel_speed": 121.0134,
    "FR_wheel_speed": 136.4841,
    "RL_wheel_speed": 117.9693,
    "RR_wheel_speed": 133.8987,
    "left_solar": -112,
    "longitudinal_accel": -0.25,
    "meanEffTorque": 8.0,
    "odom": 8,
    "odom_speed": 14.0,
    "pedal_cc": 103.0,
    "regen": 0.0,
    "requestedTorqueAfterProc": -374.5,
    "right_solar": 100,
    "steer_corrected": 190.5999999999999,
    "steer_offset_can": -12.599999999999909,
    "steer_raw": 178.0,
    "transversal_accel": -0.3480000000000132,
    "utime": 315966223060065000
  },
  {
    "FL_wheel_speed": 121.0134,
    "FR_wheel_speed": 136.4841,
    "RL_wheel_speed": 117.5106,
    "RR_wheel_speed": 133.6485,
    "left_solar": -112,
    "longitudinal_accel": -0.25,
    "meanEffTorque": 8.0,
    "odom": 8,
    "odom_speed": 14.0,
    "pedal_cc": 103.0,
    "regen": 0.0,
    "requestedTorqueAfterProc": -374.5,
    "right_solar": 100,
    "steer_corrected": 191.29999999999973,
    "steer_offset_can": -12.599999999999909,
    "steer_raw": 178.69999999999982,
    "transversal_accel": -0.3480000000000132,
    "utime": 315966223159598000
  },
  {
    "FL_wheel_speed": 121.0134,
    "FR_wheel_speed": 136.2339,
    "RL_wheel_speed": 117.5106,
    "RR_wheel_speed": 133.6485,
    "left_solar": -112,
    "longitudinal_accel": -0.25,
    "meanEffTorque": 8.0,
    "odom": 8,
    "odom_speed": 14.0,
    "pedal_cc": 107.0,
    "regen": 0.0,
    "requestedTorqueAfterProc": -372.5,
    "right_solar": 100,
    "steer_corrected": 191.9000000000001,
    "steer_offset_can": -12.599999999999909,
    "steer_raw": 179.30000000000018,
    "transversal_accel": -0.35599999999999454,
    "utime": 315966223259794000
  },
  {
    "FL_wheel_speed": 121.0134,
    "FR_wheel_speed": 136.2339,
    "RL_wheel_speed": 117.5106,
    "RR_wheel_speed": 133.6485,
    "left_solar": -112,
    "longitudinal_accel": -0.25,
    "meanEffTorque": 8.5,
    "odom": 8,
    "odom_speed": 14.0,
    "pedal_cc": 107.0,
    "regen": 0.0,
    "requestedTorqueAfterProc": -372.5,
    "right_solar": 100,
    "steer_corrected": 192.69999999999982,
    "steer_offset_can": -12.599999999999909,
    "steer_raw": 180.0999999999999,
    "transversal_accel": -0.35599999999999454,
    "utime": 315966223359991000
  },
  {
    "FL_wheel_speed": 121.7223,
    "FR_wheel_speed": 135.9837,
    "RL_wheel_speed": 117.2604,
    "RR_wheel_speed": 133.1898,
    "left_solar": -112,
    "longitudinal_accel": -0.25,
    "meanEffTorque": 8.5,
    "odom": 8,
    "odom_speed": 14.0,
    "pedal_cc": 112.0,
    "regen": 0.0,
    "requestedTorqueAfterProc": -370.5,
    "right_solar": 100,
    "steer_corrected": 193.4000000000001,
    "steer_offset_can": -12.599999999999909,
    "steer_raw": 180.80000000000018,
    "transversal_accel": -0.35599999999999454,
    "utime": 315966223460187000
  },
  {
    "FL_wheel_speed": 121.7223,
    "FR_wheel_speed": 135.9837,
    "RL_wheel_speed": 117.2604,
    "RR_wheel_speed": 133.1898,
    "left_solar": -112,
    "longitudinal_accel": -0.25,
    "meanEffTorque": 9.0,
    "odom": 8,
    "odom_speed": 14.0,
    "pedal_cc": 112.0,
    "regen": 0.0,
    "requestedTorqueAfterProc": -370.5,
    "right_solar": 100,
    "steer_corrected": 194.0,
    "steer_offset_can": -12.599999999999909,
    "steer_raw": 181.4000000000001,
    "transversal_accel": -0.35599999999999454,
    "utime": 315966223559720000
  },
  {
    "FL_wheel_speed": 121.2636,
    "FR_wheel_speed": 135.7752,
    "RL_wheel_speed": 117.2604,
    "RR_wheel_speed": 133.3983,
    "left_solar": -112,
    "longitudinal_accel": -0.1999999999999993,
    "meanEffTorque": 9.0,
    "odom": 8,
    "odom_speed": 14.0,
    "pedal_cc": 117.0,
    "regen": 0.0,
    "requestedTorqueAfterProc": -368.5,
    "right_solar": 100,
    "steer_corrected": 194.5999999999999,
    "steer_offset_can": -12.599999999999909,
    "steer_raw": 182.0,
    "transversal_accel": -0.36000000000001364,
    "utime": 315966223659917000
  },
  {
    "FL_wheel_speed": 121.2636,
    "FR_wheel_speed": 135.7752,
    "RL_wheel_speed": 117.2604,
    "RR_wheel_speed": 133.3983,
    "left_solar": -112,
    "longitudinal_accel": -0.1999999999999993,
    "meanEffTorque": 9.5,
    "odom": 8,
    "odom_speed": 14.0,
    "pedal_cc": 121.0,
    "regen": 0.0,
    "requestedTorqueAfterProc": -368.5,
    "right_solar": 100,
    "steer_corrected": 195.4000000000001,
    "steer_offset_can": -12.599999999999909,
    "steer_raw": 182.80000000000018,
    "transversal_accel": -0.36000000000001364,
    "utime": 315966223760113000
  },
  {
    "FL_wheel_speed": 120.3045,
    "FR_wheel_speed": 135.9837,
    "RL_wheel_speed": 117.2604,
    "RR_wheel_speed": 133.3983,
    "left_solar": -112,
    "longitudinal_accel": -0.14999999999999858,
    "meanEffTorque": 10.0,
    "odom": 8,
    "odom_speed": 14.0,
    "pedal_cc": 121.0,
    "regen": 0.0,
    "requestedTorqueAfterProc": -368.5,
    "right_solar": 100,
    "steer_corrected": 196.0999999999999,
    "steer_offset_can": -12.599999999999909,
    "steer_raw": 183.5,
    "transversal_accel": -0.3640000000000043,
    "utime": 315966223859646000
  },
  {
    "FL_wheel_speed": 120.3045,
    "FR_wheel_speed": 135.9837,
    "RL_wheel_speed": 117.2604,
    "RR_wheel_speed": 133.3983,
    "left_solar": -112,
    "longitudinal_accel": -0.14999999999999858,
    "meanEffTorque": 10.0,
    "odom": 8,
    "odom_speed": 14.0,
    "pedal_cc": 126.0,
    "regen": 0.0,
    "requestedTorqueAfterProc": -366.5,
    "right_solar": 100,
    "steer_corrected": 196.5999999999999,
    "steer_offset_can": -12.599999999999909,
    "steer_raw": 184.0,
    "transversal_accel": -0.3640000000000043,
    "utime": 315966223959842000
  },
  {
    "FL_wheel_speed": 119.8458,
    "FR_wheel_speed": 135.9837,
    "RL_wheel_speed": 117.2604,
    "RR_wheel_speed": 133.3983,
    "left_solar": -112,
    "longitudinal_accel": -0.1999999999999993,
    "meanEffTorque": 10.5,
    "odom": 52,
    "odom_speed": 14.0,
    "pedal_cc": 126.0,
    "regen": 0.0,
    "requestedTorqueAfterProc": -366.5,
    "right_solar": 100,
    "steer_corrected": 197.19999999999982,
    "steer_offset_can": -12.599999999999909,
    "steer_raw": 184.5999999999999,
    "transversal_accel": -0.3640000000000043,
    "utime": 315966224060034000
  },
  {
    "FL_wheel_speed": 119.8458,
    "FR_wheel_speed": 135.9837,
    "RL_wheel_speed": 117.0519,
    "RR_wheel_speed": 133.3983,
    "left_solar": -112,
    "longitudinal_accel": -0.1999999999999993,
    "meanEffTorque": 11.0,
    "odom": 52,
    "odom_speed": 14.0,
    "pedal_cc": 126.0,
    "regen": 0.0,
    "requestedTorqueAfterProc": -366.5,
    "right_solar": 100,
    "steer_corrected": 197.9000000000001,
    "steer_offset_can": -12.599999999999909,
    "steer_raw": 185.30000000000018,
    "transversal_accel": -0.3640000000000043,
    "utime": 315966224160230000
  },
  {
    "FL_wheel_speed": 120.5547,
    "FR_wheel_speed": 135.7752,
    "RL_wheel_speed": 117.0519,
    "RR_wheel_speed": 133.3983,
    "left_solar": -112,
    "longitudinal_accel": -0.25,
    "meanEffTorque": 11.5,
    "odom": 52,
    "odom_speed": 14.0,
    "pedal_cc": 130.0,
    "regen": 0.0,
    "requestedTorqueAfterProc": -364.5,
    "right_solar": 100,
    "steer_corrected": 198.4000000000001,
    "steer_offset_can": -12.599999999999909,
    "steer_raw": 185.80000000000018,
    "transversal_accel": -0.35599999999999454,
    "utime": 315966224259763000
  },
  {
    "FL_wheel_speed": 120.5547,
    "FR_wheel_speed": 135.7752,
    "RL_wheel_speed": 116.8434,
    "RR_wheel_speed": 133.3983,
    "left_solar": -112,
    "longitudinal_accel": -0.25,
    "meanEffTorque": 12.0,
    "odom": 52,
    "odom_speed": 14.0,
    "pedal_cc": 130.0,
    "regen": 0.0,
    "requestedTorqueAfterProc": -364.5,
    "right_solar": 100,
    "steer_corrected": 199.0,
    "steer_offset_can": -12.599999999999909,
    "steer_raw": 186.4000000000001,
    "transversal_accel": -0.35599999999999454,
    "utime": 315966224359960000
  },
  {
    "FL_wheel_speed": 119.8458,
    "FR_wheel_speed": 135.9837,
    "RL_wheel_speed": 116.8434,
    "RR_wheel_speed": 133.3983,
    "left_solar": -112,
    "longitudinal_accel": -0.25,
    "meanEffTorque": 12.0,
    "odom": 52,
    "odom_speed": 14.0,
    "pedal_cc": 130.0,
    "regen": 0.0,
    "requestedTorqueAfterProc": -364.5,
    "right_solar": 100,
    "steer_corrected": 199.5,
    "steer_offset_can": -12.599999999999909,
    "steer_raw": 186.9000000000001,
    "transversal_accel": -0.35599999999999454,
    "utime": 315966224460156000
  },
  {
    "FL_wheel_speed": 119.8458,
    "FR_wheel_speed": 135.9837,
    "RL_wheel_speed": 116.38470000000001,
    "RR_wheel_speed": 133.3983,
    "left_solar": -112,
    "longitudinal_accel": -0.25,
    "meanEffTorque": 12.5,
    "odom": 52,
    "odom_speed": 14.0,
    "pedal_cc": 130.0,
    "regen": 0.0,
    "requestedTorqueAfterProc": -364.5,
    "right_solar": 100,
    "steer_corrected": 200.0999999999999,
    "steer_offset_can": -12.599999999999909,
    "steer_raw": 187.5,
    "transversal_accel": -0.35599999999999454,
    "utime": 315966224559689000
  },
  {
    "FL_wheel_speed": 120.096,
    "FR_wheel_speed": 135.9837,
    "RL_wheel_speed": 116.38470000000001,
    "RR_wheel_speed": 133.1898,
    "left_solar": -112,
    "longitudinal_accel": -0.25,
    "meanEffTorque": 13.0,
    "odom": 52,
    "odom_speed": 14.0,
    "pedal_cc": 130.0,
    "regen": 0.0,
    "requestedTorqueAfterProc": -364.5,
    "right_solar": 100,
    "steer_corrected": 200.5999999999999,
    "steer_offset_can": -12.599999999999909,
    "steer_raw": 188.0,
    "transversal_accel": -0.3640000000000043,
    "utime": 315966224663058000
  },
  {
    "FL_wheel_speed": 120.096,
    "FR_wheel_speed": 135.9837,
    "RL_wheel_speed": 116.38470000000001,
    "RR_wheel_speed": 133.1898,
    "left_solar": -112,
    "longitudinal_accel": -0.25,
    "meanEffTorque": 13.5,
    "odom": 52,
    "odom_speed": 14.0,
    "pedal_cc": 136.0,
    "regen": 0.0,
    "requestedTorqueAfterProc": -362.5,
    "right_solar": 100,
    "steer_corrected": 201.0,
    "steer_offset_can": -12.599999999999909,
    "steer_raw": 188.4000000000001,
    "transversal_accel": -0.3640000000000043,
    "utime": 315966224760082000
  },
  {
    "FL_wheel_speed": 120.3045,
    "FR_wheel_speed": 135.525,
    "RL_wheel_speed": 116.38470000000001,
    "RR_wheel_speed": 133.1898,
    "left_solar": -112,
    "longitudinal_accel": -0.25,
    "meanEffTorque": 14.0,
    "odom": 52,
    "odom_speed": 14.0,
    "pedal_cc": 141.0,
    "regen": 0.0,
    "requestedTorqueAfterProc": -362.5,
    "right_solar": 100,
    "steer_corrected": 201.4000000000001,
    "steer_offset_can": -12.599999999999909,
    "steer_raw": 188.80000000000018,
    "transversal_accel": -0.3640000000000043,
    "utime": 315966224859615000
  },
  {
    "FL_wheel_speed": 120.3045,
    "FR_wheel_speed": 135.525,
    "RL_wheel_speed": 116.38470000000001,
    "RR_wheel_speed": 132.9396,
    "left_solar": -112,
    "longitudinal_accel": -0.25,
    "meanEffTorque": 14.5,
    "odom": 52,
    "odom_speed": 14.0,
    "pedal_cc": 145.0,
    "regen": 0.0,
    "requestedTorqueAfterProc": -360.5,
    "right_solar": 100,
    "steer_corrected": 202.0,
    "steer_offset_can": -12.599999999999909,
    "steer_raw": 189.4000000000001,
    "transversal_accel": -0.3640000000000043,
    "utime": 315966224959811000
  },
  {
    "FL_wheel_speed": 119.8458,
    "FR_wheel_speed": 136.2339,
    "RL_wheel_speed": 116.38470000000001,
    "RR_wheel_speed": 132.9396,
    "left_solar": -112,
    "longitudinal_accel": -0.14999999999999858,
    "meanEffTorque": 15.0,
    "odom": 92,
    "odom_speed": 14.0,
    "pedal_cc": 145.0,
    "regen": 0.0,
    "requestedTorqueAfterProc": -360.5,
    "right_solar": 100,
    "steer_corrected": 202.4000000000001,
    "steer_offset_can": -12.599999999999909,
    "steer_raw": 189.80000000000018,
    "transversal_accel": -0.3640000000000043,
    "utime": 315966225060004000
  },
  {
    "FL_wheel_speed": 119.8458,
    "FR_wheel_speed": 136.2339,
    "RL_wheel_speed": 116.38470000000001,
    "RR_wheel_speed": 132.9396,
    "left_solar": -112,
    "longitudinal_accel": -0.14999999999999858,
    "meanEffTorque": 15.5,
    "odom": 92,
    "odom_speed": 14.0,
    "pedal_cc": 152.0,
    "regen": 0.0,
    "requestedTorqueAfterProc": -358.5,
    "right_solar": 100,
    "steer_corrected": 202.79999999999973,
    "steer_offset_can": -12.599999999999909,
    "steer_raw": 190.19999999999982,
    "transversal_accel": -0.3640000000000043,
    "utime": 315966225160200000
  },
  {
    "FL_wheel_speed": 119.3871,
    "FR_wheel_speed": 136.4841,
    "RL_wheel_speed": 115.926,
    "RR_wheel_speed": 132.7311,
    "left_solar": -112,
    "longitudinal_accel": -0.09999999999999964,
    "meanEffTorque": 16.0,
    "odom": 92,
    "odom_speed": 14.0,
    "pedal_cc": 152.0,
    "regen": 0.0,
    "requestedTorqueAfterProc": -358.5,
    "right_solar": 100,
    "steer_corrected": 203.19999999999982,
    "steer_offset_can": -12.599999999999909,
    "steer_raw": 190.5999999999999,
    "transversal_accel": -0.35599999999999454,
    "utime": 315966225259733000
  },
  {
    "FL_wheel_speed": 119.3871,
    "FR_wheel_speed": 136.4841,
    "RL_wheel_speed": 115.926,
    "RR_wheel_speed": 132.7311,
    "left_solar": -112,
    "longitudinal_accel": -0.09999999999999964,
    "meanEffTorque": 16.5,
    "odom": 92,
    "odom_speed": 14.0,
    "pedal_cc": 156.0,
    "regen": 0.0,
    "requestedTorqueAfterProc": -356.5,
    "right_solar": 100,
    "steer_corrected": 203.5999999999999,
    "steer_offset_can": -12.599999999999909,
    "steer_raw": 191.0,
    "transversal_accel": -0.35599999999999454,
    "utime": 315966225359930000
  },
  {
    "FL_wheel_speed": 120.096,
    "FR_wheel_speed": 135.9837,
    "RL_wheel_speed": 115.926,
    "RR_wheel_speed": 132.7311,
    "left_solar": -112,
    "longitudinal_accel": -0.049999999999998934,
    "meanEffTorque": 17.5,
    "odom": 92,
    "odom_speed": 14.0,
    "pedal_cc": 156.0,
    "regen": 0.0,
    "requestedTorqueAfterProc": -356.5,
    "right_solar": 100,
    "steer_corrected": 203.79999999999973,
    "steer_offset_can": -12.599999999999909,
    "steer_raw": 191.19999999999982,
    "transversal_accel": -0.3480000000000132,
    "utime": 315966225460126000
  },
  {
    "FL_wheel_speed": 120.096,
    "FR_wheel_speed": 135.9837,
    "RL_wheel_speed": 115.67580000000001,
    "RR_wheel_speed": 132.7311,
    "left_solar": -112,
    "longitudinal_accel": -0.049999999999998934,
    "meanEffTorque": 18.0,
    "odom": 92,
    "odom_speed": 14.0,
    "pedal_cc": 156.0,
    "regen": 0.0,
    "requestedTorqueAfterProc": -356.5,
    "right_solar": 100,
    "steer_corrected": 204.0999999999999,
    "steer_offset_can": -12.599999999999909,
    "steer_raw": 191.5,
    "transversal_accel": -0.3480000000000132,
    "utime": 315966225559659000
  },
  {
    "FL_wheel_speed": 119.8458,
    "FR_wheel_speed": 135.9837,
    "RL_wheel_speed": 115.67580000000001,
    "RR_wheel_speed": 132.2307,
    "left_solar": -112,
    "longitudinal_accel": -0.09999999999999964,
    "meanEffTorque": 18.5,
    "odom": 92,
    "odom_speed": 14.0,
    "pedal_cc": 156.0,
    "regen": 0.0,
    "requestedTorqueAfterProc": -356.5,
    "right_solar": 100,
    "steer_corrected": 204.4000000000001,
    "steer_offset_can": -12.599999999999909,
    "steer_raw": 191.80000000000018,
    "transversal_accel": -0.3439999999999941,
    "utime": 315966225659855000
  },
  {
    "FL_wheel_speed": 119.8458,
    "FR_wheel_speed": 135.9837,
    "RL_wheel_speed": 115.67580000000001,
    "RR_wheel_speed": 132.2307,
    "left_solar": -112,
    "longitudinal_accel": -0.09999999999999964,
    "meanEffTorque": 19.0,
    "odom": 92,
    "odom_speed": 14.0,
    "pedal_cc": 156.0,
    "regen": 0.0,
    "requestedTorqueAfterProc": -356.5,
    "right_solar": 100,
    "steer_corrected": 204.5999999999999,
    "steer_offset_can": -12.599999999999909,
    "steer_raw": 192.0,
    "transversal_accel": -0.3439999999999941,
    "utime": 315966225760052000
  },
  {
    "FL_wheel_speed": 118.9284,
    "FR_wheel_speed": 135.7752,
    "RL_wheel_speed": 115.67580000000001,
    "RR_wheel_speed": 132.2307,
    "left_solar": -112,
    "longitudinal_accel": -0.049999999999998934,
    "meanEffTorque": 19.5,
    "odom": 92,
    "odom_speed": 14.0,
    "pedal_cc": 156.0,
    "regen": 0.0,
    "requestedTorqueAfterProc": -356.5,
    "right_solar": 100,
    "steer_corrected": 204.9000000000001,
    "steer_offset_can": -12.599999999999909,
    "steer_raw": 192.30000000000018,
    "transversal_accel": -0.3480000000000132,
    "utime": 315966225859585000
  },
  {
    "FL_wheel_speed": 118.9284,
    "FR_wheel_speed": 135.7752,
    "RL_wheel_speed": 115.4256,
    "RR_wheel_speed": 132.2307,
    "left_solar": -112,
    "longitudinal_accel": -0.049999999999998934,
    "meanEffTorque": 19.5,
    "odom": 92,
    "odom_speed": 14.0,
    "pedal_cc": 156.0,
    "regen": 0.0,
    "requestedTorqueAfterProc": -356.5,
    "right_solar": 100,
    "steer_corrected": 205.19999999999982,
    "steer_offset_can": -12.599999999999909,
    "steer_raw": 192.5999999999999,
    "transversal_accel": -0.3480000000000132,
    "utime": 315966225959781000
  },
  {
    "FL_wheel_speed": 119.1369,
    "FR_wheel_speed": 136.2339,
    "RL_wheel_speed": 115.4256,
    "RR_wheel_speed": 132.2307,
    "left_solar": -112,
    "longitudinal_accel": -0.049999999999998934,
    "meanEffTorque": 20.0,
    "odom": 8,
    "odom_speed": 14.0,
    "pedal_cc": 156.0,
    "regen": 0.0,
    "requestedTorqueAfterProc": -356.5,
    "right_solar": 100,
    "steer_corrected": 205.4000000000001,
    "steer_offset_can": -12.599999999999909,
    "steer_raw": 192.80000000000018,
    "transversal_accel": -0.35200000000000387,
    "utime": 315966226059974000
  },
  {
    "FL_wheel_speed": 119.1369,
    "FR_wheel_speed": 136.2339,
    "RL_wheel_speed": 115.4256,
    "RR_wheel_speed": 132.7311,
    "left_solar": -112,
    "longitudinal_accel": -0.049999999999998934,
    "meanEffTorque": 20.5,
    "odom": 8,
    "odom_speed": 14.0,
    "pedal_cc": 156.0,
    "regen": 0.0,
    "requestedTorqueAfterProc": -356.5,
    "right_solar": 100,
    "steer_corrected": 205.5,
    "steer_offset_can": -12.599999999999909,
    "steer_raw": 192.9000000000001,
    "transversal_accel": -0.35200000000000387,
    "utime": 315966226160170000
  },
  {
    "FL_wheel_speed": 119.1369,
    "FR_wheel_speed": 135.9837,
    "RL_wheel_speed": 115.4256,
    "RR_wheel_speed": 132.7311,
    "left_solar": -112,
    "longitudinal_accel": -0.049999999999998934,
    "meanEffTorque": 21.0,
    "odom": 8,
    "odom_speed": 14.0,
    "pedal_cc": 156.0,
    "regen": 0.0,
    "requestedTorqueAfterProc": -356.5,
    "right_solar": 100,
    "steer_corrected": 205.69999999999982,
    "steer_offset_can": -12.599999999999909,
    "steer_raw": 193.0999999999999,
    "transversal_accel": -0.3480000000000132,
    "utime": 315966226259703000
  },
  {
    "FL_wheel_speed": 119.1369,
    "FR_wheel_speed": 135.9837,
    "RL_wheel_speed": 115.2171,
    "RR_wheel_speed": 132.2307,
    "left_solar": -112,
    "longitudinal_accel": -0.049999999999998934,
    "meanEffTorque": 21.0,
    "odom": 8,
    "odom_speed": 14.0,
    "pedal_cc": 156.0,
    "regen": 0.0,
    "requestedTorqueAfterProc": -356.5,
    "right_solar": 100,
    "steer_corrected": 205.9000000000001,
    "steer_offset_can": -12.599999999999909,
    "steer_raw": 193.30000000000018,
    "transversal_accel": -0.3480000000000132,
    "utime": 315966226359899000
  },
  {
    "FL_wheel_speed": 118.428,
    "FR_wheel_speed": 135.2748,
    "RL_wheel_speed": 115.2171,
    "RR_wheel_speed": 132.2307,
    "left_solar": -112,
    "longitudinal_accel": 0.0,
    "meanEffTorque": 21.5,
    "odom": 8,
    "odom_speed": 14.0,
    "pedal_cc": 156.0,
    "regen": 0.0,
    "requestedTorqueAfterProc": -356.5,
    "right_solar": 100,
    "steer_corrected": 206.0,
    "steer_offset_can": -12.599999999999909,
    "steer_raw": 193.4000000000001,
    "transversal_accel": -0.3400000000000034,
    "utime": 315966226460096000
  },
  {
    "FL_wheel_speed": 118.428,
    "FR_wheel_speed": 135.2748,
    "RL_wheel_speed": 115.2171,
    "RR_wheel_speed": 132.2307,
    "left_solar": -112,
    "longitudinal_accel": 0.0,
    "meanEffTorque": 21.5,
    "odom": 8,
    "odom_speed": 14.0,
    "pedal_cc": 156.0,
    "regen": 0.0,
    "requestedTorqueAfterProc": -356.5,
    "right_solar": 100,
    "steer_corrected": 206.0999999999999,
    "steer_offset_can": -12.599999999999909,
    "steer_raw": 193.5,
    "transversal_accel": -0.3400000000000034,
    "utime": 315966226560292000
  },
  {
    "FL_wheel_speed": 119.3871,
    "FR_wheel_speed": 135.7752,
    "RL_wheel_speed": 114.96690000000001,
    "RR_wheel_speed": 132.4809,
    "left_solar": -112,
    "longitudinal_accel": -0.049999999999998934,
    "meanEffTorque": 22.0,
    "odom": 8,
    "odom_speed": 14.0,
    "pedal_cc": 161.0,
    "regen": 0.0,
    "requestedTorqueAfterProc": -354.5,
    "right_solar": 100,
    "steer_corrected": 206.19999999999982,
    "steer_offset_can": -12.599999999999909,
    "steer_raw": 193.5999999999999,
    "transversal_accel": -0.3400000000000034,
    "utime": 315966226659825000
  },
  {
    "FL_wheel_speed": 119.3871,
    "FR_wheel_speed": 135.7752,
    "RL_wheel_speed": 114.96690000000001,
    "RR_wheel_speed": 132.4809,
    "left_solar": -112,
    "longitudinal_accel": -0.049999999999998934,
    "meanEffTorque": 22.5,
    "odom": 8,
    "odom_speed": 14.0,
    "pedal_cc": 161.0,
    "regen": 0.0,
    "requestedTorqueAfterProc": -354.5,
    "right_solar": 100,
    "steer_corrected": 206.29999999999973,
    "steer_offset_can": -12.599999999999909,
    "steer_raw": 193.69999999999982,
    "transversal_accel": -0.3400000000000034,
    "utime": 315966226760022000
  },
  {
    "FL_wheel_speed": 119.1369,
    "FR_wheel_speed": 136.2339,
    "RL_wheel_speed": 114.96690000000001,
    "RR_wheel_speed": 132.4809,
    "left_solar": -112,
    "longitudinal_accel": -0.09999999999999964,
    "meanEffTorque": 23.0,
    "odom": 8,
    "odom_speed": 14.0,
    "pedal_cc": 168.0,
    "regen": 0.0,
    "requestedTorqueAfterProc": -352.5,
    "right_solar": 100,
    "steer_corrected": 206.29999999999973,
    "steer_offset_can": -12.599999999999909,
    "steer_raw": 193.69999999999982,
    "transversal_accel": -0.35599999999999454,
    "utime": 315966226860218000
  },
  {
    "FL_wheel_speed": 119.1369,
    "FR_wheel_speed": 136.2339,
    "RL_wheel_speed": 115.2171,
    "RR_wheel_speed": 132.2307,
    "left_solar": -112,
    "longitudinal_accel": -0.09999999999999964,
    "meanEffTorque": 23.5,
    "odom": 8,
    "odom_speed": 14.0,
    "pedal_cc": 168.0,
    "regen": 0.0,
    "requestedTorqueAfterProc": -352.5,
    "right_solar": 100,
    "steer_corrected": 206.29999999999973,
    "steer_offset_can": -12.599999999999909,
    "steer_raw": 193.69999999999982,
    "transversal_accel": -0.35599999999999454,
    "utime": 315966226959751000
  },
  {
    "FL_wheel_speed": 119.1369,
    "FR_wheel_speed": 135.7752,
    "RL_wheel_speed": 115.2171,
    "RR_wheel_speed": 132.2307,
    "left_solar": -112,
    "longitudinal_accel": 0.05000000000000071,
    "meanEffTorque": 24.0,
    "odom": 48,
    "odom_speed": 14.0,
    "pedal_cc": 173.0,
    "regen": 0.0,
    "requestedTorqueAfterProc": -352.5,
    "right_solar": 100,
    "steer_corrected": 206.4000000000001,
    "steer_offset_can": -12.599999999999909,
    "steer_raw": 193.80000000000018,
    "transversal_accel": -0.35599999999999454,
    "utime": 315966227059944000
  },
  {
    "FL_wheel_speed": 119.1369,
    "FR_wheel_speed": 135.7752,
    "RL_wheel_speed": 115.2171,
    "RR_wheel_speed": 132.2307,
    "left_solar": -112,
    "longitudinal_accel": 0.05000000000000071,
    "meanEffTorque": 24.5,
    "odom": 48,
    "odom_speed": 14.0,
    "pedal_cc": 173.0,
    "regen": 0.0,
    "requestedTorqueAfterProc": -352.5,
    "right_solar": 100,
    "steer_corrected": 206.29999999999973,
    "steer_offset_can": -12.599999999999909,
    "steer_raw": 193.69999999999982,
    "transversal_accel": -0.35599999999999454,
    "utime": 315966227160140000
  },
  {
    "FL_wheel_speed": 119.3871,
    "FR_wheel_speed": 135.7752,
    "RL_wheel_speed": 115.2171,
    "RR_wheel_speed": 132.2307,
    "left_solar": -112,
    "longitudinal_accel": 0.05000000000000071,
    "meanEffTorque": 25.0,
    "odom": 48,
    "odom_speed": 14.0,
    "pedal_cc": 180.0,
    "regen": 0.0,
    "requestedTorqueAfterProc": -350.5,
    "right_solar": 100,
    "steer_corrected": 206.4000000000001,
    "steer_offset_can": -12.599999999999909,
    "steer_raw": 193.80000000000018,
    "transversal_accel": -0.36000000000001364,
    "utime": 315966227259673000
  },
  {
    "FL_wheel_speed": 119.3871,
    "FR_wheel_speed": 135.7752,
    "RL_wheel_speed": 115.2171,
    "RR_wheel_speed": 132.2307,
    "left_solar": -112,
    "longitudinal_accel": 0.05000000000000071,
    "meanEffTorque": 25.5,
    "odom": 48,
    "odom_speed": 14.0,
    "pedal_cc": 180.0,
    "regen": 0.0,
    "requestedTorqueAfterProc": -350.5,
    "right_solar": 100,
    "steer_corrected": 206.4000000000001,
    "steer_offset_can": -12.599999999999909,
    "steer_raw": 193.80000000000018,
    "transversal_accel": -0.36000000000001364,
    "utime": 315966227359869000
  },
  {
    "FL_wheel_speed": 119.1369,
    "FR_wheel_speed": 135.7752,
    "RL_wheel_speed": 115.2171,
    "RR_wheel_speed": 132.2307,
    "left_solar": -112,
    "longitudinal_accel": 0.0,
    "meanEffTorque": 26.0,
    "odom": 48,
    "odom_speed": 14.0,
    "pedal_cc": 186.0,
    "regen": 0.0,
    "requestedTorqueAfterProc": -348.5,
    "right_solar": 100,
    "steer_corrected": 206.4000000000001,
    "steer_offset_can": -12.599999999999909,
    "steer_raw": 193.80000000000018,
    "transversal_accel": -0.3640000000000043,
    "utime": 315966227460066000
  },
  {
    "FL_wheel_speed": 119.1369,
    "FR_wheel_speed": 135.7752,
    "RL_wheel_speed": 115.2171,
    "RR_wheel_speed": 132.4809,
    "left_solar": -112,
    "longitudinal_accel": 0.0,
    "meanEffTorque": 27.0,
    "odom": 48,
    "odom_speed": 14.0,
    "pedal_cc": 190.0,
    "regen": 0.0,
    "requestedTorqueAfterProc": -346.5,
    "right_solar": 100,
    "steer_corrected": 206.4000000000001,
    "steer_offset_can": -12.599999999999909,
    "steer_raw": 193.80000000000018,
    "transversal_accel": -0.3640000000000043,
    "utime": 315966227559599000
  },
  {
    "FL_wheel_speed": 119.6373,
    "FR_wheel_speed": 135.9837,
    "RL_wheel_speed": 115.2171,
    "RR_wheel_speed": 132.7311,
    "left_solar": -112,
    "longitudinal_accel": 0.05000000000000071,
    "meanEffTorque": 27.5,
    "odom": 48,
    "odom_speed": 14.0,
    "pedal_cc": 190.0,
    "regen": 0.0,
    "requestedTorqueAfterProc": -346.5,
    "right_solar": 100,
    "steer_corrected": 206.4000000000001,
    "steer_offset_can": -12.599999999999909,
    "steer_raw": 193.80000000000018,
    "transversal_accel": -0.3719999999999857,
    "utime": 315966227659795000
  },
  {
    "FL_wheel_speed": 119.6373,
    "FR_wheel_speed": 135.9837,
    "RL_wheel_speed": 115.2171,
    "RR_wheel_speed": 132.7311,
    "left_solar": -112,
    "longitudinal_accel": 0.05000000000000071,
    "meanEffTorque": 28.0,
    "odom": 48,
    "odom_speed": 14.0,
    "pedal_cc": 196.0,
    "regen": 0.0,
    "requestedTorqueAfterProc": -344.5,
    "right_solar": 100,
    "steer_corrected": 206.29999999999973,
    "steer_offset_can": -12.599999999999909,
    "steer_raw": 193.69999999999982,
    "transversal_accel": -0.3719999999999857,
    "utime": 315966227759992000
  },
  {
    "FL_wheel_speed": 119.8458,
    "FR_wheel_speed": 135.9837,
    "RL_wheel_speed": 115.2171,
    "RR_wheel_speed": 132.7311,
    "left_solar": -112,
    "longitudinal_accel": 0.05000000000000071,
    "meanEffTorque": 29.0,
    "odom": 48,
    "odom_speed": 14.0,
    "pedal_cc": 196.0,
    "regen": 0.0,
    "requestedTorqueAfterProc": -344.5,
    "right_solar": 100,
    "steer_corrected": 206.29999999999973,
    "steer_offset_can": -12.599999999999909,
    "steer_raw": 193.69999999999982,
    "transversal_accel": -0.3719999999999857,
    "utime": 315966227860188000
  },
  {
    "FL_wheel_speed": 119.8458,
    "FR_wheel_speed": 135.9837,
    "RL_wheel_speed": 115.926,
    "RR_wheel_speed": 132.9396,
    "left_solar": -112,
    "longitudinal_accel": 0.05000000000000071,
    "meanEffTorque": 29.5,
    "odom": 48,
    "odom_speed": 14.0,
    "pedal_cc": 196.0,
    "regen": 0.0,
    "requestedTorqueAfterProc": -344.5,
    "right_solar": 100,
    "steer_corrected": 206.4000000000001,
    "steer_offset_can": -12.599999999999909,
    "steer_raw": 193.80000000000018,
    "transversal_accel": -0.3719999999999857,
    "utime": 315966227959721000
  },
  {
    "FL_wheel_speed": 119.3871,
    "FR_wheel_speed": 136.2339,
    "RL_wheel_speed": 115.926,
    "RR_wheel_speed": 132.9396,
    "left_solar": -112,
    "longitudinal_accel": 0.05000000000000071,
    "meanEffTorque": 30.0,
    "odom": 88,
    "odom_speed": 14.0,
    "pedal_cc": 200.0,
    "regen": 0.0,
    "requestedTorqueAfterProc": -342.5,
    "right_solar": 100,
    "steer_corrected": 206.4000000000001,
    "steer_offset_can": -12.599999999999909,
    "steer_raw": 193.80000000000018,
    "transversal_accel": -0.3719999999999857,
    "utime": 315966228059914000
  },
  {
    "FL_wheel_speed": 119.3871,
    "FR_wheel_speed": 136.2339,
    "RL_wheel_speed": 115.67580000000001,
    "RR_wheel_speed": 132.9396,
    "left_solar": -112,
    "longitudinal_accel": 0.05000000000000071,
    "meanEffTorque": 30.5,
    "odom": 88,
    "odom_speed": 14.0,
    "pedal_cc": 200.0,
    "regen": 0.0,
    "requestedTorqueAfterProc": -342.5,
    "right_solar": 100,
    "steer_corrected": 206.4000000000001,
    "steer_offset_can": -12.599999999999909,
    "steer_raw": 193.80000000000018,
    "transversal_accel": -0.3719999999999857,
    "utime": 315966228160110000
  },
  {
    "FL_wheel_speed": 119.6373,
    "FR_wheel_speed": 136.2339,
    "RL_wheel_speed": 115.926,
    "RR_wheel_speed": 132.9396,
    "left_solar": -112,
    "longitudinal_accel": 0.05000000000000071,
    "meanEffTorque": 31.5,
    "odom": 88,
    "odom_speed": 14.0,
    "pedal_cc": 200.0,
    "regen": 0.0,
    "requestedTorqueAfterProc": -342.5,
    "right_solar": 100,
    "steer_corrected": 206.4000000000001,
    "steer_offset_can": -12.599999999999909,
    "steer_raw": 193.80000000000018,
    "transversal_accel": -0.37999999999999545,
    "utime": 315966228263477000
  },
  {
    "FL_wheel_speed": 119.6373,
    "FR_wheel_speed": 136.2339,
    "RL_wheel_speed": 115.926,
    "RR_wheel_speed": 132.9396,
    "left_solar": -112,
    "longitudinal_accel": 0.05000000000000071,
    "meanEffTorque": 32.0,
    "odom": 88,
    "odom_speed": 14.0,
    "pedal_cc": 200.0,
    "regen": 0.0,
    "requestedTorqueAfterProc": -342.5,
    "right_solar": 100,
    "steer_corrected": 206.4000000000001,
    "steer_offset_can": -12.599999999999909,
    "steer_raw": 193.80000000000018,
    "transversal_accel": -0.37999999999999545,
    "utime": 315966228359839000
  },
  {
    "FL_wheel_speed": 120.096,
    "FR_wheel_speed": 135.7752,
    "RL_wheel_speed": 116.1345,
    "RR_wheel_speed": 133.1898,
    "left_solar": -112,
    "longitudinal_accel": 0.05000000000000071,
    "meanEffTorque": 32.5,
    "odom": 88,
    "odom_speed": 14.0,
    "pedal_cc": 200.0,
    "regen": 0.0,
    "requestedTorqueAfterProc": -342.5,
    "right_solar": 100,
    "steer_corrected": 206.4000000000001,
    "steer_offset_can": -12.599999999999909,
    "steer_raw": 193.80000000000018,
    "transversal_accel": -0.37999999999999545,
    "utime": 315966228460036000
  },
  {
    "FL_wheel_speed": 120.096,
    "FR_wheel_speed": 135.7752,
    "RL_wheel_speed": 116.1345,
    "RR_wheel_speed": 133.1898,
    "left_solar": -112,
    "longitudinal_accel": 0.05000000000000071,
    "meanEffTorque": 33.0,
    "odom": 88,
    "odom_speed": 14.0,
    "pedal_cc": 200.0,
    "regen": 0.0,
    "requestedTorqueAfterProc": -342.5,
    "right_solar": 100,
    "steer_corrected": 206.4000000000001,
    "steer_offset_can": -12.599999999999909,
    "steer_raw": 193.80000000000018,
    "transversal_accel": -0.37999999999999545,
    "utime": 315966228560232000
  },
  {
    "FL_wheel_speed": 120.096,
    "FR_wheel_speed": 136.6926,
    "RL_wheel_speed": 115.926,
    "RR_wheel_speed": 133.3983,
    "left_solar": -112,
    "longitudinal_accel": 0.05000000000000071,
    "meanEffTorque": 33.5,
    "odom": 88,
    "odom_speed": 14.0,
    "pedal_cc": 200.0,
    "regen": 0.0,
    "requestedTorqueAfterProc": -342.5,
    "right_solar": 100,
    "steer_corrected": 206.4000000000001,
    "steer_offset_can": -12.599999999999909,
    "steer_raw": 193.80000000000018,
    "transversal_accel": -0.37999999999999545,
    "utime": 315966228659765000
  },
  {
    "FL_wheel_speed": 120.096,
    "FR_wheel_speed": 136.6926,
    "RL_wheel_speed": 115.926,
    "RR_wheel_speed": 133.3983,
    "left_solar": -112,
    "longitudinal_accel": 0.05000000000000071,
    "meanEffTorque": 33.5,
    "odom": 88,
    "odom_speed": 14.0,
    "pedal_cc": 200.0,
    "regen": 0.0,
    "requestedTorqueAfterProc": -342.5,
    "right_solar": 100,
    "steer_corrected": 206.4000000000001,
    "steer_offset_can": -12.599999999999909,
    "steer_raw": 193.80000000000018,
    "transversal_accel": -0.37999999999999545,
    "utime": 315966228759962000
  },
  {
    "FL_wheel_speed": 120.3045,
    "FR_wheel_speed": 136.6926,
    "RL_wheel_speed": 115.926,
    "RR_wheel_speed": 133.3983,
    "left_solar": -112,
    "longitudinal_accel": 0.10000000000000142,
    "meanEffTorque": 34.0,
    "odom": 88,
    "odom_speed": 14.0,
    "pedal_cc": 200.0,
    "regen": 0.0,
    "requestedTorqueAfterProc": -342.5,
    "right_solar": 100,
    "steer_corrected": 206.4000000000001,
    "steer_offset_can": -12.599999999999909,
    "steer_raw": 193.80000000000018,
    "transversal_accel": -0.37999999999999545,
    "utime": 315966228860158000
  },
  {
    "FL_wheel_speed": 120.3045,
    "FR_wheel_speed": 136.6926,
    "RL_wheel_speed": 115.926,
    "RR_wheel_speed": 133.3983,
    "left_solar": -112,
    "longitudinal_accel": 0.10000000000000142,
    "meanEffTorque": 34.5,
    "odom": 88,
    "odom_speed": 14.0,
    "pedal_cc": 200.0,
    "regen": 0.0,
    "requestedTorqueAfterProc": -342.5,
    "right_solar": 100,
    "steer_corrected": 206.4000000000001,
    "steer_offset_can": -12.599999999999909,
    "steer_raw": 193.80000000000018,
    "transversal_accel": -0.37999999999999545,
    "utime": 315966228959691000
  },
  {
    "FL_wheel_speed": 120.3045,
    "FR_wheel_speed": 136.6926,
    "RL_wheel_speed": 115.926,
    "RR_wheel_speed": 133.3983,
    "left_solar": -112,
    "longitudinal_accel": 0.15000000000000036,
    "meanEffTorque": 35.0,
    "odom": 8,
    "odom_speed": 14.0,
    "pedal_cc": 200.0,
    "regen": 0.0,
    "requestedTorqueAfterProc": -342.5,
    "right_solar": 100,
    "steer_corrected": 206.4000000000001,
    "steer_offset_can": -12.599999999999909,
    "steer_raw": 193.80000000000018,
    "transversal_accel": -0.3719999999999857,
    "utime": 315966229059883000
  },
  {
    "FL_wheel_speed": 120.3045,
    "FR_wheel_speed": 136.6926,
    "RL_wheel_speed": 115.926,
    "RR_wheel_speed": 133.3983,
    "left_solar": -112,
    "longitudinal_accel": 0.15000000000000036,
    "meanEffTorque": 35.0,
    "odom": 8,
    "odom_speed": 14.0,
    "pedal_cc": 200.0,
    "regen": 0.0,
    "requestedTorqueAfterProc": -342.5,
    "right_solar": 100,
    "steer_corrected": 206.4000000000001,
    "steer_offset_can": -12.599999999999909,
    "steer_raw": 193.80000000000018,
    "transversal_accel": -0.3719999999999857,
    "utime": 315966229160080000
  },
  {
    "FL_wheel_speed": 120.3045,
    "FR_wheel_speed": 137.1513,
    "RL_wheel_speed": 115.926,
    "RR_wheel_speed": 133.3983,
    "left_solar": -112,
    "longitudinal_accel": 0.10000000000000142,
    "meanEffTorque": 35.5,
    "odom": 8,
    "odom_speed": 14.0,
    "pedal_cc": 199.0,
    "regen": 0.0,
    "requestedTorqueAfterProc": -344.5,
    "right_solar": 100,
    "steer_corrected": 206.4000000000001,
    "steer_offset_can": -12.599999999999909,
    "steer_raw": 193.80000000000018,
    "transversal_accel": -0.3640000000000043,
    "utime": 315966229259613000
  },
  {
    "FL_wheel_speed": 120.3045,
    "FR_wheel_speed": 137.1513,
    "RL_wheel_speed": 116.8434,
    "RR_wheel_speed": 133.8987,
    "left_solar": -112,
    "longitudinal_accel": 0.10000000000000142,
    "meanEffTorque": 35.5,
    "odom": 8,
    "odom_speed": 14.0,
    "pedal_cc": 199.0,
    "regen": 0.0,
    "requestedTorqueAfterProc": -344.5,
    "right_solar": 100,
    "steer_corrected": 206.4000000000001,
    "steer_offset_can": -12.599999999999909,
    "steer_raw": 193.80000000000018,
    "transversal_accel": -0.3640000000000043,
    "utime": 315966229362978000
  },
  {
    "FL_wheel_speed": 120.096,
    "FR_wheel_speed": 137.4015,
    "RL_wheel_speed": 116.8434,
    "RR_wheel_speed": 133.8987,
    "left_solar": -112,
    "longitudinal_accel": 0.10000000000000142,
    "meanEffTorque": 36.0,
    "odom": 8,
    "odom_speed": 14.0,
    "pedal_cc": 199.0,
    "regen": 0.0,
    "requestedTorqueAfterProc": -344.5,
    "right_solar": 100,
    "steer_corrected": 206.4000000000001,
    "steer_offset_can": -12.599999999999909,
    "steer_raw": 193.80000000000018,
    "transversal_accel": -0.36000000000001364,
    "utime": 315966229460006000
  },
  {
    "FL_wheel_speed": 120.096,
    "FR_wheel_speed": 137.4015,
    "RL_wheel_speed": 116.8434,
    "RR_wheel_speed": 133.8987,
    "left_solar": -112,
    "longitudinal_accel": 0.10000000000000142,
    "meanEffTorque": 36.0,
    "odom": 8,
    "odom_speed": 14.0,
    "pedal_cc": 203.0,
    "regen": 0.0,
    "requestedTorqueAfterProc": -342.5,
    "right_solar": 100,
    "steer_corrected": 206.4000000000001,
    "steer_offset_can": -12.599999999999909,
    "steer_raw": 193.80000000000018,
    "transversal_accel": -0.36000000000001364,
    "utime": 315966229559539000
  },
  {
    "FL_wheel_speed": 121.0134,
    "FR_wheel_speed": 137.4015,
    "RL_wheel_speed": 117.0519,
    "RR_wheel_speed": 134.6076,
    "left_solar": -112,
    "longitudinal_accel": 0.15000000000000036,
    "meanEffTorque": 36.5,
    "odom": 8,
    "odom_speed": 14.0,
    "pedal_cc": 203.0,
    "regen": 0.0,
    "requestedTorqueAfterProc": -342.5,
    "right_solar": 100,
    "steer_corrected": 206.4000000000001,
    "steer_offset_can": -12.599999999999909,
    "steer_raw": 193.80000000000018,
    "transversal_accel": -0.35599999999999454,
    "utime": 315966229659735000
  },
  {
    "FL_wheel_speed": 121.0134,
    "FR_wheel_speed": 137.4015,
    "RL_wheel_speed": 117.0519,
    "RR_wheel_speed": 134.6076,
    "left_solar": -112,
    "longitudinal_accel": 0.15000000000000036,
    "meanEffTorque": 37.0,
    "odom": 8,
    "odom_speed": 14.0,
    "pedal_cc": 208.0,
    "regen": 0.0,
    "requestedTorqueAfterProc": -340.5,
    "right_solar": 100,
    "steer_corrected": 206.29999999999973,
    "steer_offset_can": -12.599999999999909,
    "steer_raw": 193.69999999999982,
    "transversal_accel": -0.35599999999999454,
    "utime": 315966229759932000
  },
  {
    "FL_wheel_speed": 120.8049,
    "FR_wheel_speed": 137.6517,
    "RL_wheel_speed": 117.0519,
    "RR_wheel_speed": 134.6076,
    "left_solar": -112,
    "longitudinal_accel": 0.20000000000000107,
    "meanEffTorque": 37.0,
    "odom": 8,
    "odom_speed": 14.0,
    "pedal_cc": 208.0,
    "regen": 0.0,
    "requestedTorqueAfterProc": -340.5,
    "right_solar": 50,
    "steer_corrected": 206.29999999999973,
    "steer_offset_can": -12.599999999999909,
    "steer_raw": 193.69999999999982,
    "transversal_accel": -0.36000000000001364,
    "utime": 315966229860128000
  },
  {
    "FL_wheel_speed": 120.8049,
    "FR_wheel_speed": 137.6517,
    "RL_wheel_speed": 117.0519,
    "RR_wheel_speed": 134.3574,
    "left_solar": -112,
    "longitudinal_accel": 0.20000000000000107,
    "meanEffTorque": 37.5,
    "odom": 8,
    "odom_speed": 14.0,
    "pedal_cc": 208.0,
    "regen": 0.0,
    "requestedTorqueAfterProc": -340.5,
    "right_solar": 50,
    "steer_corrected": 206.29999999999973,
    "steer_offset_can": -12.599999999999909,
    "steer_raw": 193.69999999999982,
    "transversal_accel": -0.36000000000001364,
    "utime": 315966229959661000
  },
  {
    "FL_wheel_speed": 120.8049,
    "FR_wheel_speed": 137.8602,
    "RL_wheel_speed": 117.2604,
    "RR_wheel_speed": 134.8161,
    "left_solar": -112,
    "longitudinal_accel": 0.20000000000000107,
    "meanEffTorque": 38.0,
    "odom": 48,
    "odom_speed": 14.0,
    "pedal_cc": 213.0,
    "regen": 0.0,
    "requestedTorqueAfterProc": -338.5,
    "right_solar": 50,
    "steer_corrected": 206.4000000000001,
    "steer_offset_can": -12.599999999999909,
    "steer_raw": 193.80000000000018,
    "transversal_accel": -0.35599999999999454,
    "utime": 315966230059852000
  },
  {
    "FL_wheel_speed": 120.8049,
    "FR_wheel_speed": 137.8602,
    "RL_wheel_speed": 117.2604,
    "RR_wheel_speed": 134.8161,
    "left_solar": -112,
    "longitudinal_accel": 0.20000000000000107,
    "meanEffTorque": 38.5,
    "odom": 48,
    "odom_speed": 14.0,
    "pedal_cc": 213.0,
    "regen": 0.0,
    "requestedTorqueAfterProc": -338.5,
    "right_solar": 50,
    "steer_corrected": 206.4000000000001,
    "steer_offset_can": -12.599999999999909,
    "steer_raw": 193.80000000000018,
    "transversal_accel": -0.35599999999999454,
    "utime": 315966230160049000
  },
  {
    "FL_wheel_speed": 120.8049,
    "FR_wheel_speed": 137.8602,
    "RL_wheel_speed": 116.8434,
    "RR_wheel_speed": 134.1072,
    "left_solar": -112,
    "longitudinal_accel": 0.20000000000000107,
    "meanEffTorque": 39.0,
    "odom": 48,
    "odom_speed": 14.0,
    "pedal_cc": 219.0,
    "regen": 0.0,
    "requestedTorqueAfterProc": -336.5,
    "right_solar": 50,
    "steer_corrected": 206.4000000000001,
    "steer_offset_can": -12.599999999999909,
    "steer_raw": 193.80000000000018,
    "transversal_accel": -0.3400000000000034,
    "utime": 315966230260245000
  },
  {
    "FL_wheel_speed": 120.8049,
    "FR_wheel_speed": 137.8602,
    "RL_wheel_speed": 116.8434,
    "RR_wheel_speed": 134.1072,
    "left_solar": -112,
    "longitudinal_accel": 0.20000000000000107,
    "meanEffTorque": 39.5,
    "odom": 48,
    "odom_speed": 14.0,
    "pedal_cc": 223.0,
    "regen": 0.0,
    "requestedTorqueAfterProc": -336.5,
    "right_solar": 50,
    "steer_corrected": 206.4000000000001,
    "steer_offset_can": -12.599999999999909,
    "steer_raw": 193.80000000000018,
    "transversal_accel": -0.3400000000000034,
    "utime": 315966230359778000
  },
  {
    "FL_wheel_speed": 120.096,
    "FR_wheel_speed": 138.5274,
    "RL_wheel_speed": 116.8434,
    "RR_wheel_speed": 134.1072,
    "left_solar": -112,
    "longitudinal_accel": 0.20000000000000107,
    "meanEffTorque": 40.0,
    "odom": 48,
    "odom_speed": 14.0,
    "pedal_cc": 226.0,
    "regen": 0.0,
    "requestedTorqueAfterProc": -334.5,
    "right_solar": 50,
    "steer_corrected": 206.4000000000001,
    "steer_offset_can": -12.599999999999909,
    "steer_raw": 193.80000000000018,
    "transversal_accel": -0.3439999999999941,
    "utime": 315966230459975000
  },
  {
    "FL_wheel_speed": 120.096,
    "FR_wheel_speed": 138.5274,
    "RL_wheel_speed": 117.2604,
    "RR_wheel_speed": 135.0663,
    "left_solar": -112,
    "longitudinal_accel": 0.20000000000000107,
    "meanEffTorque": 40.5,
    "odom": 48,
    "odom_speed": 14.0,
    "pedal_cc": 229.0,
    "regen": 0.0,
    "requestedTorqueAfterProc": -334.5,
    "right_solar": 50,
    "steer_corrected": 206.4000000000001,
    "steer_offset_can": -12.599999999999909,
    "steer_raw": 193.80000000000018,
    "transversal_accel": -0.3439999999999941,
    "utime": 315966230560171000
  },
  {
    "FL_wheel_speed": 121.2636,
    "FR_wheel_speed": 138.7776,
    "RL_wheel_speed": 116.8434,
    "RR_wheel_speed": 134.8161,
    "left_solar": -112,
    "longitudinal_accel": 0.15000000000000036,
    "meanEffTorque": 41.0,
    "odom": 48,
    "odom_speed": 14.0,
    "pedal_cc": 232.0,
    "regen": 0.0,
    "requestedTorqueAfterProc": -334.5,
    "right_solar": 50,
    "steer_corrected": 206.4000000000001,
    "steer_offset_can": -12.599999999999909,
    "steer_raw": 193.80000000000018,
    "transversal_accel": -0.35599999999999454,
    "utime": 315966230659704000
  },
  {
    "FL_wheel_speed": 121.2636,
    "FR_wheel_speed": 138.7776,
    "RL_wheel_speed": 116.8434,
    "RR_wheel_speed": 134.8161,
    "left_solar": -112,
    "longitudinal_accel": 0.15000000000000036,
    "meanEffTorque": 41.5,
    "odom": 48,
    "odom_speed": 14.0,
    "pedal_cc": 232.0,
    "regen": 0.0,
    "requestedTorqueAfterProc": -334.5,
    "right_solar": 50,
    "steer_corrected": 206.4000000000001,
    "steer_offset_can": -12.599999999999909,
    "steer_raw": 193.80000000000018,
    "transversal_accel": -0.35599999999999454,
    "utime": 315966230759900000
  },
  {
    "FL_wheel_speed": 122.6814,
    "FR_wheel_speed": 138.1104,
    "RL_wheel_speed": 116.8434,
    "RR_wheel_speed": 134.8161,
    "left_solar": -112,
    "longitudinal_accel": 0.10000000000000142,
    "meanEffTorque": 42.0,
    "odom": 48,
    "odom_speed": 14.0,
    "pedal_cc": 232.0,
    "regen": 0.0,
    "requestedTorqueAfterProc": -334.5,
    "right_solar": 50,
    "steer_corrected": 206.4000000000001,
    "steer_offset_can": -12.599999999999909,
    "steer_raw": 193.80000000000018,
    "transversal_accel": -0.3480000000000132,
    "utime": 315966230860097000
  },
  {
    "FL_wheel_speed": 122.6814,
    "FR_wheel_speed": 138.1104,
    "RL_wheel_speed": 117.7608,
    "RR_wheel_speed": 134.8161,
    "left_solar": -112,
    "longitudinal_accel": 0.10000000000000142,
    "meanEffTorque": 42.5,
    "odom": 48,
    "odom_speed": 14.0,
    "pedal_cc": 236.0,
    "regen": 0.0,
    "requestedTorqueAfterProc": -332.5,
    "right_solar": 50,
    "steer_corrected": 206.4000000000001,
    "steer_offset_can": -12.599999999999909,
    "steer_raw": 193.80000000000018,
    "transversal_accel": -0.3480000000000132,
    "utime": 315966230959630000
  },
  {
    "FL_wheel_speed": 121.9725,
    "FR_wheel_speed": 139.2363,
    "RL_wheel_speed": 117.7608,
    "RR_wheel_speed": 134.8161,
    "left_solar": -112,
    "longitudinal_accel": 0.20000000000000107,
    "meanEffTorque": 43.5,
    "odom": 92,
    "odom_speed": 14.0,
    "pedal_cc": 236.0,
    "regen": 0.0,
    "requestedTorqueAfterProc": -332.5,
    "right_solar": 50,
    "steer_corrected": 206.4000000000001,
    "steer_offset_can": -12.599999999999909,
    "steer_raw": 193.80000000000018,
    "transversal_accel": -0.3480000000000132,
    "utime": 315966231059822000
  },
  {
    "FL_wheel_speed": 121.9725,
    "FR_wheel_speed": 139.2363,
    "RL_wheel_speed": 117.7608,
    "RR_wheel_speed": 135.2748,
    "left_solar": -112,
    "longitudinal_accel": 0.20000000000000107,
    "meanEffTorque": 43.5,
    "odom": 92,
    "odom_speed": 14.0,
    "pedal_cc": 236.0,
    "regen": 0.0,
    "requestedTorqueAfterProc": -332.5,
    "right_solar": 50,
    "steer_corrected": 206.4000000000001,
    "steer_offset_can": -12.599999999999909,
    "steer_raw": 193.80000000000018,
    "transversal_accel": -0.3480000000000132,
    "utime": 315966231160019000
  },
  {
    "FL_wheel_speed": 122.6814,
    "FR_wheel_speed": 139.4865,
    "RL_wheel_speed": 117.9693,
    "RR_wheel_speed": 135.525,
    "left_solar": -112,
    "longitudinal_accel": 0.05000000000000071,
    "meanEffTorque": 44.0,
    "odom": 92,
    "odom_speed": 14.0,
    "pedal_cc": 236.0,
    "regen": 0.0,
    "requestedTorqueAfterProc": -332.5,
    "right_solar": 50,
    "steer_corrected": 206.4000000000001,
    "steer_offset_can": -12.599999999999909,
    "steer_raw": 193.80000000000018,
    "transversal_accel": -0.35599999999999454,
    "utime": 315966231259552000
  },
  {
    "FL_wheel_speed": 122.6814,
    "FR_wheel_speed": 139.4865,
    "RL_wheel_speed": 117.9693,
    "RR_wheel_speed": 135.525,
    "left_solar": -112,
    "longitudinal_accel": 0.05000000000000071,
    "meanEffTorque": 44.5,
    "odom": 92,
    "odom_speed": 14.0,
    "pedal_cc": 236.0,
    "regen": 0.0,
    "requestedTorqueAfterProc": -332.5,
    "right_solar": 50,
    "steer_corrected": 206.4000000000001,
    "steer_offset_can": -12.599999999999909,
    "steer_raw": 193.80000000000018,
    "transversal_accel": -0.35599999999999454,
    "utime": 315966231359748000
  },
  {
    "FL_wheel_speed": 122.8899,
    "FR_wheel_speed": 138.7776,
    "RL_wheel_speed": 117.9693,
    "RR_wheel_speed": 135.525,
    "left_solar": -112,
    "longitudinal_accel": 0.15000000000000036,
    "meanEffTorque": 45.0,
    "odom": 92,
    "odom_speed": 14.0,
    "pedal_cc": 236.0,
    "regen": 0.0,
    "requestedTorqueAfterProc": -332.5,
    "right_solar": 50,
    "steer_corrected": 206.4000000000001,
    "steer_offset_can": -12.599999999999909,
    "steer_raw": 193.80000000000018,
    "transversal_accel": -0.35599999999999454,
    "utime": 315966231459945000
  },
  {
    "FL_wheel_speed": 122.8899,
    "FR_wheel_speed": 138.7776,
    "RL_wheel_speed": 118.2195,
    "RR_wheel_speed": 135.9837,
    "left_solar": -112,
    "longitudinal_accel": 0.15000000000000036,
    "meanEffTorque": 45.5,
    "odom": 92,
    "odom_speed": 14.0,
    "pedal_cc": 236.0,
    "regen": 0.0,
    "requestedTorqueAfterProc": -332.5,
    "right_solar": 50,
    "steer_corrected": 206.4000000000001,
    "steer_offset_can": -12.599999999999909,
    "steer_raw": 193.80000000000018,
    "transversal_accel": -0.35599999999999454,
    "utime": 315966231559477000
  },
  {
    "FL_wheel_speed": 122.6814,
    "FR_wheel_speed": 139.9452,
    "RL_wheel_speed": 118.2195,
    "RR_wheel_speed": 136.2339,
    "left_solar": -112,
    "longitudinal_accel": 0.25,
    "meanEffTorque": 46.0,
    "odom": 92,
    "odom_speed": 14.0,
    "pedal_cc": 236.0,
    "regen": 0.0,
    "requestedTorqueAfterProc": -332.5,
    "right_solar": 50,
    "steer_corrected": 206.4000000000001,
    "steer_offset_can": -12.599999999999909,
    "steer_raw": 193.80000000000018,
    "transversal_accel": -0.35599999999999454,
    "utime": 315966231659674000
  },
  {
    "FL_wheel_speed": 122.6814,
    "FR_wheel_speed": 139.9452,
    "RL_wheel_speed": 118.2195,
    "RR_wheel_speed": 136.2339,
    "left_solar": -112,
    "longitudinal_accel": 0.25,
    "meanEffTorque": 46.0,
    "odom": 92,
    "odom_speed": 14.0,
    "pedal_cc": 236.0,
    "regen": 0.0,
    "requestedTorqueAfterProc": -332.5,
    "right_solar": 50,
    "steer_corrected": 206.4000000000001,
    "steer_offset_can": -12.599999999999909,
    "steer_raw": 193.80000000000018,
    "transversal_accel": -0.35599999999999454,
    "utime": 315966231759870000
  },
  {
    "FL_wheel_speed": 122.8899,
    "FR_wheel_speed": 140.4039,
    "RL_wheel_speed": 118.2195,
    "RR_wheel_speed": 136.2339,
    "left_solar": -112,
    "longitudinal_accel": 0.25,
    "meanEffTorque": 46.5,
    "odom": 92,
    "odom_speed": 14.0,
    "pedal_cc": 236.0,
    "regen": 0.0,
    "requestedTorqueAfterProc": -332.5,
    "right_solar": 50,
    "steer_corrected": 206.4000000000001,
    "steer_offset_can": -12.599999999999909,
    "steer_raw": 193.80000000000018,
    "transversal_accel": -0.3640000000000043,
    "utime": 315966231860067000
  },
  {
    "FL_wheel_speed": 122.8899,
    "FR_wheel_speed": 140.4039,
    "RL_wheel_speed": 119.3871,
    "RR_wheel_speed": 136.6926,
    "left_solar": -112,
    "longitudinal_accel": 0.25,
    "meanEffTorque": 46.5,
    "odom": 92,
    "odom_speed": 14.0,
    "pedal_cc": 236.0,
    "regen": 0.0,
    "requestedTorqueAfterProc": -332.5,
    "right_solar": 50,
    "steer_corrected": 206.4000000000001,
    "steer_offset_can": -12.599999999999909,
    "steer_raw": 193.80000000000018,
    "transversal_accel": -0.3640000000000043,
    "utime": 315966231959600000
  },
  {
    "FL_wheel_speed": 121.7223,
    "FR_wheel_speed": 139.9452,
    "RL_wheel_speed": 118.9284,
    "RR_wheel_speed": 137.1513,
    "left_solar": -112,
    "longitudinal_accel": 0.25,
    "meanEffTorque": 47.0,
    "odom": 12,
    "odom_speed": 15.0,
    "pedal_cc": 236.0,
    "regen": 0.0,
    "requestedTorqueAfterProc": -332.5,
    "right_solar": 50,
    "steer_corrected": 206.4000000000001,
    "steer_offset_can": -12.599999999999909,
    "steer_raw": 193.80000000000018,
    "transversal_accel": -0.3640000000000043,
    "utime": 315966232059792000
  },
  {
    "FL_wheel_speed": 124.0575,
    "FR_wheel_speed": 140.86260000000001,
    "RL_wheel_speed": 118.9284,
    "RR_wheel_speed": 137.1513,
    "left_solar": -112,
    "longitudinal_accel": 0.25,
    "meanEffTorque": 47.5,
    "odom": 12,
    "odom_speed": 15.0,
    "pedal_cc": 236.0,
    "regen": 0.0,
    "requestedTorqueAfterProc": -332.5,
    "right_solar": 50,
    "steer_corrected": 206.4000000000001,
    "steer_offset_can": -12.599999999999909,
    "steer_raw": 193.80000000000018,
    "transversal_accel": -0.38800000000000523,
    "utime": 315966232159989000
  },
  {
    "FL_wheel_speed": 124.0575,
    "FR_wheel_speed": 140.86260000000001,
    "RL_wheel_speed": 119.8458,
    "RR_wheel_speed": 137.1513,
    "left_solar": -112,
    "longitudinal_accel": 0.25,
    "meanEffTorque": 47.5,
    "odom": 12,
    "odom_speed": 15.0,
    "pedal_cc": 236.0,
    "regen": 0.0,
    "requestedTorqueAfterProc": -332.5,
    "right_solar": 50,
    "steer_corrected": 206.4000000000001,
    "steer_offset_can": -12.599999999999909,
    "steer_raw": 193.80000000000018,
    "transversal_accel": -0.38800000000000523,
    "utime": 315966232259522000
  },
  {
    "FL_wheel_speed": 125.7255,
    "FR_wheel_speed": 139.9452,
    "RL_wheel_speed": 120.096,
    "RR_wheel_speed": 137.6517,
    "left_solar": -112,
    "longitudinal_accel": 0.15000000000000036,
    "meanEffTorque": 48.0,
    "odom": 12,
    "odom_speed": 15.0,
    "pedal_cc": 236.0,
    "regen": 0.0,
    "requestedTorqueAfterProc": -332.5,
    "right_solar": 50,
    "steer_corrected": 206.4000000000001,
    "steer_offset_can": -12.599999999999909,
    "steer_raw": 193.80000000000018,
    "transversal_accel": -0.38399999999998613,
    "utime": 315966232359718000
  },
  {
    "FL_wheel_speed": 125.7255,
    "FR_wheel_speed": 139.9452,
    "RL_wheel_speed": 120.096,
    "RR_wheel_speed": 137.6517,
    "left_solar": -112,
    "longitudinal_accel": 0.15000000000000036,
    "meanEffTorque": 48.0,
    "odom": 12,
    "odom_speed": 15.0,
    "pedal_cc": 236.0,
    "regen": 0.0,
    "requestedTorqueAfterProc": -332.5,
    "right_solar": 50,
    "steer_corrected": 206.4000000000001,
    "steer_offset_can": -12.599999999999909,
    "steer_raw": 193.80000000000018,
    "transversal_accel": -0.38399999999998613,
    "utime": 315966232459915000
  },
  {
    "FL_wheel_speed": 124.3077,
    "FR_wheel_speed": 140.6541,
    "RL_wheel_speed": 120.5547,
    "RR_wheel_speed": 137.8602,
    "left_solar": -112,
    "longitudinal_accel": 0.3000000000000007,
    "meanEffTorque": 48.0,
    "odom": 12,
    "odom_speed": 15.0,
    "pedal_cc": 236.0,
    "regen": 0.0,
    "requestedTorqueAfterProc": -332.5,
    "right_solar": 50,
    "steer_corrected": 206.4000000000001,
    "steer_offset_can": -12.599999999999909,
    "steer_raw": 193.80000000000018,
    "transversal_accel": -0.3919999999999959,
    "utime": 315966232560111000
  },
  {
    "FL_wheel_speed": 124.3077,
    "FR_wheel_speed": 140.6541,
    "RL_wheel_speed": 120.5547,
    "RR_wheel_speed": 137.8602,
    "left_solar": -112,
    "longitudinal_accel": 0.3000000000000007,
    "meanEffTorque": 48.5,
    "odom": 12,
    "odom_speed": 15.0,
    "pedal_cc": 236.0,
    "regen": 0.0,
    "requestedTorqueAfterProc": -332.5,
    "right_solar": 50,
    "steer_corrected": 206.4000000000001,
    "steer_offset_can": -12.599999999999909,
    "steer_raw": 193.80000000000018,
    "transversal_accel": -0.3919999999999959,
    "utime": 315966232659644000
  },
  {
    "FL_wheel_speed": 124.7664,
    "FR_wheel_speed": 142.28040000000001,
    "RL_wheel_speed": 120.5547,
    "RR_wheel_speed": 137.8602,
    "left_solar": -112,
    "longitudinal_accel": 0.3500000000000014,
    "meanEffTorque": 48.5,
    "odom": 12,
    "odom_speed": 15.0,
    "pedal_cc": 236.0,
    "regen": 0.0,
    "requestedTorqueAfterProc": -332.5,
    "right_solar": 50,
    "steer_corrected": 206.4000000000001,
    "steer_offset_can": -12.599999999999909,
    "steer_raw": 193.80000000000018,
    "transversal_accel": -0.41200000000000614,
    "utime": 315966232759840000
  },
  {
    "FL_wheel_speed": 124.7664,
    "FR_wheel_speed": 142.28040000000001,
    "RL_wheel_speed": 121.2636,
    "RR_wheel_speed": 137.8602,
    "left_solar": -112,
    "longitudinal_accel": 0.3500000000000014,
    "meanEffTorque": 48.5,
    "odom": 12,
    "odom_speed": 15.0,
    "pedal_cc": 236.0,
    "regen": 0.0,
    "requestedTorqueAfterProc": -332.5,
    "right_solar": 50,
    "steer_corrected": 206.4000000000001,
    "steer_offset_can": -12.599999999999909,
    "steer_raw": 193.80000000000018,
    "transversal_accel": -0.41200000000000614,
    "utime": 315966232860037000
  },
  {
    "FL_wheel_speed": 125.0166,
    "FR_wheel_speed": 141.363,
    "RL_wheel_speed": 121.2636,
    "RR_wheel_speed": 137.8602,
    "left_solar": -112,
    "longitudinal_accel": 0.3500000000000014,
    "meanEffTorque": 48.5,
    "odom": 52,
    "odom_speed": 15.0,
    "pedal_cc": 236.0,
    "regen": 0.0,
    "requestedTorqueAfterProc": -332.5,
    "right_solar": 50,
    "steer_corrected": 206.29999999999973,
    "steer_offset_can": -12.599999999999909,
    "steer_raw": 193.69999999999982,
    "transversal_accel": -0.38800000000000523,
    "utime": 315966232960233000
  },
  {
    "FL_wheel_speed": 125.0166,
    "FR_wheel_speed": 141.363,
    "RL_wheel_speed": 121.2636,
    "RR_wheel_speed": 138.9861,
    "left_solar": -112,
    "longitudinal_accel": 0.3500000000000014,
    "meanEffTorque": 49.0,
    "odom": 52,
    "odom_speed": 15.0,
    "pedal_cc": 236.0,
    "regen": 0.0,
    "requestedTorqueAfterProc": -332.5,
    "right_solar": 50,
    "steer_corrected": 206.29999999999973,
    "steer_offset_can": -12.599999999999909,
    "steer_raw": 193.69999999999982,
    "transversal_accel": -0.38800000000000523,
    "utime": 315966233059762000
  },
  {
    "FL_wheel_speed": 123.849,
    "FR_wheel_speed": 142.7391,
    "RL_wheel_speed": 121.2636,
    "RR_wheel_speed": 138.9861,
    "left_solar": -112,
    "longitudinal_accel": 0.5,
    "meanEffTorque": 49.0,
    "odom": 52,
    "odom_speed": 15.0,
    "pedal_cc": 236.0,
    "regen": 0.0,
    "requestedTorqueAfterProc": -332.5,
    "right_solar": 50,
    "steer_corrected": 206.29999999999973,
    "steer_offset_can": -12.599999999999909,
    "steer_raw": 193.69999999999982,
    "transversal_accel": -0.38399999999998613,
    "utime": 315966233159959000
  },
  {
    "FL_wheel_speed": 123.849,
    "FR_wheel_speed": 142.7391,
    "RL_wheel_speed": 121.5138,
    "RR_wheel_speed": 138.7776,
    "left_solar": -112,
    "longitudinal_accel": 0.5,
    "meanEffTorque": 49.0,
    "odom": 52,
    "odom_speed": 15.0,
    "pedal_cc": 236.0,
    "regen": 0.0,
    "requestedTorqueAfterProc": -332.5,
    "right_solar": 50,
    "steer_corrected": 206.19999999999982,
    "steer_offset_can": -12.599999999999909,
    "steer_raw": 193.5999999999999,
    "transversal_accel": -0.38399999999998613,
    "utime": 315966233260155000
  },
  {
    "FL_wheel_speed": 125.0166,
    "FR_wheel_speed": 143.448,
    "RL_wheel_speed": 121.7223,
    "RR_wheel_speed": 139.2363,
    "left_solar": -112,
    "longitudinal_accel": 0.5,
    "meanEffTorque": 49.0,
    "odom": 52,
    "odom_speed": 15.0,
    "pedal_cc": 236.0,
    "regen": 0.0,
    "requestedTorqueAfterProc": -332.5,
    "right_solar": 50,
    "steer_corrected": 206.19999999999982,
    "steer_offset_can": -12.599999999999909,
    "steer_raw": 193.5999999999999,
    "transversal_accel": -0.3760000000000048,
    "utime": 315966233359688000
  },
  {
    "FL_wheel_speed": 125.0166,
    "FR_wheel_speed": 143.448,
    "RL_wheel_speed": 121.7223,
    "RR_wheel_speed": 139.2363,
    "left_solar": -112,
    "longitudinal_accel": 0.5,
    "meanEffTorque": 49.0,
    "odom": 52,
    "odom_speed": 15.0,
    "pedal_cc": 236.0,
    "regen": 0.0,
    "requestedTorqueAfterProc": -332.5,
    "right_solar": 50,
    "steer_corrected": 206.0999999999999,
    "steer_offset_can": -12.599999999999909,
    "steer_raw": 193.5,
    "transversal_accel": -0.3760000000000048,
    "utime": 315966233459884000
  },
  {
    "FL_wheel_speed": 125.934,
    "FR_wheel_speed": 140.86260000000001,
    "RL_wheel_speed": 121.5138,
    "RR_wheel_speed": 139.9452,
    "left_solar": -112,
    "longitudinal_accel": 0.5,
    "meanEffTorque": 49.5,
    "odom": 52,
    "odom_speed": 15.0,
    "pedal_cc": 239.0,
    "regen": 0.0,
    "requestedTorqueAfterProc": -332.5,
    "right_solar": 50,
    "steer_corrected": 206.0,
    "steer_offset_can": -12.599999999999909,
    "steer_raw": 193.4000000000001,
    "transversal_accel": -0.36000000000001364,
    "utime": 315966233560081000
  },
  {
    "FL_wheel_speed": 125.934,
    "FR_wheel_speed": 140.86260000000001,
    "RL_wheel_speed": 121.5138,
    "RR_wheel_speed": 139.9452,
    "left_solar": -112,
    "longitudinal_accel": 0.5,
    "meanEffTorque": 49.5,
    "odom": 52,
    "odom_speed": 15.0,
    "pedal_cc": 239.0,
    "regen": 0.0,
    "requestedTorqueAfterProc": -332.5,
    "right_solar": 50,
    "steer_corrected": 205.9000000000001,
    "steer_offset_can": -12.599999999999909,
    "steer_raw": 193.30000000000018,
    "transversal_accel": -0.36000000000001364,
    "utime": 315966233659614000
  },
  {
    "FL_wheel_speed": 125.934,
    "FR_wheel_speed": 143.2395,
    "RL_wheel_speed": 121.5138,
    "RR_wheel_speed": 139.9452,
    "left_solar": -112,
    "longitudinal_accel": 0.45000000000000107,
    "meanEffTorque": 49.5,
    "odom": 52,
    "odom_speed": 15.0,
    "pedal_cc": 238.0,
    "regen": 0.0,
    "requestedTorqueAfterProc": -332.5,
    "right_solar": 50,
    "steer_corrected": 205.9000000000001,
    "steer_offset_can": -12.599999999999909,
    "steer_raw": 193.30000000000018,
    "transversal_accel": -0.35599999999999454,
    "utime": 315966233759810000
  },
  {
    "FL_wheel_speed": 125.934,
    "FR_wheel_speed": 143.2395,
    "RL_wheel_speed": 121.7223,
    "RR_wheel_speed": 139.695,
    "left_solar": -112,
    "longitudinal_accel": 0.45000000000000107,
    "meanEffTorque": 50.0,
    "odom": 52,
    "odom_speed": 15.0,
    "pedal_cc": 242.0,
    "regen": 0.0,
    "requestedTorqueAfterProc": -330.5,
    "right_solar": 50,
    "steer_corrected": 205.79999999999973,
    "steer_offset_can": -12.599999999999909,
    "steer_raw": 193.19999999999982,
    "transversal_accel": -0.35599999999999454,
    "utime": 315966233860007000
  },
  {
    "FL_wheel_speed": 124.7664,
    "FR_wheel_speed": 145.5747,
    "RL_wheel_speed": 121.7223,
    "RR_wheel_speed": 139.695,
    "left_solar": -112,
    "longitudinal_accel": 0.25,
    "meanEffTorque": 50.0,
    "odom": 96,
    "odom_speed": 15.0,
    "pedal_cc": 246.0,
    "regen": 0.0,
    "requestedTorqueAfterProc": -330.5,
    "right_solar": 50,
    "steer_corrected": 205.79999999999973,
    "steer_offset_can": -12.599999999999909,
    "steer_raw": 193.19999999999982,
    "transversal_accel": -0.3640000000000043,
    "utime": 315966233959540000
  },
  {
    "FL_wheel_speed": 124.7664,
    "FR_wheel_speed": 145.5747,
    "RL_wheel_speed": 121.9725,
    "RR_wheel_speed": 140.1954,
    "left_solar": -112,
    "longitudinal_accel": 0.25,
    "meanEffTorque": 50.5,
    "odom": 96,
    "odom_speed": 15.0,
    "pedal_cc": 249.0,
    "regen": 0.0,
    "requestedTorqueAfterProc": -328.5,
    "right_solar": 50,
    "steer_corrected": 205.79999999999973,
    "steer_offset_can": -12.599999999999909,
    "steer_raw": 193.19999999999982,
    "transversal_accel": -0.3640000000000043,
    "utime": 315966234059732000
  },
  {
    "FL_wheel_speed": 125.7255,
    "FR_wheel_speed": 144.1569,
    "RL_wheel_speed": 122.181,
    "RR_wheel_speed": 140.4039,
    "left_solar": -112,
    "longitudinal_accel": 0.3500000000000014,
    "meanEffTorque": 50.5,
    "odom": 96,
    "odom_speed": 15.0,
    "pedal_cc": 249.0,
    "regen": 0.0,
    "requestedTorqueAfterProc": -328.5,
    "right_solar": 50,
    "steer_corrected": 205.5999999999999,
    "steer_offset_can": -12.599999999999909,
    "steer_raw": 193.0,
    "transversal_accel": -0.33199999999999363,
    "utime": 315966234159929000
  },
  {
    "FL_wheel_speed": 125.7255,
    "FR_wheel_speed": 144.1569,
    "RL_wheel_speed": 122.181,
    "RR_wheel_speed": 140.4039,
    "left_solar": -112,
    "longitudinal_accel": 0.3500000000000014,
    "meanEffTorque": 51.0,
    "odom": 96,
    "odom_speed": 15.0,
    "pedal_cc": 252.0,
    "regen": 0.0,
    "requestedTorqueAfterProc": -328.5,
    "right_solar": 50,
    "steer_corrected": 205.5,
    "steer_offset_can": -12.599999999999909,
    "steer_raw": 192.9000000000001,
    "transversal_accel": -0.33199999999999363,
    "utime": 315966234260125000
  },
  {
    "FL_wheel_speed": 127.1433,
    "FR_wheel_speed": 143.6982,
    "RL_wheel_speed": 122.6814,
    "RR_wheel_speed": 140.1954,
    "left_solar": -112,
    "longitudinal_accel": 0.3500000000000014,
    "meanEffTorque": 51.0,
    "odom": 96,
    "odom_speed": 15.0,
    "pedal_cc": 252.0,
    "regen": 0.0,
    "requestedTorqueAfterProc": -328.5,
    "right_solar": 50,
    "steer_corrected": 205.4000000000001,
    "steer_offset_can": -12.599999999999909,
    "steer_raw": 192.80000000000018,
    "transversal_accel": -0.3120000000000118,
    "utime": 315966234359658000
  },
  {
    "FL_wheel_speed": 127.1433,
    "FR_wheel_speed": 143.6982,
    "RL_wheel_speed": 122.6814,
    "RR_wheel_speed": 140.1954,
    "left_solar": -112,
    "longitudinal_accel": 0.3500000000000014,
    "meanEffTorque": 51.5,
    "odom": 96,
    "odom_speed": 15.0,
    "pedal_cc": 252.0,
    "regen": 0.0,
    "requestedTorqueAfterProc": -328.5,
    "right_solar": 50,
    "steer_corrected": 205.29999999999973,
    "steer_offset_can": -12.599999999999909,
    "steer_raw": 192.69999999999982,
    "transversal_accel": -0.3120000000000118,
    "utime": 315966234459854000
  }
]