[
  {
    "FL_wheel_speed": 125.0166,
    "FR_wheel_speed": 137.1513,
    "RL_wheel_speed": 123.5988,
    "RR_wheel_speed": 135.9837,
    "left_solar": -112,
    "longitudinal_accel": -0.09999999999999964,
    "meanEffTorque": 8.0,
    "odom": 48,
    "odom_speed": 15.0,
    "pedal_cc": 92.0,
    "regen": 0.0,
    "requestedTorqueAfterProc": -376.5,
    "right_solar": 100,
    "steer_corrected": 156.5999999999999,
    "steer_offset_can": -12.599999999999909,
    "steer_raw": 144.0,
    "transversal_accel": -0.3760000000000048,
    "utime": 315972365160091000
  },
  {
    "FL_wheel_speed": 125.0166,
    "FR_wheel_speed": 137.1513,
    "RL_wheel_speed": 123.3903,
    "RR_wheel_speed": 136.2339,
    "left_solar": -112,
    "longitudinal_accel": -0.09999999999999964,
    "meanEffTorque": 8.0,
    "odom": 48,
    "odom_speed": 15.0,
    "pedal_cc": 92.0,
    "regen": 0.0,
    "requestedTorqueAfterProc": -376.5,
    "right_solar": 100,
    "steer_corrected": 157.29999999999973,
    "steer_offset_can": -12.599999999999909,
    "steer_raw": 144.69999999999982,
    "transversal_accel": -0.3760000000000048,
    "utime": 315972365259624000
  },
  {
    "FL_wheel_speed": 125.2668,
    "FR_wheel_speed": 137.6517,
    "RL_wheel_speed": 123.3903,
    "RR_wheel_speed": 136.2339,
    "left_solar": -112,
    "longitudinal_accel": -0.14999999999999858,
    "meanEffTorque": 7.5,
    "odom": 88,
    "odom_speed": 15.0,
    "pedal_cc": 92.0,
    "regen": 0.0,
    "requestedTorqueAfterProc": -376.5,
    "right_solar": 100,
    "steer_corrected": 158.29999999999973,
    "steer_offset_can": -12.599999999999909,
    "steer_raw": 145.69999999999982,
    "transversal_accel": -0.3640000000000043,
    "utime": 315972365359820000
  },
  {
    "FL_wheel_speed": 125.2668,
    "FR_wheel_speed": 137.6517,
    "RL_wheel_speed": 122.8899,
    "RR_wheel_speed": 135.525,
    "left_solar": -112,
    "longitudinal_accel": -0.14999999999999858,
    "meanEffTorque": 7.5,
    "odom": 88,
    "odom_speed": 15.0,
    "pedal_cc": 92.0,
    "regen": 0.0,
    "requestedTorqueAfterProc": -376.5,
    "right_solar": 100,
    "steer_corrected": 159.19999999999982,
    "steer_offset_can": -12.599999999999909,
    "steer_raw": 146.5999999999999,
    "transversal_accel": -0.3640000000000043,
    "utime": 315972365460017000
  },
  {
    "FL_wheel_speed": 124.3077,
    "FR_wheel_speed": 137.6517,
    "RL_wheel_speed": 122.8899,
    "RR_wheel_speed": 135.7752,
    "left_solar": -112,
    "longitudinal_accel": -0.1999999999999993,
    "meanEffTorque": 7.5,
    "odom": 88,
    "odom_speed": 15.0,
    "pedal_cc": 92.0,
    "regen": 0.0,
    "requestedTorqueAfterProc": -376.5,
    "right_solar": 100,
    "steer_corrected": 160.0999999999999,
    "steer_offset_can": -12.599999999999909,
    "steer_raw": 147.5,
    "transversal_accel": -0.36000000000001364,
    "utime": 315972365559549000
  },
  {
    "FL_wheel_speed": 124.3077,
    "FR_wheel_speed": 137.6517,
    "RL_wheel_speed": 122.8899,
    "RR_wheel_speed": 135.7752,
    "left_solar": -112,
    "longitudinal_accel": -0.1999999999999993,
    "meanEffTorque": 7.5,
    "odom": 88,
    "odom_speed": 15.0,
    "pedal_cc": 92.0,
    "regen": 0.0,
    "requestedTorqueAfterProc": -376.5,
    "right_solar": 100,
    "steer_corrected": 161.0,
    "steer_offset_can": -12.599999999999909,
    "steer_raw": 148.4000000000001,
    "transversal_accel": -0.36000000000001364,
    "utime": 315972365659746000
  },
  {
    "FL_wheel_speed": 124.5579,
    "FR_wheel_speed": 137.1513,
    "RL_wheel_speed": 122.181,
    "RR_wheel_speed": 135.2748,
    "left_solar": -112,
    "longitudinal_accel": -0.14999999999999858,
    "meanEffTorque": 7.5,
    "odom": 88,
    "odom_speed": 15.0,
    "pedal_cc": 92.0,
    "regen": 0.0,
    "requestedTorqueAfterProc": -376.5,
    "right_solar": 100,
    "steer_corrected": 161.9000000000001,
    "steer_offset_can": -12.599999999999909,
    "steer_raw": 149.30000000000018,
    "transversal_accel": -0.35599999999999454,
    "utime": 315972365759942000
  },
  {
    "FL_wheel_speed": 124.5579,
    "FR_wheel_speed": 137.1513,
    "RL_wheel_speed": 122.181,
    "RR_wheel_speed": 135.2748,
    "left_solar": -112,
    "longitudinal_accel": -0.14999999999999858,
    "meanEffTorque": 7.5,
    "odom": 88,
    "odom_speed": 15.0,
    "pedal_cc": 92.0,
    "regen": 0.0,
    "requestedTorqueAfterProc": -376.5,
    "right_solar": 100,
    "steer_corrected": 162.79999999999973,
    "steer_offset_can": -12.599999999999909,
    "steer_raw": 150.19999999999982,
    "transversal_accel": -0.35599999999999454,
    "utime": 315972365860138000
  },
  {
    "FL_wheel_speed": 124.7664,
    "FR_wheel_speed": 137.1513,
    "RL_wheel_speed": 122.181,
    "RR_wheel_speed": 135.2748,
    "left_solar": -112,
    "longitudinal_accel": -0.14999999999999858,
    "meanEffTorque": 7.0,
    "odom": 88,
    "odom_speed": 15.0,
    "pedal_cc": 92.0,
    "regen": 0.0,
    "requestedTorqueAfterProc": -376.5,
    "right_solar": 100,
    "steer_corrected": 163.5999999999999,
    "steer_offset_can": -12.599999999999909,
    "steer_raw": 151.0,
    "transversal_accel": -0.35599999999999454,
    "utime": 315972365959671000
  },
  {
    "FL_wheel_speed": 124.7664,
    "FR_wheel_speed": 137.1513,
    "RL_wheel_speed": 122.181,
    "RR_wheel_speed": 135.0663,
    "left_solar": -112,
    "longitudinal_accel": -0.14999999999999858,
    "meanEffTorque": 7.0,
    "odom": 88,
    "odom_speed": 15.0,
    "pedal_cc": 92.0,
    "regen": 0.0,
    "requestedTorqueAfterProc": -376.5,
    "right_solar": 100,
    "steer_corrected": 164.4000000000001,
    "steer_offset_can": -12.599999999999909,
    "steer_raw": 151.80000000000018,
    "transversal_accel": -0.35599999999999454,
    "utime": 315972366059851000
  },
  {
    "FL_wheel_speed": 123.849,
    "FR_wheel_speed": 137.4015,
    "RL_wheel_speed": 122.181,
    "RR_wheel_speed": 135.0663,
    "left_solar": -112,
    "longitudinal_accel": -0.09999999999999964,
    "meanEffTorque": 7.0,
    "odom": 88,
    "odom_speed": 15.0,
    "pedal_cc": 92.0,
    "regen": 0.0,
    "requestedTorqueAfterProc": -376.5,
    "right_solar": 100,
    "steer_corrected": 165.29999999999973,
    "steer_offset_can": -12.599999999999909,
    "steer_raw": 152.69999999999982,
    "transversal_accel": -0.35599999999999454,
    "utime": 315972366160047000
  },
  {
    "FL_wheel_speed": 123.849,
    "FR_wheel_speed": 137.4015,
    "RL_wheel_speed": 121.9725,
    "RR_wheel_speed": 134.8161,
    "left_solar": -112,
    "longitudinal_accel": -0.09999999999999964,
    "meanEffTorque": 7.0,
    "odom": 88,
    "odom_speed": 15.0,
    "pedal_cc": 92.0,
    "regen": 0.0,
    "requestedTorqueAfterProc": -376.5,
    "right_solar": 100,
    "steer_corrected": 166.29999999999973,
    "steer_offset_can": -12.599999999999909,
    "steer_raw": 153.69999999999982,
    "transversal_accel": -0.35599999999999454,
    "utime": 315972366259580000
  },
  {
    "FL_wheel_speed": 123.3903,
    "FR_wheel_speed": 137.1513,
    "RL_wheel_speed": 121.9725,
    "RR_wheel_speed": 134.8161,
    "left_solar": -112,
    "longitudinal_accel": -0.14999999999999858,
    "meanEffTorque": 7.0,
    "odom": 8,
    "odom_speed": 14.0,
    "pedal_cc": 92.0,
    "regen": 0.0,
    "requestedTorqueAfterProc": -376.5,
    "right_solar": 100,
    "steer_corrected": 167.19999999999982,
    "steer_offset_can": -12.599999999999909,
    "steer_raw": 154.5999999999999,
    "transversal_accel": -0.35599999999999454,
    "utime": 315972366359776000
  },
  {
    "FL_wheel_speed": 123.3903,
    "FR_wheel_speed": 137.1513,
    "RL_wheel_speed": 121.7223,
    "RR_wheel_speed": 135.0663,
    "left_solar": -112,
    "longitudinal_accel": -0.14999999999999858,
    "meanEffTorque": 7.0,
    "odom": 8,
    "odom_speed": 14.0,
    "pedal_cc": 92.0,
    "regen": 0.0,
    "requestedTorqueAfterProc": -376.5,
    "right_solar": 100,
    "steer_corrected": 168.0999999999999,
    "steer_offset_can": -12.599999999999909,
    "steer_raw": 155.5,
    "transversal_accel": -0.35599999999999454,
    "utime": 315972366459972000
  },
  {
    "FL_wheel_speed": 123.5988,
    "FR_wheel_speed": 136.6926,
    "RL_wheel_speed": 121.7223,
    "RR_wheel_speed": 135.0663,
    "left_solar": -112,
    "longitudinal_accel": -0.25,
    "meanEffTorque": 7.0,
    "odom": 8,
    "odom_speed": 14.0,
    "pedal_cc": 92.0,
    "regen": 0.0,
    "requestedTorqueAfterProc": -376.5,
    "right_solar": 100,
    "steer_corrected": 169.0,
    "steer_offset_can": -12.599999999999909,
    "steer_raw": 156.4000000000001,
    "transversal_accel": -0.3439999999999941,
    "utime": 315972366560169000
  },
  {
    "FL_wheel_speed": 123.5988,
    "FR_wheel_speed": 136.6926,
    "RL_wheel_speed": 121.2636,
    "RR_wheel_speed": 135.0663,
    "left_solar": -112,
    "longitudinal_accel": -0.25,
    "meanEffTorque": 7.0,
    "odom": 8,
    "odom_speed": 14.0,
    "pedal_cc": 92.0,
    "regen": 0.0,
    "requestedTorqueAfterProc": -376.5,
    "right_solar": 100,
    "steer_corrected": 170.0,
    "steer_offset_can": -12.599999999999909,
    "steer_raw": 157.4000000000001,
    "transversal_accel": -0.3439999999999941,
    "utime": 315972366659701000
  },
  {
    "FL_wheel_speed": 123.849,
    "FR_wheel_speed": 136.6926,
    "RL_wheel_speed": 121.2636,
    "RR_wheel_speed": 135.0663,
    "left_solar": -112,
    "longitudinal_accel": -0.25,
    "meanEffTorque": 7.0,
    "odom": 8,
    "odom_speed": 14.0,
    "pedal_cc": 92.0,
    "regen": 0.0,
    "requestedTorqueAfterProc": -376.5,
    "right_solar": 100,
    "steer_corrected": 171.0,
    "steer_offset_can": -12.599999999999909,
    "steer_raw": 158.4000000000001,
    "transversal_accel": -0.33600000000001273,
    "utime": 315972366759898000
  },
  {
    "FL_wheel_speed": 123.849,
    "FR_wheel_speed": 136.6926,
    "RL_wheel_speed": 121.2636,
    "RR_wheel_speed": 135.0663,
    "left_solar": -112,
    "longitudinal_accel": -0.25,
    "meanEffTorque": 6.5,
    "odom": 8,
    "odom_speed": 14.0,
    "pedal_cc": 92.0,
    "regen": 0.0,
    "requestedTorqueAfterProc": -376.5,
    "right_solar": 100,
    "steer_corrected": 171.69999999999982,
    "steer_offset_can": -12.599999999999909,
    "steer_raw": 159.0999999999999,
    "transversal_accel": -0.33600000000001273,
    "utime": 315972366860094000
  },
  {
    "FL_wheel_speed": 123.3903,
    "FR_wheel_speed": 137.1513,
    "RL_wheel_speed": 121.2636,
    "RR_wheel_speed": 135.0663,
    "left_solar": -112,
    "longitudinal_accel": -0.14999999999999858,
    "meanEffTorque": 6.5,
    "odom": 8,
    "odom_speed": 14.0,
    "pedal_cc": 92.0,
    "regen": 0.0,
    "requestedTorqueAfterProc": -376.5,
    "right_solar": 100,
    "steer_corrected": 172.69999999999982,
    "steer_offset_can": -12.599999999999909,
    "steer_raw": 160.0999999999999,
    "transversal_accel": -0.3400000000000034,
    "utime": 315972366960290000
  },
  {
    "FL_wheel_speed": 123.3903,
    "FR_wheel_speed": 137.1513,
    "RL_wheel_speed": 121.0134,
    "RR_wheel_speed": 134.8161,
    "left_solar": -112,
    "longitudinal_accel": -0.14999999999999858,
    "meanEffTorque": 6.5,
    "odom": 8,
    "odom_speed": 14.0,
    "pedal_cc": 92.0,
    "regen": 0.0,
    "requestedTorqueAfterProc": -376.5,
    "right_solar": 100,
    "steer_corrected": 173.5999999999999,
    "steer_offset_can": -12.599999999999909,
    "steer_raw": 161.0,
    "transversal_accel": -0.3400000000000034,
    "utime": 315972367059807000
  },
  {
    "FL_wheel_speed": 123.1401,
    "FR_wheel_speed": 137.1513,
    "RL_wheel_speed": 121.0134,
    "RR_wheel_speed": 134.8161,
    "left_solar": -112,
    "longitudinal_accel": -0.25,
    "meanEffTorque": 6.5,
    "odom": 8,
    "odom_speed": 14.0,
    "pedal_cc": 92.0,
    "regen": 0.0,
    "requestedTorqueAfterProc": -376.5,
    "right_solar": 100,
    "steer_corrected": 174.5,
    "steer_offset_can": -12.599999999999909,
    "steer_raw": 161.9000000000001,
    "transversal_accel": -0.3400000000000034,
    "utime": 315972367160004000
  },
  {
    "FL_wheel_speed": 123.1401,
    "FR_wheel_speed": 137.1513,
    "RL_wheel_speed": 120.8049,
    "RR_wheel_speed": 135.0663,
    "left_solar": -112,
    "longitudinal_accel": -0.25,
    "meanEffTorque": 6.5,
    "odom": 8,
    "odom_speed": 14.0,
    "pedal_cc": 92.0,
    "regen": 0.0,
    "requestedTorqueAfterProc": -376.5,
    "right_solar": 100,
    "steer_corrected": 175.4000000000001,
    "steer_offset_can": -12.599999999999909,
    "steer_raw": 162.80000000000018,
    "transversal_accel": -0.3400000000000034,
    "utime": 315972367260200000
  },
  {
    "FL_wheel_speed": 123.3903,
    "FR_wheel_speed": 137.1513,
    "RL_wheel_speed": 120.8049,
    "RR_wheel_speed": 135.0663,
    "left_solar": -112,
    "longitudinal_accel": -0.29999999999999893,
    "meanEffTorque": 6.5,
    "odom": 48,
    "odom_speed": 14.0,
    "pedal_cc": 92.0,
    "regen": 0.0,
    "requestedTorqueAfterProc": -376.5,
    "right_solar": 100,
    "steer_corrected": 176.19999999999982,
    "steer_offset_can": -12.599999999999909,
    "steer_raw": 163.5999999999999,
    "transversal_accel": -0.32800000000000296,
    "utime": 315972367359733000
  },
  {
    "FL_wheel_speed": 123.3903,
    "FR_wheel_speed": 137.1513,
    "RL_wheel_speed": 120.5547,
    "RR_wheel_speed": 134.6076,
    "left_solar": -112,
    "longitudinal_accel": -0.29999999999999893,
    "meanEffTorque": 6.5,
    "odom": 48,
    "odom_speed": 14.0,
    "pedal_cc": 92.0,
    "regen": 0.0,
    "requestedTorqueAfterProc": -376.5,
    "right_solar": 100,
    "steer_corrected": 177.0,
    "steer_offset_can": -12.599999999999909,
    "steer_raw": 164.4000000000001,
    "transversal_accel": -0.32800000000000296,
    "utime": 315972367459929000
  },
  {
    "FL_wheel_speed": 122.8899,
    "FR_wheel_speed": 137.4015,
    "RL_wheel_speed": 120.3045,
    "RR_wheel_speed": 134.6076,
    "left_solar": -112,
    "longitudinal_accel": -0.25,
    "meanEffTorque": 6.5,
    "odom": 48,
    "odom_speed": 14.0,
    "pedal_cc": 92.0,
    "regen": 0.0,
    "requestedTorqueAfterProc": -376.5,
    "right_solar": 100,
    "steer_corrected": 177.9000000000001,
    "steer_offset_can": -12.599999999999909,
    "steer_raw": 165.30000000000018,
    "transversal_accel": -0.32800000000000296,
    "utime": 315972367560125000
  },
  {
    "FL_wheel_speed": 122.8899,
    "FR_wheel_speed": 137.4015,
    "RL_wheel_speed": 120.3045,
    "RR_wheel_speed": 134.6076,
    "left_solar": -112,
    "longitudinal_accel": -0.25,
    "meanEffTorque": 6.5,
    "odom": 48,
    "odom_speed": 14.0,
    "pedal_cc": 92.0,
    "regen": 0.0,
    "requestedTorqueAfterProc": -376.5,
    "right_solar": 100,
    "steer_corrected": 178.5,
    "steer_offset_can": -12.599999999999909,
    "steer_raw": 165.9000000000001,
    "transversal_accel": -0.32800000000000296,
    "utime": 315972367659658000
  },
  {
    "FL_wheel_speed": 122.4312,
    "FR_wheel_speed": 136.6926,
    "RL_wheel_speed": 119.8458,
    "RR_wheel_speed": 134.6076,
    "left_solar": -112,
    "longitudinal_accel": -0.14999999999999858,
    "meanEffTorque": 6.5,
    "odom": 48,
    "odom_speed": 14.0,
    "pedal_cc": 92.0,
    "regen": 0.0,
    "requestedTorqueAfterProc": -376.5,
    "right_solar": 100,
    "steer_corrected": 179.29999999999973,
    "steer_offset_can": -12.599999999999909,
    "steer_raw": 166.69999999999982,
    "transversal_accel": -0.3199999999999932,
    "utime": 315972367759855000
  },
  {
    "FL_wheel_speed": 122.4312,
    "FR_wheel_speed": 136.6926,
    "RL_wheel_speed": 119.8458,
    "RR_wheel_speed": 134.6076,
    "left_solar": -112,
    "longitudinal_accel": -0.14999999999999858,
    "meanEffTorque": 6.5,
    "odom": 48,
    "odom_speed": 14.0,
    "pedal_cc": 92.0,
    "regen": 0.0,
    "requestedTorqueAfterProc": -376.5,
    "right_solar": 100,
    "steer_corrected": 180.0999999999999,
    "steer_offset_can": -12.599999999999909,
    "steer_raw": 167.5,
    "transversal_accel": -0.3199999999999932,
    "utime": 315972367860051000
  },
  {
    "FL_wheel_speed": 122.6814,
    "FR_wheel_speed": 137.1513,
    "RL_wheel_speed": 119.6373,
    "RR_wheel_speed": 134.3574,
    "left_solar": -112,
    "longitudinal_accel": -0.14999999999999858,
    "meanEffTorque": 6.5,
    "odom": 48,
    "odom_speed": 14.0,
    "pedal_cc": 92.0,
    "regen": 0.0,
    "requestedTorqueAfterProc": -376.5,
    "right_solar": 100,
    "steer_corrected": 180.9000000000001,
    "steer_offset_can": -12.599999999999909,
    "steer_raw": 168.30000000000018,
    "transversal_accel": -0.3240000000000123,
    "utime": 315972367959584000
  },
  {
    "FL_wheel_speed": 122.6814,
    "FR_wheel_speed": 137.1513,
    "RL_wheel_speed": 119.6373,
    "RR_wheel_speed": 134.3574,
    "left_solar": -112,
    "longitudinal_accel": -0.14999999999999858,
    "meanEffTorque": 6.5,
    "odom": 48,
    "odom_speed": 14.0,
    "pedal_cc": 92.0,
    "regen": 0.0,
    "requestedTorqueAfterProc": -376.5,
    "right_solar": 100,
    "steer_corrected": 181.5999999999999,
    "steer_offset_can": -12.599999999999909,
    "steer_raw": 169.0,
    "transversal_accel": -0.3240000000000123,
    "utime": 315972368059764000
  },
  {
    "FL_wheel_speed": 122.181,
    "FR_wheel_speed": 136.9428,
    "RL_wheel_speed": 119.6373,
    "RR_wheel_speed": 134.3574,
    "left_solar": -112,
    "longitudinal_accel": -0.25,
    "meanEffTorque": 6.5,
    "odom": 48,
    "odom_speed": 14.0,
    "pedal_cc": 92.0,
    "regen": 0.0,
    "requestedTorqueAfterProc": -376.5,
    "right_solar": 100,
    "steer_corrected": 182.4000000000001,
    "steer_offset_can": -12.599999999999909,
    "steer_raw": 169.80000000000018,
    "transversal_accel": -0.33199999999999363,
    "utime": 315972368159960000
  },
  {
    "FL_wheel_speed": 122.181,
    "FR_wheel_speed": 136.9428,
    "RL_wheel_speed": 119.3871,
    "RR_wheel_speed": 134.3574,
    "left_solar": -112,
    "longitudinal_accel": -0.25,
    "meanEffTorque": 6.5,
    "odom": 48,
    "odom_speed": 14.0,
    "pedal_cc": 92.0,
    "regen": 0.0,
    "requestedTorqueAfterProc": -376.5,
    "right_solar": 100,
    "steer_corrected": 183.0999999999999,
    "steer_offset_can": -12.599999999999909,
    "steer_raw": 170.5,
    "transversal_accel": -0.33199999999999363,
    "utime": 315972368260157000
  },
  {
    "FL_wheel_speed": 122.181,
    "FR_wheel_speed": 136.4841,
    "RL_wheel_speed": 119.3871,
    "RR_wheel_speed": 134.3574,
    "left_solar": -112,
    "longitudinal_accel": -0.25,
    "meanEffTorque": 6.5,
    "odom": 88,
    "odom_speed": 14.0,
    "pedal_cc": 98.0,
    "regen": 0.0,
    "requestedTorqueAfterProc": -374.5,
    "right_solar": 100,
    "steer_corrected": 183.9000000000001,
    "steer_offset_can": -12.599999999999909,
    "steer_raw": 171.30000000000018,
    "transversal_accel": -0.33199999999999363,
    "utime": 315972368359689000
  },
  {
    "FL_wheel_speed": 122.181,
    "FR_wheel_speed": 136.4841,
    "RL_wheel_speed": 118.9284,
    "RR_wheel_speed": 134.3574,
    "left_solar": -112,
    "longitudinal_accel": -0.25,
    "meanEffTorque": 6.5,
    "odom": 88,
    "odom_speed": 14.0,
    "pedal_cc": 98.0,
    "regen": 0.0,
    "requestedTorqueAfterProc": -374.5,
    "right_solar": 100,
    "steer_corrected": 184.5999999999999,
    "steer_offset_can": -12.599999999999909,
    "steer_raw": 172.0,
    "transversal_accel": -0.33199999999999363,
    "utime": 315972368459886000
  },
  {
    "FL_wheel_speed": 122.181,
    "FR_wheel_speed": 136.4841,
    "RL_wheel_speed": 118.6782,
    "RR_wheel_speed": 133.8987,
    "left_solar": -112,
    "longitudinal_accel": -0.25,
    "meanEffTorque": 6.5,
    "odom": 88,
    "odom_speed": 14.0,
    "pedal_cc": 98.0,
    "regen": 0.0,
    "requestedTorqueAfterProc": -374.5,
    "right_solar": 100,
    "steer_corrected": 185.19999999999982,
    "steer_offset_can": -12.599999999999909,
    "steer_raw": 172.5999999999999,
    "transversal_accel": -0.33199999999999363,
    "utime": 315972368560082000
  },
  {
    "FL_wheel_speed": 122.181,
    "FR_wheel_speed": 136.4841,
    "RL_wheel_speed": 118.6782,
    "RR_wheel_speed": 133.8987,
    "left_solar": -112,
    "longitudinal_accel": -0.25,
    "meanEffTorque": 7.0,
    "odom": 88,
    "odom_speed": 14.0,
    "pedal_cc": 98.0,
    "regen": 0.0,
    "requestedTorqueAfterProc": -374.5,
    "right_solar": 100,
    "steer_corrected": 186.0,
    "steer_offset_can": -12.599999999999909,
    "steer_raw": 173.4000000000001,
    "transversal_accel": -0.33199999999999363,
    "utime": 315972368659615000
  },
  {
    "FL_wheel_speed": 121.5138,
    "FR_wheel_speed": 136.4841,
    "RL_wheel_speed": 118.6782,
    "RR_wheel_speed": 133.8987,
    "left_solar": -112,
    "longitudinal_accel": -0.29999999999999893,
    "meanEffTorque": 7.0,
    "odom": 88,
    "odom_speed": 14.0,
    "pedal_cc": 98.0,
    "regen": 0.0,
    "requestedTorqueAfterProc": -374.5,
    "right_solar": 100,
    "steer_corrected": 186.5999999999999,
    "steer_offset_can": -12.599999999999909,
    "steer_raw": 174.0,
    "transversal_accel": -0.3400000000000034,
    "utime": 315972368759811000
  },
  {
    "FL_wheel_speed": 121.5138,
    "FR_wheel_speed": 136.4841,
    "RL_wheel_speed": 118.428,
    "RR_wheel_speed": 134.3574,
    "left_solar": -112,
    "longitudinal_accel": -0.29999999999999893,
    "meanEffTorque": 7.0,
    "odom": 88,
    "odom_speed": 14.0,
    "pedal_cc": 103.0,
    "regen": 0.0,
    "requestedTorqueAfterProc": -374.5,
    "right_solar": 100,
    "steer_corrected": 187.29999999999973,
    "steer_offset_can": -12.599999999999909,
    "steer_raw": 174.69999999999982,
    "transversal_accel": -0.3400000000000034,
    "utime": 315972368860008000
  },
  {
    "FL_wheel_speed": 121.5138,
    "FR_wheel_speed": 136.4841,
    "RL_wheel_speed": 118.2195,
    "RR_wheel_speed": 133.8987,
    "left_solar": -112,
    "longitudinal_accel": -0.29999999999999893,
    "meanEffTorque": 7.0,
    "odom": 88,
    "odom_speed": 14.0,
    "pedal_cc": 103.0,
    "regen": 0.0,
    "requestedTorqueAfterProc": -374.5,
    "right_solar": 100,
    "steer_corrected": 188.0,
    "steer_offset_can": -12.599999999999909,
    "steer_raw": 175.4000000000001,
    "transversal_accel": -0.3439999999999941,
    "utime": 315972368960204000
  },
  {
    "FL_wheel_speed": 121.5138,
    "FR_wheel_speed": 136.4841,
    "RL_wheel_speed": 118.2195,
    "RR_wheel_speed": 133.8987,
    "left_solar": -112,
    "longitudinal_accel": -0.29999999999999893,
    "meanEffTorque": 7.5,
    "odom": 88,
    "odom_speed": 14.0,
    "pedal_cc": 103.0,
    "regen": 0.0,
    "requestedTorqueAfterProc": -374.5,
    "right_solar": 100,
    "steer_corrected": 188.5999999999999,
    "steer_offset_can": -12.599999999999909,
    "steer_raw": 176.0,
    "transversal_accel": -0.3439999999999941,
    "utime": 315972369059720000
  },
  {
    "FL_wheel_speed": 121.5138,
    "FR_wheel_speed": 136.2339,
    "RL_wheel_speed": 118.2195,
    "RR_wheel_speed": 133.8987,
    "left_solar": -112,
    "longitudinal_accel": -0.25,
    "meanEffTorque": 7.5,
    "odom": 88,
    "odom_speed": 14.0,
    "pedal_cc": 103.0,
    "regen": 0.0,
    "requestedTorqueAfterProc": -374.5,
    "right_solar": 100,
    "steer_corrected": 189.29999999999973,
    "steer_offset_can": -12.599999999999909,
    "steer_raw": 176.69999999999982,
    "transversal_accel": -0.3439999999999941,
    "utime": 315972369159916000
  },
  {
    "FL_wheel_speed": 121.5138,
    "FR_wheel_speed": 136.2339,
    "RL_wheel_speed": 117.9693,
    "RR_wheel_speed": 133.8987,
    "left_solar": -112,
    "longitudinal_accel": -0.25,
    "meanEffTorque": 7.5,
    "odom": 88,
    "odom_speed": 14.0,
    "pedal_cc": 103.0,
    "regen": 0.0,
    "requestedTorqueAfterProc": -374.5,
    "right_solar": 100,
    "steer_corrected": 190.0,
    "steer_offset_can": -12.599999999999909,
    "steer_raw": 177.4000000000001,
    "transversal_accel": -0.3439999999999941,
    "utime": 315972369260112000
  },
  {
    "FL_wheel_speed": 121.0134,
    "FR_wheel_speed": 136.4841,
    "RL_wheel_speed": 117.9693,
    "RR_wheel_speed": 133.8987,
    "left_solar": -112,
    "longitudinal_accel": -0.25,
    "meanEffTorque": 8.0,
    "odom": 8,
    "odom_speed": 14.0,
    "pedal_cc": 103.0,
    "regen": 0.0,
    "requestedTorqueAfterProc": -374.5,
    "right_solar": 100,
    "steer_corrected": 190.5999999999999,
    "steer_offset_can": -12.599999999999909,
    "steer_raw": 178.0,
    "transversal_accel": -0.3480000000000132,
    "utime": 315972369359645000
  },
  {
    "FL_wheel_speed": 121.0134,
    "FR_wheel_speed": 136.4841,
    "RL_wheel_speed": 117.5106,
    "RR_wheel_speed": 133.6485,
    "left_solar": -112,
    "longitudinal_accel": -0.25,
    "meanEffTorque": 8.0,
    "odom": 8,
    "odom_speed": 14.0,
    "pedal_cc": 103.0,
    "regen": 0.0,
    "requestedTorqueAfterProc": -374.5,
    "right_solar": 100,
    "steer_corrected": 191.29999999999973,
    "steer_offset_can": -12.599999999999909,
    "steer_raw": 178.69999999999982,
    "transversal_accel": -0.3480000000000132,
    "utime": 315972369459842000
  },
  {
    "FL_wheel_speed": 121.0134,
    "FR_wheel_speed": 136.2339,
    "RL_wheel_speed": 117.5106,
    "RR_wheel_speed": 133.6485,
    "left_solar": -112,
    "longitudinal_accel": -0.25,
    "meanEffTorque": 8.0,
    "odom": 8,
    "odom_speed": 14.0,
    "pedal_cc": 107.0,
    "regen": 0.0,
    "requestedTorqueAfterProc": -372.5,
    "right_solar": 100,
    "steer_corrected": 191.9000000000001,
    "steer_offset_can": -12.599999999999909,
    "steer_raw": 179.30000000000018,
    "transversal_accel": -0.35599999999999454,
    "utime": 315972369560038000
  },
  {
    "FL_wheel_speed": 121.0134,
    "FR_wheel_speed": 136.2339,
    "RL_wheel_speed": 117.5106,
    "RR_wheel_speed": 133.6485,
    "left_solar": -112,
    "longitudinal_accel": -0.25,
    "meanEffTorque": 8.5,
    "odom": 8,
    "odom_speed": 14.0,
    "pedal_cc": 107.0,
    "regen": 0.0,
    "requestedTorqueAfterProc": -372.5,
    "right_solar": 100,
    "steer_corrected": 192.69999999999982,
    "steer_offset_can": -12.599999999999909,
    "steer_raw": 180.0999999999999,
    "transversal_accel": -0.35599999999999454,
    "utime": 315972369659571000
  },
  {
    "FL_wheel_speed": 121.7223,
    "FR_wheel_speed": 135.9837,
    "RL_wheel_speed": 117.2604,
    "RR_wheel_speed": 133.1898,
    "left_solar": -112,
    "longitudinal_accel": -0.25,
    "meanEffTorque": 8.5,
    "odom": 8,
    "odom_speed": 14.0,
    "pedal_cc": 112.0,
    "regen": 0.0,
    "requestedTorqueAfterProc": -370.5,
    "right_solar": 100,
    "steer_corrected": 193.4000000000001,
    "steer_offset_can": -12.599999999999909,
    "steer_raw": 180.80000000000018,
    "transversal_accel": -0.35599999999999454,
    "utime": 315972369759767000
  },
  {
    "FL_wheel_speed": 121.7223,
    "FR_wheel_speed": 135.9837,
    "RL_wheel_speed": 117.2604,
    "RR_wheel_speed": 133.1898,
    "left_solar": -112,
    "longitudinal_accel": -0.25,
    "meanEffTorque": 9.0,
    "odom": 8,
    "odom_speed": 14.0,
    "pedal_cc": 112.0,
    "regen": 0.0,
    "requestedTorqueAfterProc": -370.5,
    "right_solar": 100,
    "steer_corrected": 194.0,
    "steer_offset_can": -12.599999999999909,
    "steer_raw": 181.4000000000001,
    "transversal_accel": -0.35599999999999454,
    "utime": 315972369859963000
  },
  {
    "FL_wheel_speed": 121.2636,
    "FR_wheel_speed": 135.7752,
    "RL_wheel_speed": 117.2604,
    "RR_wheel_speed": 133.3983,
    "left_solar": -112,
    "longitudinal_accel": -0.1999999999999993,
    "meanEffTorque": 9.0,
    "odom": 8,
    "odom_speed": 14.0,
    "pedal_cc": 117.0,
    "regen": 0.0,
    "requestedTorqueAfterProc": -368.5,
    "right_solar": 100,
    "steer_corrected": 194.5999999999999,
    "steer_offset_can": -12.599999999999909,
    "steer_raw": 182.0,
    "transversal_accel": -0.36000000000001364,
    "utime": 315972369960160000
  },
  {
    "FL_wheel_speed": 121.2636,
    "FR_wheel_speed": 135.7752,
    "RL_wheel_speed": 117.2604,
    "RR_wheel_speed": 133.3983,
    "left_solar": -112,
    "longitudinal_accel": -0.1999999999999993,
    "meanEffTorque": 9.5,
    "odom": 8,
    "odom_speed": 14.0,
    "pedal_cc": 121.0,
    "regen": 0.0,
    "requestedTorqueAfterProc": -368.5,
    "right_solar": 100,
    "steer_corrected": 195.4000000000001,
    "steer_offset_can": -12.599999999999909,
    "steer_raw": 182.80000000000018,
    "transversal_accel": -0.36000000000001364,
    "utime": 315972370059676000
  },
  {
    "FL_wheel_speed": 120.3045,
    "FR_wheel_speed": 135.9837,
    "RL_wheel_speed": 117.2604,
    "RR_wheel_speed": 133.3983,
    "left_solar": -112,
    "longitudinal_accel": -0.14999999999999858,
    "meanEffTorque": 10.0,
    "odom": 8,
    "odom_speed": 14.0,
    "pedal_cc": 121.0,
    "regen": 0.0,
    "requestedTorqueAfterProc": -368.5,
    "right_solar": 100,
    "steer_corrected": 196.0999999999999,
    "steer_offset_can": -12.599999999999909,
    "steer_raw": 183.5,
    "transversal_accel": -0.3640000000000043,
    "utime": 315972370159873000
  },
  {
    "FL_wheel_speed": 120.3045,
    "FR_wheel_speed": 135.9837,
    "RL_wheel_speed": 117.2604,
    "RR_wheel_speed": 133.3983,
    "left_solar": -112,
    "longitudinal_accel": -0.14999999999999858,
    "meanEffTorque": 10.0,
    "odom": 8,
    "odom_speed": 14.0,
    "pedal_cc": 126.0,
    "regen": 0.0,
    "requestedTorqueAfterProc": -366.5,
    "right_solar": 100,
    "steer_corrected": 196.5999999999999,
    "steer_offset_can": -12.599999999999909,
    "steer_raw": 184.0,
    "transversal_accel": -0.3640000000000043,
    "utime": 315972370260069000
  },
  {
    "FL_wheel_speed": 119.8458,
    "FR_wheel_speed": 135.9837,
    "RL_wheel_speed": 117.2604,
    "RR_wheel_speed": 133.3983,
    "left_solar": -112,
    "longitudinal_accel": -0.1999999999999993,
    "meanEffTorque": 10.5,
    "odom": 52,
    "odom_speed": 14.0,
    "pedal_cc": 126.0,
    "regen": 0.0,
    "requestedTorqueAfterProc": -366.5,
    "right_solar": 100,
    "steer_corrected": 197.19999999999982,
    "steer_offset_can": -12.599999999999909,
    "steer_raw": 184.5999999999999,
    "transversal_accel": -0.3640000000000043,
    "utime": 315972370359602000
  },
  {
    "FL_wheel_speed": 119.8458,
    "FR_wheel_speed": 135.9837,
    "RL_wheel_speed": 117.0519,
    "RR_wheel_speed": 133.3983,
    "left_solar": -112,
    "longitudinal_accel": -0.1999999999999993,
    "meanEffTorque": 11.0,
    "odom": 52,
    "odom_speed": 14.0,
    "pedal_cc": 126.0,
    "regen": 0.0,
    "requestedTorqueAfterProc": -366.5,
    "right_solar": 100,
    "steer_corrected": 197.9000000000001,
    "steer_offset_can": -12.599999999999909,
    "steer_raw": 185.30000000000018,
    "transversal_accel": -0.3640000000000043,
    "utime": 315972370459798000
  },
  {
    "FL_wheel_speed": 120.5547,
    "FR_wheel_speed": 135.7752,
    "RL_wheel_speed": 117.0519,
    "RR_wheel_speed": 133.3983,
    "left_solar": -112,
    "longitudinal_accel": -0.25,
    "meanEffTorque": 11.5,
    "odom": 52,
    "odom_speed": 14.0,
    "pedal_cc": 130.0,
    "regen": 0.0,
    "requestedTorqueAfterProc": -364.5,
    "right_solar": 100,
    "steer_corrected": 198.4000000000001,
    "steer_offset_can": -12.599999999999909,
    "steer_raw": 185.80000000000018,
    "transversal_accel": -0.35599999999999454,
    "utime": 315972370559995000
  },
  {
    "FL_wheel_speed": 120.5547,
    "FR_wheel_speed": 135.7752,
    "RL_wheel_speed": 116.8434,
    "RR_wheel_speed": 133.3983,
    "left_solar": -112,
    "longitudinal_accel": -0.25,
    "meanEffTorque": 12.0,
    "odom": 52,
    "odom_speed": 14.0,
    "pedal_cc": 130.0,
    "regen": 0.0,
    "requestedTorqueAfterProc": -364.5,
    "right_solar": 100,
    "steer_corrected": 199.0,
    "steer_offset_can": -12.599999999999909,
    "steer_raw": 186.4000000000001,
    "transversal_accel": -0.35599999999999454,
    "utime": 315972370660191000
  },
  {
    "FL_wheel_speed": 119.8458,
    "FR_wheel_speed": 135.9837,
    "RL_wheel_speed": 116.8434,
    "RR_wheel_speed": 133.3983,
    "left_solar": -112,
    "longitudinal_accel": -0.25,
    "meanEffTorque": 12.0,
    "odom": 52,
    "odom_speed": 14.0,
    "pedal_cc": 130.0,
    "regen": 0.0,
    "requestedTorqueAfterProc": -364.5,
    "right_solar": 100,
    "steer_corrected": 199.5,
    "steer_offset_can": -12.599999999999909,
    "steer_raw": 186.9000000000001,
    "transversal_accel": -0.35599999999999454,
    "utime": 315972370759724000
  },
  {
    "FL_wheel_speed": 119.8458,
    "FR_wheel_speed": 135.9837,
    "RL_wheel_speed": 116.38470000000001,
    "RR_wheel_speed": 133.3983,
    "left_solar": -112,
    "longitudinal_accel": -0.25,
    "meanEffTorque": 12.5,
    "odom": 52,
    "odom_speed": 14.0,
    "pedal_cc": 130.0,
    "regen": 0.0,
    "requestedTorqueAfterProc": -364.5,
    "right_solar": 100,
    "steer_corrected": 200.0999999999999,
    "steer_offset_can": -12.599999999999909,
    "steer_raw": 187.5,
    "transversal_accel": -0.35599999999999454,
    "utime": 315972370859920000
  },
  {
    "FL_wheel_speed": 120.096,
    "FR_wheel_speed": 135.9837,
    "RL_wheel_speed": 116.38470000000001,
    "RR_wheel_speed": 133.1898,
    "left_solar": -112,
    "longitudinal_accel": -0.25,
    "meanEffTorque": 13.0,
    "odom": 52,
    "odom_speed": 14.0,
    "pedal_cc": 130.0,
    "regen": 0.0,
    "requestedTorqueAfterProc": -364.5,
    "right_solar": 100,
    "steer_corrected": 200.5999999999999,
    "steer_offset_can": -12.599999999999909,
    "steer_raw": 188.0,
    "transversal_accel": -0.3640000000000043,
    "utime": 315972370960116000
  },
  {
    "FL_wheel_speed": 120.096,
    "FR_wheel_speed": 135.9837,
    "RL_wheel_speed": 116.38470000000001,
    "RR_wheel_speed": 133.1898,
    "left_solar": -112,
    "longitudinal_accel": -0.25,
    "meanEffTorque": 13.5,
    "odom": 52,
    "odom_speed": 14.0,
    "pedal_cc": 136.0,
    "regen": 0.0,
    "requestedTorqueAfterProc": -362.5,
    "right_solar": 100,
    "steer_corrected": 201.0,
    "steer_offset_can": -12.599999999999909,
    "steer_raw": 188.4000000000001,
    "transversal_accel": -0.3640000000000043,
    "utime": 315972371059632000
  },
  {
    "FL_wheel_speed": 120.3045,
    "FR_wheel_speed": 135.525,
    "RL_wheel_speed": 116.38470000000001,
    "RR_wheel_speed": 133.1898,
    "left_solar": -112,
    "longitudinal_accel": -0.25,
    "meanEffTorque": 14.0,
    "odom": 52,
    "odom_speed": 14.0,
    "pedal_cc": 141.0,
    "regen": 0.0,
    "requestedTorqueAfterProc": -362.5,
    "right_solar": 100,
    "steer_corrected": 201.4000000000001,
    "steer_offset_can": -12.599999999999909,
    "steer_raw": 188.80000000000018,
    "transversal_accel": -0.3640000000000043,
    "utime": 315972371159829000
  },
  {
    "FL_wheel_speed": 120.3045,
    "FR_wheel_speed": 135.525,
    "RL_wheel_speed": 116.38470000000001,
    "RR_wheel_speed": 132.9396,
    "left_solar": -112,
    "longitudinal_accel": -0.25,
    "meanEffTorque": 14.5,
    "odom": 52,
    "odom_speed": 14.0,
    "pedal_cc": 145.0,
    "regen": 0.0,
    "requestedTorqueAfterProc": -360.5,
    "right_solar": 100,
    "steer_corrected": 202.0,
    "steer_offset_can": -12.599999999999909,
    "steer_raw": 189.4000000000001,
    "transversal_accel": -0.3640000000000043,
    "utime": 315972371260025000
  },
  {
    "FL_wheel_speed": 119.8458,
    "FR_wheel_speed": 136.2339,
    "RL_wheel_speed": 116.38470000000001,
    "RR_wheel_speed": 132.9396,
    "left_solar": -112,
    "longitudinal_accel": -0.14999999999999858,
    "meanEffTorque": 15.0,
    "odom": 92,
    "odom_speed": 14.0,
    "pedal_cc": 145.0,
    "regen": 0.0,
    "requestedTorqueAfterProc": -360.5,
    "right_solar": 100,
    "steer_corrected": 202.4000000000001,
    "steer_offset_can": -12.599999999999909,
    "steer_raw": 189.80000000000018,
    "transversal_accel": -0.3640000000000043,
    "utime": 315972371360221000
  },
  {
    "FL_wheel_speed": 119.8458,
    "FR_wheel_speed": 136.2339,
    "RL_wheel_speed": 116.38470000000001,
    "RR_wheel_speed": 132.9396,
    "left_solar": -112,
    "longitudinal_accel": -0.14999999999999858,
    "meanEffTorque": 15.5,
    "odom": 92,
    "odom_speed": 14.0,
    "pedal_cc": 152.0,
    "regen": 0.0,
    "requestedTorqueAfterProc": -358.5,
    "right_solar": 100,
    "steer_corrected": 202.79999999999973,
    "steer_offset_can": -12.599999999999909,
    "steer_raw": 190.19999999999982,
    "transversal_accel": -0.3640000000000043,
    "utime": 315972371459754000
  },
  {
    "FL_wheel_speed": 119.3871,
    "FR_wheel_speed": 136.4841,
    "RL_wheel_speed": 115.926,
    "RR_wheel_speed": 132.7311,
    "left_solar": -112,
    "longitudinal_accel": -0.09999999999999964,
    "meanEffTorque": 16.0,
    "odom": 92,
    "odom_speed": 14.0,
    "pedal_cc": 152.0,
    "regen": 0.0,
    "requestedTorqueAfterProc": -358.5,
    "right_solar": 100,
    "steer_corrected": 203.19999999999982,
    "steer_offset_can": -12.599999999999909,
    "steer_raw": 190.5999999999999,
    "transversal_accel": -0.35599999999999454,
    "utime": 315972371559950000
  },
  {
    "FL_wheel_speed": 119.3871,
    "FR_wheel_speed": 136.4841,
    "RL_wheel_speed": 115.926,
    "RR_wheel_speed": 132.7311,
    "left_solar": -112,
    "longitudinal_accel": -0.09999999999999964,
    "meanEffTorque": 16.5,
    "odom": 92,
    "odom_speed": 14.0,
    "pedal_cc": 156.0,
    "regen": 0.0,
    "requestedTorqueAfterProc": -356.5,
    "right_solar": 100,
    "steer_corrected": 203.5999999999999,
    "steer_offset_can": -12.599999999999909,
    "steer_raw": 191.0,
    "transversal_accel": -0.35599999999999454,
    "utime": 315972371660147000
  },
  {
    "FL_wheel_speed": 120.096,
    "FR_wheel_speed": 135.9837,
    "RL_wheel_speed": 115.926,
    "RR_wheel_speed": 132.7311,
    "left_solar": -112,
    "longitudinal_accel": -0.049999999999998934,
    "meanEffTorque": 17.5,
    "odom": 92,
    "odom_speed": 14.0,
    "pedal_cc": 156.0,
    "regen": 0.0,
    "requestedTorqueAfterProc": -356.5,
    "right_solar": 100,
    "steer_corrected": 203.79999999999973,
    "steer_offset_can": -12.599999999999909,
    "steer_raw": 191.19999999999982,
    "transversal_accel": -0.3480000000000132,
    "utime": 315972371759679000
  },
  {
    "FL_wheel_speed": 120.096,
    "FR_wheel_speed": 135.9837,
    "RL_wheel_speed": 115.67580000000001,
    "RR_wheel_speed": 132.7311,
    "left_solar": -112,
    "longitudinal_accel": -0.049999999999998934,
    "meanEffTorque": 18.0,
    "odom": 92,
    "odom_speed": 14.0,
    "pedal_cc": 156.0,
    "regen": 0.0,
    "requestedTorqueAfterProc": -356.5,
    "right_solar": 100,
    "steer_corrected": 204.0999999999999,
    "steer_offset_can": -12.599999999999909,
    "steer_raw": 191.5,
    "transversal_accel": -0.3480000000000132,
    "utime": 315972371859876000
  },
  {
    "FL_wheel_speed": 119.8458,
    "FR_wheel_speed": 135.9837,
    "RL_wheel_speed": 115.67580000000001,
    "RR_wheel_speed": 132.2307,
    "left_solar": -112,
    "longitudinal_accel": -0.09999999999999964,
    "meanEffTorque": 18.5,
    "odom": 92,
    "odom_speed": 14.0,
    "pedal_cc": 156.0,
    "regen": 0.0,
    "requestedTorqueAfterProc": -356.5,
    "right_solar": 100,
    "steer_corrected": 204.4000000000001,
    "steer_offset_can": -12.599999999999909,
    "steer_raw": 191.80000000000018,
    "transversal_accel": -0.3439999999999941,
    "utime": 315972371960072000
  },
  {
    "FL_wheel_speed": 119.8458,
    "FR_wheel_speed": 135.9837,
    "RL_wheel_speed": 115.67580000000001,
    "RR_wheel_speed": 132.2307,
    "left_solar": -112,
    "longitudinal_accel": -0.09999999999999964,
    "meanEffTorque": 19.0,
    "odom": 92,
    "odom_speed": 14.0,
    "pedal_cc": 156.0,
    "regen": 0.0,
    "requestedTorqueAfterProc": -356.5,
    "right_solar": 100,
    "steer_corrected": 204.5999999999999,
    "steer_offset_can": -12.599999999999909,
    "steer_raw": 192.0,
    "transversal_accel": -0.3439999999999941,
    "utime": 315972372060252000
  },
  {
    "FL_wheel_speed": 118.9284,
    "FR_wheel_speed": 135.7752,
    "RL_wheel_speed": 115.67580000000001,
    "RR_wheel_speed": 132.2307,
    "left_solar": -112,
    "longitudinal_accel": -0.049999999999998934,
    "meanEffTorque": 19.5,
    "odom": 92,
    "odom_speed": 14.0,
    "pedal_cc": 156.0,
    "regen": 0.0,
    "requestedTorqueAfterProc": -356.5,
    "right_solar": 100,
    "steer_corrected": 204.9000000000001,
    "steer_offset_can": -12.599999999999909,
    "steer_raw": 192.30000000000018,
    "transversal_accel": -0.3480000000000132,
    "utime": 315972372159785000
  },
  {
    "FL_wheel_speed": 118.9284,
    "FR_wheel_speed": 135.7752,
    "RL_wheel_speed": 115.4256,
    "RR_wheel_speed": 132.2307,
    "left_solar": -112,
    "longitudinal_accel": -0.049999999999998934,
    "meanEffTorque": 19.5,
    "odom": 92,
    "odom_speed": 14.0,
    "pedal_cc": 156.0,
    "regen": 0.0,
    "requestedTorqueAfterProc": -356.5,
    "right_solar": 100,
    "steer_corrected": 205.19999999999982,
    "steer_offset_can": -12.599999999999909,
    "steer_raw": 192.5999999999999,
    "transversal_accel": -0.3480000000000132,
    "utime": 315972372259982000
  },
  {
    "FL_wheel_speed": 119.1369,
    "FR_wheel_speed": 136.2339,
    "RL_wheel_speed": 115.4256,
    "RR_wheel_speed": 132.2307,
    "left_solar": -112,
    "longitudinal_accel": -0.049999999999998934,
    "meanEffTorque": 20.0,
    "odom": 8,
    "odom_speed": 14.0,
    "pedal_cc": 156.0,
    "regen": 0.0,
    "requestedTorqueAfterProc": -356.5,
    "right_solar": 100,
    "steer_corrected": 205.4000000000001,
    "steer_offset_can": -12.599999999999909,
    "steer_raw": 192.80000000000018,
    "transversal_accel": -0.35200000000000387,
    "utime": 315972372360178000
  },
  {
    "FL_wheel_speed": 119.1369,
    "FR_wheel_speed": 136.2339,
    "RL_wheel_speed": 115.4256,
    "RR_wheel_speed": 132.7311,
    "left_solar": -112,
    "longitudinal_accel": -0.049999999999998934,
    "meanEffTorque": 20.5,
    "odom": 8,
    "odom_speed": 14.0,
    "pedal_cc": 156.0,
    "regen": 0.0,
    "requestedTorqueAfterProc": -356.5,
    "right_solar": 100,
    "steer_corrected": 205.5,
    "steer_offset_can": -12.599999999999909,
    "steer_raw": 192.9000000000001,
    "transversal_accel": -0.35200000000000387,
    "utime": 315972372460374000
  },
  {
    "FL_wheel_speed": 119.1369,
    "FR_wheel_speed": 135.9837,
    "RL_wheel_speed": 115.4256,
    "RR_wheel_speed": 132.7311,
    "left_solar": -112,
    "longitudinal_accel": -0.049999999999998934,
    "meanEffTorque": 21.0,
    "odom": 8,
    "odom_speed": 14.0,
    "pedal_cc": 156.0,
    "regen": 0.0,
    "requestedTorqueAfterProc": -356.5,
    "right_solar": 100,
    "steer_corrected": 205.69999999999982,
    "steer_offset_can": -12.599999999999909,
    "steer_raw": 193.0999999999999,
    "transversal_accel": -0.3480000000000132,
    "utime": 315972372559907000
  },
  {
    "FL_wheel_speed": 119.1369,
    "FR_wheel_speed": 135.9837,
    "RL_wheel_speed": 115.2171,
    "RR_wheel_speed": 132.2307,
    "left_solar": -112,
    "longitudinal_accel": -0.049999999999998934,
    "meanEffTorque": 21.0,
    "odom": 8,
    "odom_speed": 14.0,
    "pedal_cc": 156.0,
    "regen": 0.0,
    "requestedTorqueAfterProc": -356.5,
    "right_solar": 100,
    "steer_corrected": 205.9000000000001,
    "steer_offset_can": -12.599999999999909,
    "steer_raw": 193.30000000000018,
    "transversal_accel": -0.3480000000000132,
    "utime": 315972372660103000
  },
  {
    "FL_wheel_speed": 118.428,
    "FR_wheel_speed": 135.2748,
    "RL_wheel_speed": 115.2171,
    "RR_wheel_speed": 132.2307,
    "left_solar": -112,
    "longitudinal_accel": 0.0,
    "meanEffTorque": 21.5,
    "odom": 8,
    "odom_speed": 14.0,
    "pedal_cc": 156.0,
    "regen": 0.0,
    "requestedTorqueAfterProc": -356.5,
    "right_solar": 100,
    "steer_corrected": 206.0,
    "steer_offset_can": -12.599999999999909,
    "steer_raw": 193.4000000000001,
    "transversal_accel": -0.3400000000000034,
    "utime": 315972372760300000
  },
  {
    "FL_wheel_speed": 118.428,
    "FR_wheel_speed": 135.2748,
    "RL_wheel_speed": 115.2171,
    "RR_wheel_speed": 132.2307,
    "left_solar": -112,
    "longitudinal_accel": 0.0,
    "meanEffTorque": 21.5,
    "odom": 8,
    "odom_speed": 14.0,
    "pedal_cc": 156.0,
    "regen": 0.0,
    "requestedTorqueAfterProc": -356.5,
    "right_solar": 100,
    "steer_corrected": 206.0999999999999,
    "steer_offset_can": -12.599999999999909,
    "steer_raw": 193.5,
    "transversal_accel": -0.3400000000000034,
    "utime": 315972372859833000
  },
  {
    "FL_wheel_speed": 119.3871,
    "FR_wheel_speed": 135.7752,
    "RL_wheel_speed": 114.96690000000001,
    "RR_wheel_speed": 132.4809,
    "left_solar": -112,
    "longitudinal_accel": -0.049999999999998934,
    "meanEffTorque": 22.0,
    "odom": 8,
    "odom_speed": 14.0,
    "pedal_cc": 161.0,
    "regen": 0.0,
    "requestedTorqueAfterProc": -354.5,
    "right_solar": 100,
    "steer_corrected": 206.19999999999982,
    "steer_offset_can": -12.599999999999909,
    "steer_raw": 193.5999999999999,
    "transversal_accel": -0.3400000000000034,
    "utime": 315972372960029000
  },
  {
    "FL_wheel_speed": 119.3871,
    "FR_wheel_speed": 135.7752,
    "RL_wheel_speed": 114.96690000000001,
    "RR_wheel_speed": 132.4809,
    "left_solar": -112,
    "longitudinal_accel": -0.049999999999998934,
    "meanEffTorque": 22.5,
    "odom": 8,
    "odom_speed": 14.0,
    "pedal_cc": 161.0,
    "regen": 0.0,
    "requestedTorqueAfterProc": -354.5,
    "right_solar": 100,
    "steer_corrected": 206.29999999999973,
    "steer_offset_can": -12.599999999999909,
    "steer_raw": 193.69999999999982,
    "transversal_accel": -0.3400000000000034,
    "utime": 315972373060208000
  },
  {
    "FL_wheel_speed": 119.1369,
    "FR_wheel_speed": 136.2339,
    "RL_wheel_speed": 114.96690000000001,
    "RR_wheel_speed": 132.4809,
    "left_solar": -112,
    "longitudinal_accel": -0.09999999999999964,
    "meanEffTorque": 23.0,
    "odom": 8,
    "odom_speed": 14.0,
    "pedal_cc": 168.0,
    "regen": 0.0,
    "requestedTorqueAfterProc": -352.5,
    "right_solar": 100,
    "steer_corrected": 206.29999999999973,
    "steer_offset_can": -12.599999999999909,
    "steer_raw": 193.69999999999982,
    "transversal_accel": -0.35599999999999454,
    "utime": 315972373159741000
  },
  {
    "FL_wheel_speed": 119.1369,
    "FR_wheel_speed": 136.2339,
    "RL_wheel_speed": 115.2171,
    "RR_wheel_speed": 132.2307,
    "left_solar": -112,
    "longitudinal_accel": -0.09999999999999964,
    "meanEffTorque": 23.5,
    "odom": 8,
    "odom_speed": 14.0,
    "pedal_cc": 168.0,
    "regen": 0.0,
    "requestedTorqueAfterProc": -352.5,
    "right_solar": 100,
    "steer_corrected": 206.29999999999973,
    "steer_offset_can": -12.599999999999909,
    "steer_raw": 193.69999999999982,
    "transversal_accel": -0.35599999999999454,
    "utime": 315972373259937000
  },
  {
    "FL_wheel_speed": 119.1369,
    "FR_wheel_speed": 135.7752,
    "RL_wheel_speed": 115.2171,
    "RR_wheel_speed": 132.2307,
    "left_solar": -112,
    "longitudinal_accel": 0.05000000000000071,
    "meanEffTorque": 24.0,
    "odom": 48,
    "odom_speed": 14.0,
    "pedal_cc": 173.0,
    "regen": 0.0,
    "requestedTorqueAfterProc": -352.5,
    "right_solar": 100,
    "steer_corrected": 206.4000000000001,
    "steer_offset_can": -12.599999999999909,
    "steer_raw": 193.80000000000018,
    "transversal_accel": -0.35599999999999454,
    "utime": 315972373359470000
  },
  {
    "FL_wheel_speed": 119.1369,
    "FR_wheel_speed": 135.7752,
    "RL_wheel_speed": 115.2171,
    "RR_wheel_speed": 132.2307,
    "left_solar": -112,
    "longitudinal_accel": 0.05000000000000071,
    "meanEffTorque": 24.5,
    "odom": 48,
    "odom_speed": 14.0,
    "pedal_cc": 173.0,
    "regen": 0.0,
    "requestedTorqueAfterProc": -352.5,
    "right_solar": 100,
    "steer_corrected": 206.29999999999973,
    "steer_offset_can": -12.599999999999909,
    "steer_raw": 193.69999999999982,
    "transversal_accel": -0.35599999999999454,
    "utime": 315972373459666000
  },
  {
    "FL_wheel_speed": 119.3871,
    "FR_wheel_speed": 135.7752,
    "RL_wheel_speed": 115.2171,
    "RR_wheel_speed": 132.2307,
    "left_solar": -112,
    "longitudinal_accel": 0.05000000000000071,
    "meanEffTorque": 25.0,
    "odom": 48,
    "odom_speed": 14.0,
    "pedal_cc": 180.0,
    "regen": 0.0,
    "requestedTorqueAfterProc": -350.5,
    "right_solar": 100,
    "steer_corrected": 206.4000000000001,
    "steer_offset_can": -12.599999999999909,
    "steer_raw": 193.80000000000018,
    "transversal_accel": -0.36000000000001364,
    "utime": 315972373559199000
  },
  {
    "FL_wheel_speed": 119.3871,
    "FR_wheel_speed": 135.7752,
    "RL_wheel_speed": 115.2171,
    "RR_wheel_speed": 132.2307,
    "left_solar": -112,
    "longitudinal_accel": 0.05000000000000071,
    "meanEffTorque": 25.5,
    "odom": 48,
    "odom_speed": 14.0,
    "pedal_cc": 180.0,
    "regen": 0.0,
    "requestedTorqueAfterProc": -350.5,
    "right_solar": 100,
    "steer_corrected": 206.4000000000001,
    "steer_offset_can": -12.599999999999909,
    "steer_raw": 193.80000000000018,
    "transversal_accel": -0.36000000000001364,
    "utime": 315972373659396000
  },
  {
    "FL_wheel_speed": 119.1369,
    "FR_wheel_speed": 135.7752,
    "RL_wheel_speed": 115.2171,
    "RR_wheel_speed": 132.2307,
    "left_solar": -112,
    "longitudinal_accel": 0.0,
    "meanEffTorque": 26.0,
    "odom": 48,
    "odom_speed": 14.0,
    "pedal_cc": 186.0,
    "regen": 0.0,
    "requestedTorqueAfterProc": -348.5,
    "right_solar": 100,
    "steer_corrected": 206.4000000000001,
    "steer_offset_can": -12.599999999999909,
    "steer_raw": 193.80000000000018,
    "transversal_accel": -0.3640000000000043,
    "utime": 315972373759592000
  },
  {
    "FL_wheel_speed": 119.1369,
    "FR_wheel_speed": 135.7752,
    "RL_wheel_speed": 115.2171,
    "RR_wheel_speed": 132.4809,
    "left_solar": -112,
    "longitudinal_accel": 0.0,
    "meanEffTorque": 27.0,
    "odom": 48,
    "odom_speed": 14.0,
    "pedal_cc": 190.0,
    "regen": 0.0,
    "requestedTorqueAfterProc": -346.5,
    "right_solar": 100,
    "steer_corrected": 206.4000000000001,
    "steer_offset_can": -12.599999999999909,
    "steer_raw": 193.80000000000018,
    "transversal_accel": -0.3640000000000043,
    "utime": 315972373859788000
  },
  {
    "FL_wheel_speed": 119.6373,
    "FR_wheel_speed": 135.9837,
    "RL_wheel_speed": 115.2171,
    "RR_wheel_speed": 132.7311,
    "left_solar": -112,
    "longitudinal_accel": 0.05000000000000071,
    "meanEffTorque": 27.5,
    "odom": 48,
    "odom_speed": 14.0,
    "pedal_cc": 190.0,
    "regen": 0.0,
    "requestedTorqueAfterProc": -346.5,
    "right_solar": 100,
    "steer_corrected": 206.4000000000001,
    "steer_offset_can": -12.599999999999909,
    "steer_raw": 193.80000000000018,
    "transversal_accel": -0.3719999999999857,
    "utime": 315972373959985000
  },
  {
    "FL_wheel_speed": 119.6373,
    "FR_wheel_speed": 135.9837,
    "RL_wheel_speed": 115.2171,
    "RR_wheel_speed": 132.7311,
    "left_solar": -112,
    "longitudinal_accel": 0.05000000000000071,
    "meanEffTorque": 28.0,
    "odom": 48,
    "odom_speed": 14.0,
    "pedal_cc": 196.0,
    "regen": 0.0,
    "requestedTorqueAfterProc": -344.5,
    "right_solar": 100,
    "steer_corrected": 206.29999999999973,
    "steer_offset_can": -12.599999999999909,
    "steer_raw": 193.69999999999982,
    "transversal_accel": -0.3719999999999857,
    "utime": 315972374060165000
  },
  {
    "FL_wheel_speed": 119.8458,
    "FR_wheel_speed": 135.9837,
    "RL_wheel_speed": 115.2171,
    "RR_wheel_speed": 132.7311,
    "left_solar": -112,
    "longitudinal_accel": 0.05000000000000071,
    "meanEffTorque": 29.0,
    "odom": 48,
    "odom_speed": 14.0,
    "pedal_cc": 196.0,
    "regen": 0.0,
    "requestedTorqueAfterProc": -344.5,
    "right_solar": 100,
    "steer_corrected": 206.29999999999973,
    "steer_offset_can": -12.599999999999909,
    "steer_raw": 193.69999999999982,
    "transversal_accel": -0.3719999999999857,
    "utime": 315972374160361000
  },
  {
    "FL_wheel_speed": 119.8458,
    "FR_wheel_speed": 135.9837,
    "RL_wheel_speed": 115.926,
    "RR_wheel_speed": 132.9396,
    "left_solar": -112,
    "longitudinal_accel": 0.05000000000000071,
    "meanEffTorque": 29.5,
    "odom": 48,
    "odom_speed": 14.0,
    "pedal_cc": 196.0,
    "regen": 0.0,
    "requestedTorqueAfterProc": -344.5,
    "right_solar": 100,
    "steer_corrected": 206.4000000000001,
    "steer_offset_can": -12.599999999999909,
    "steer_raw": 193.80000000000018,
    "transversal_accel": -0.3719999999999857,
    "utime": 315972374260558000
  },
  {
    "FL_wheel_speed": 119.3871,
    "FR_wheel_speed": 136.2339,
    "RL_wheel_speed": 115.926,
    "RR_wheel_speed": 132.9396,
    "left_solar": -112,
    "longitudinal_accel": 0.05000000000000071,
    "meanEffTorque": 30.0,
    "odom": 88,
    "odom_speed": 14.0,
    "pedal_cc": 200.0,
    "regen": 0.0,
    "requestedTorqueAfterProc": -342.5,
    "right_solar": 100,
    "steer_corrected": 206.4000000000001,
    "steer_offset_can": -12.599999999999909,
    "steer_raw": 193.80000000000018,
    "transversal_accel": -0.3719999999999857,
    "utime": 315972374360090000
  },
  {
    "FL_wheel_speed": 119.3871,
    "FR_wheel_speed": 136.2339,
    "RL_wheel_speed": 115.67580000000001,
    "RR_wheel_speed": 132.9396,
    "left_solar": -112,
    "longitudinal_accel": 0.05000000000000071,
    "meanEffTorque": 30.5,
    "odom": 88,
    "odom_speed": 14.0,
    "pedal_cc": 200.0,
    "regen": 0.0,
    "requestedTorqueAfterProc": -342.5,
    "right_solar": 100,
    "steer_corrected": 206.4000000000001,
    "steer_offset_can": -12.599999999999909,
    "steer_raw": 193.80000000000018,
    "transversal_accel": -0.3719999999999857,
    "utime": 315972374460287000
  },
  {
    "FL_wheel_speed": 119.6373,
    "FR_wheel_speed": 136.2339,
    "RL_wheel_speed": 115.926,
    "RR_wheel_speed": 132.9396,
    "left_solar": -112,
    "longitudinal_accel": 0.05000000000000071,
    "meanEffTorque": 31.5,
    "odom": 88,
    "odom_speed": 14.0,
    "pedal_cc": 200.0,
    "regen": 0.0,
    "requestedTorqueAfterProc": -342.5,
    "right_solar": 100,
    "steer_corrected": 206.4000000000001,
    "steer_offset_can": -12.599999999999909,
    "steer_raw": 193.80000000000018,
    "transversal_accel": -0.37999999999999545,
    "utime": 315972374560483000
  },
  {
    "FL_wheel_speed": 119.6373,
    "FR_wheel_speed": 136.2339,
    "RL_wheel_speed": 115.926,
    "RR_wheel_speed": 132.9396,
    "left_solar": -112,
    "longitudinal_accel": 0.05000000000000071,
    "meanEffTorque": 32.0,
    "odom": 88,
    "odom_speed": 14.0,
    "pedal_cc": 200.0,
    "regen": 0.0,
    "requestedTorqueAfterProc": -342.5,
    "right_solar": 100,
    "steer_corrected": 206.4000000000001,
    "steer_offset_can": -12.599999999999909,
    "steer_raw": 193.80000000000018,
    "transversal_accel": -0.37999999999999545,
    "utime": 315972374660016000
  },
  {
    "FL_wheel_speed": 120.096,
    "FR_wheel_speed": 135.7752,
    "RL_wheel_speed": 116.1345,
    "RR_wheel_speed": 133.1898,
    "left_solar": -112,
    "longitudinal_accel": 0.05000000000000071,
    "meanEffTorque": 32.5,
    "odom": 88,
    "odom_speed": 14.0,
    "pedal_cc": 200.0,
    "regen": 0.0,
    "requestedTorqueAfterProc": -342.5,
    "right_solar": 100,
    "steer_corrected": 206.4000000000001,
    "steer_offset_can": -12.599999999999909,
    "steer_raw": 193.80000000000018,
    "transversal_accel": -0.37999999999999545,
    "utime": 315972374760212000
  },
  {
    "FL_wheel_speed": 120.096,
    "FR_wheel_speed": 135.7752,
    "RL_wheel_speed": 116.1345,
    "RR_wheel_speed": 133.1898,
    "left_solar": -112,
    "longitudinal_accel": 0.05000000000000071,
    "meanEffTorque": 33.0,
    "odom": 88,
    "odom_speed": 14.0,
    "pedal_cc": 200.0,
    "regen": 0.0,
    "requestedTorqueAfterProc": -342.5,
    "right_solar": 100,
    "steer_corrected": 206.4000000000001,
    "steer_offset_can": -12.599999999999909,
    "steer_raw": 193.80000000000018,
    "transversal_accel": -0.37999999999999545,
    "utime": 315972374859745000
  },
  {
    "FL_wheel_speed": 120.096,
    "FR_wheel_speed": 136.6926,
    "RL_wheel_speed": 115.926,
    "RR_wheel_speed": 133.3983,
    "left_solar": -112,
    "longitudinal_accel": 0.05000000000000071,
    "meanEffTorque": 33.5,
    "odom": 88,
    "odom_speed": 14.0,
    "pedal_cc": 200.0,
    "regen": 0.0,
    "requestedTorqueAfterProc": -342.5,
    "right_solar": 100,
    "steer_corrected": 206.4000000000001,
    "steer_offset_can": -12.599999999999909,
    "steer_raw": 193.80000000000018,
    "transversal_accel": -0.37999999999999545,
    "utime": 315972374959278000
  },
  {
    "FL_wheel_speed": 120.096,
    "FR_wheel_speed": 136.6926,
    "RL_wheel_speed": 115.926,
    "RR_wheel_speed": 133.3983,
    "left_solar": -112,
    "longitudinal_accel": 0.05000000000000071,
    "meanEffTorque": 33.5,
    "odom": 88,
    "odom_speed": 14.0,
    "pedal_cc": 200.0,
    "regen": 0.0,
    "requestedTorqueAfterProc": -342.5,
    "right_solar": 100,
    "steer_corrected": 206.4000000000001,
    "steer_offset_can": -12.599999999999909,
    "steer_raw": 193.80000000000018,
    "transversal_accel": -0.37999999999999545,
    "utime": 315972375059457000
  },
  {
    "FL_wheel_speed": 120.3045,
    "FR_wheel_speed": 136.6926,
    "RL_wheel_speed": 115.926,
    "RR_wheel_speed": 133.3983,
    "left_solar": -112,
    "longitudinal_accel": 0.10000000000000142,
    "meanEffTorque": 34.0,
    "odom": 88,
    "odom_speed": 14.0,
    "pedal_cc": 200.0,
    "regen": 0.0,
    "requestedTorqueAfterProc": -342.5,
    "right_solar": 100,
    "steer_corrected": 206.4000000000001,
    "steer_offset_can": -12.599999999999909,
    "steer_raw": 193.80000000000018,
    "transversal_accel": -0.37999999999999545,
    "utime": 315972375159653000
  },
  {
    "FL_wheel_speed": 120.3045,
    "FR_wheel_speed": 136.6926,
    "RL_wheel_speed": 115.926,
    "RR_wheel_speed": 133.3983,
    "left_solar": -112,
    "longitudinal_accel": 0.10000000000000142,
    "meanEffTorque": 34.5,
    "odom": 88,
    "odom_speed": 14.0,
    "pedal_cc": 200.0,
    "regen": 0.0,
    "requestedTorqueAfterProc": -342.5,
    "right_solar": 100,
    "steer_corrected": 206.4000000000001,
    "steer_offset_can": -12.599999999999909,
    "steer_raw": 193.80000000000018,
    "transversal_accel": -0.37999999999999545,
    "utime": 315972375259850000
  },
  {
    "FL_wheel_speed": 120.3045,
    "FR_wheel_speed": 136.6926,
    "RL_wheel_speed": 115.926,
    "RR_wheel_speed": 133.3983,
    "left_solar": -112,
    "longitudinal_accel": 0.15000000000000036,
    "meanEffTorque": 35.0,
    "odom": 8,
    "odom_speed": 14.0,
    "pedal_cc": 200.0,
    "regen": 0.0,
    "requestedTorqueAfterProc": -342.5,
    "right_solar": 100,
    "steer_corrected": 206.4000000000001,
    "steer_offset_can": -12.599999999999909,
    "steer_raw": 193.80000000000018,
    "transversal_accel": -0.3719999999999857,
    "utime": 315972375359383000
  },
  {
    "FL_wheel_speed": 120.3045,
    "FR_wheel_speed": 136.6926,
    "RL_wheel_speed": 115.926,
    "RR_wheel_speed": 133.3983,
    "left_solar": -112,
    "longitudinal_accel": 0.15000000000000036,
    "meanEffTorque": 35.0,
    "odom": 8,
    "odom_speed": 14.0,
    "pedal_cc": 200.0,
    "regen": 0.0,
    "requestedTorqueAfterProc": -342.5,
    "right_solar": 100,
    "steer_corrected": 206.4000000000001,
    "steer_offset_can": -12.599999999999909,
    "steer_raw": 193.80000000000018,
    "transversal_accel": -0.3719999999999857,
    "utime": 315972375459579000
  },
  {
    "FL_wheel_speed": 120.3045,
    "FR_wheel_speed": 137.1513,
    "RL_wheel_speed": 115.926,
    "RR_wheel_speed": 133.3983,
    "left_solar": -112,
    "longitudinal_accel": 0.10000000000000142,
    "meanEffTorque": 35.5,
    "odom": 8,
    "odom_speed": 14.0,
    "pedal_cc": 199.0,
    "regen": 0.0,
    "requestedTorqueAfterProc": -344.5,
    "right_solar": 100,
    "steer_corrected": 206.4000000000001,
    "steer_offset_can": -12.599999999999909,
    "steer_raw": 193.80000000000018,
    "transversal_accel": -0.3640000000000043,
    "utime": 315972375559775000
  },
  {
    "FL_wheel_speed": 120.3045,
    "FR_wheel_speed": 137.1513,
    "RL_wheel_speed": 116.8434,
    "RR_wheel_speed": 133.8987,
    "left_solar": -112,
    "longitudinal_accel": 0.10000000000000142,
    "meanEffTorque": 35.5,
    "odom": 8,
    "odom_speed": 14.0,
    "pedal_cc": 199.0,
    "regen": 0.0,
    "requestedTorqueAfterProc": -344.5,
    "right_solar": 100,
    "steer_corrected": 206.4000000000001,
    "steer_offset_can": -12.599999999999909,
    "steer_raw": 193.80000000000018,
    "transversal_accel": -0.3640000000000043,
    "utime": 315972375659972000
  },
  {
    "FL_wheel_speed": 120.096,
    "FR_wheel_speed": 137.4015,
    "RL_wheel_speed": 116.8434,
    "RR_wheel_speed": 133.8987,
    "left_solar": -112,
    "longitudinal_accel": 0.10000000000000142,
    "meanEffTorque": 36.0,
    "odom": 8,
    "odom_speed": 14.0,
    "pedal_cc": 199.0,
    "regen": 0.0,
    "requestedTorqueAfterProc": -344.5,
    "right_solar": 100,
    "steer_corrected": 206.4000000000001,
    "steer_offset_can": -12.599999999999909,
    "steer_raw": 193.80000000000018,
    "transversal_accel": -0.36000000000001364,
    "utime": 315972375759504000
  },
  {
    "FL_wheel_speed": 120.096,
    "FR_wheel_speed": 137.4015,
    "RL_wheel_speed": 116.8434,
    "RR_wheel_speed": 133.8987,
    "left_solar": -112,
    "longitudinal_accel": 0.10000000000000142,
    "meanEffTorque": 36.0,
    "odom": 8,
    "odom_speed": 14.0,
    "pedal_cc": 203.0,
    "regen": 0.0,
    "requestedTorqueAfterProc": -342.5,
    "right_solar": 100,
    "steer_corrected": 206.4000000000001,
    "steer_offset_can": -12.599999999999909,
    "steer_raw": 193.80000000000018,
    "transversal_accel": -0.36000000000001364,
    "utime": 315972375859701000
  },
  {
    "FL_wheel_speed": 121.0134,
    "FR_wheel_speed": 137.4015,
    "RL_wheel_speed": 117.0519,
    "RR_wheel_speed": 134.6076,
    "left_solar": -112,
    "longitudinal_accel": 0.15000000000000036,
    "meanEffTorque": 36.5,
    "odom": 8,
    "odom_speed": 14.0,
    "pedal_cc": 203.0,
    "regen": 0.0,
    "requestedTorqueAfterProc": -342.5,
    "right_solar": 100,
    "steer_corrected": 206.4000000000001,
    "steer_offset_can": -12.599999999999909,
    "steer_raw": 193.80000000000018,
    "transversal_accel": -0.35599999999999454,
    "utime": 315972375959897000
  },
  {
    "FL_wheel_speed": 121.0134,
    "FR_wheel_speed": 137.4015,
    "RL_wheel_speed": 117.0519,
    "RR_wheel_speed": 134.6076,
    "left_solar": -112,
    "longitudinal_accel": 0.15000000000000036,
    "meanEffTorque": 37.0,
    "odom": 8,
    "odom_speed": 14.0,
    "pedal_cc": 208.0,
    "regen": 0.0,
    "requestedTorqueAfterProc": -340.5,
    "right_solar": 100,
    "steer_corrected": 206.29999999999973,
    "steer_offset_can": -12.599999999999909,
    "steer_raw": 193.69999999999982,
    "transversal_accel": -0.35599999999999454,
    "utime": 315972376060077000
  },
  {
    "FL_wheel_speed": 120.8049,
    "FR_wheel_speed": 137.6517,
    "RL_wheel_speed": 117.0519,
    "RR_wheel_speed": 134.6076,
    "left_solar": -112,
    "longitudinal_accel": 0.20000000000000107,
    "meanEffTorque": 37.0,
    "odom": 8,
    "odom_speed": 14.0,
    "pedal_cc": 208.0,
    "regen": 0.0,
    "requestedTorqueAfterProc": -340.5,
    "right_solar": 50,
    "steer_corrected": 206.29999999999973,
    "steer_offset_can": -12.599999999999909,
    "steer_raw": 193.69999999999982,
    "transversal_accel": -0.36000000000001364,
    "utime": 315972376159610000
  },
  {
    "FL_wheel_speed": 120.8049,
    "FR_wheel_speed": 137.6517,
    "RL_wheel_speed": 117.0519,
    "RR_wheel_speed": 134.3574,
    "left_solar": -112,
    "longitudinal_accel": 0.20000000000000107,
    "meanEffTorque": 37.5,
    "odom": 8,
    "odom_speed": 14.0,
    "pedal_cc": 208.0,
    "regen": 0.0,
    "requestedTorqueAfterProc": -340.5,
    "right_solar": 50,
    "steer_corrected": 206.29999999999973,
    "steer_offset_can": -12.599999999999909,
    "steer_raw": 193.69999999999982,
    "transversal_accel": -0.36000000000001364,
    "utime": 315972376259806000
  },
  {
    "FL_wheel_speed": 120.8049,
    "FR_wheel_speed": 137.8602,
    "RL_wheel_speed": 117.2604,
    "RR_wheel_speed": 134.8161,
    "left_solar": -112,
    "longitudinal_accel": 0.20000000000000107,
    "meanEffTorque": 38.0,
    "odom": 48,
    "odom_speed": 14.0,
    "pedal_cc": 213.0,
    "regen": 0.0,
    "requestedTorqueAfterProc": -338.5,
    "right_solar": 50,
    "steer_corrected": 206.4000000000001,
    "steer_offset_can": -12.599999999999909,
    "steer_raw": 193.80000000000018,
    "transversal_accel": -0.35599999999999454,
    "utime": 315972376360003000
  },
  {
    "FL_wheel_speed": 120.8049,
    "FR_wheel_speed": 137.8602,
    "RL_wheel_speed": 117.2604,
    "RR_wheel_speed": 134.8161,
    "left_solar": -112,
    "longitudinal_accel": 0.20000000000000107,
    "meanEffTorque": 38.5,
    "odom": 48,
    "odom_speed": 14.0,
    "pedal_cc": 213.0,
    "regen": 0.0,
    "requestedTorqueAfterProc": -338.5,
    "right_solar": 50,
    "steer_corrected": 206.4000000000001,
    "steer_offset_can": -12.599999999999909,
    "steer_raw": 193.80000000000018,
    "transversal_accel": -0.35599999999999454,
    "utime": 315972376460199000
  },
  {
    "FL_wheel_speed": 120.8049,
    "FR_wheel_speed": 137.8602,
    "RL_wheel_speed": 116.8434,
    "RR_wheel_speed": 134.1072,
    "left_solar": -112,
    "longitudinal_accel": 0.20000000000000107,
    "meanEffTorque": 39.0,
    "odom": 48,
    "odom_speed": 14.0,
    "pedal_cc": 219.0,
    "regen": 0.0,
    "requestedTorqueAfterProc": -336.5,
    "right_solar": 50,
    "steer_corrected": 206.4000000000001,
    "steer_offset_can": -12.599999999999909,
    "steer_raw": 193.80000000000018,
    "transversal_accel": -0.3400000000000034,
    "utime": 315972376559732000
  },
  {
    "FL_wheel_speed": 120.8049,
    "FR_wheel_speed": 137.8602,
    "RL_wheel_speed": 116.8434,
    "RR_wheel_speed": 134.1072,
    "left_solar": -112,
    "longitudinal_accel": 0.20000000000000107,
    "meanEffTorque": 39.5,
    "odom": 48,
    "odom_speed": 14.0,
    "pedal_cc": 223.0,
    "regen": 0.0,
    "requestedTorqueAfterProc": -336.5,
    "right_solar": 50,
    "steer_corrected": 206.4000000000001,
    "steer_offset_can": -12.599999999999909,
    "steer_raw": 193.80000000000018,
    "transversal_accel": -0.3400000000000034,
    "utime": 315972376659928000
  },
  {
    "FL_wheel_speed": 120.096,
    "FR_wheel_speed": 138.5274,
    "RL_wheel_speed": 116.8434,
    "RR_wheel_speed": 134.1072,
    "left_solar": -112,
    "longitudinal_accel": 0.20000000000000107,
    "meanEffTorque": 40.0,
    "odom": 48,
    "odom_speed": 14.0,
    "pedal_cc": 226.0,
    "regen": 0.0,
    "requestedTorqueAfterProc": -334.5,
    "right_solar": 50,
    "steer_corrected": 206.4000000000001,
    "steer_offset_can": -12.599999999999909,
    "steer_raw": 193.80000000000018,
    "transversal_accel": -0.3439999999999941,
    "utime": 315972376760125000
  },
  {
    "FL_wheel_speed": 120.096,
    "FR_wheel_speed": 138.5274,
    "RL_wheel_speed": 117.2604,
    "RR_wheel_speed": 135.0663,
    "left_solar": -112,
    "longitudinal_accel": 0.20000000000000107,
    "meanEffTorque": 40.5,
    "odom": 48,
    "odom_speed": 14.0,
    "pedal_cc": 229.0,
    "regen": 0.0,
    "requestedTorqueAfterProc": -334.5,
    "right_solar": 50,
    "steer_corrected": 206.4000000000001,
    "steer_offset_can": -12.599999999999909,
    "steer_raw": 193.80000000000018,
    "transversal_accel": -0.3439999999999941,
    "utime": 315972376859657000
  },
  {
    "FL_wheel_speed": 121.2636,
    "FR_wheel_speed": 138.7776,
    "RL_wheel_speed": 116.8434,
    "RR_wheel_speed": 134.8161,
    "left_solar": -112,
    "longitudinal_accel": 0.15000000000000036,
    "meanEffTorque": 41.0,
    "odom": 48,
    "odom_speed": 14.0,
    "pedal_cc": 232.0,
    "regen": 0.0,
    "requestedTorqueAfterProc": -334.5,
    "right_solar": 50,
    "steer_corrected": 206.4000000000001,
    "steer_offset_can": -12.599999999999909,
    "steer_raw": 193.80000000000018,
    "transversal_accel": -0.35599999999999454,
    "utime": 315972376959854000
  },
  {
    "FL_wheel_speed": 121.2636,
    "FR_wheel_speed": 138.7776,
    "RL_wheel_speed": 116.8434,
    "RR_wheel_speed": 134.8161,
    "left_solar": -112,
    "longitudinal_accel": 0.15000000000000036,
    "meanEffTorque": 41.5,
    "odom": 48,
    "odom_speed": 14.0,
    "pedal_cc": 232.0,
    "regen": 0.0,
    "requestedTorqueAfterProc": -334.5,
    "right_solar": 50,
    "steer_corrected": 206.4000000000001,
    "steer_offset_can": -12.599999999999909,
    "steer_raw": 193.80000000000018,
    "transversal_accel": -0.35599999999999454,
    "utime": 315972377060034000
  },
  {
    "FL_wheel_speed": 122.6814,
    "FR_wheel_speed": 138.1104,
    "RL_wheel_speed": 116.8434,
    "RR_wheel_speed": 134.8161,
    "left_solar": -112,
    "longitudinal_accel": 0.10000000000000142,
    "meanEffTorque": 42.0,
    "odom": 48,
    "odom_speed": 14.0,
    "pedal_cc": 232.0,
    "regen": 0.0,
    "requestedTorqueAfterProc": -334.5,
    "right_solar": 50,
    "steer_corrected": 206.4000000000001,
    "steer_offset_can": -12.599999999999909,
    "steer_raw": 193.80000000000018,
    "transversal_accel": -0.3480000000000132,
    "utime": 315972377160230000
  },
  {
    "FL_wheel_speed": 122.6814,
    "FR_wheel_speed": 138.1104,
    "RL_wheel_speed": 117.7608,
    "RR_wheel_speed": 134.8161,
    "left_solar": -112,
    "longitudinal_accel": 0.10000000000000142,
    "meanEffTorque": 42.5,
    "odom": 48,
    "odom_speed": 14.0,
    "pedal_cc": 236.0,
    "regen": 0.0,
    "requestedTorqueAfterProc": -332.5,
    "right_solar": 50,
    "steer_corrected": 206.4000000000001,
    "steer_offset_can": -12.599999999999909,
    "steer_raw": 193.80000000000018,
    "transversal_accel": -0.3480000000000132,
    "utime": 315972377259763000
  },
  {
    "FL_wheel_speed": 121.9725,
    "FR_wheel_speed": 139.2363,
    "RL_wheel_speed": 117.7608,
    "RR_wheel_speed": 134.8161,
    "left_solar": -112,
    "longitudinal_accel": 0.20000000000000107,
    "meanEffTorque": 43.5,
    "odom": 92,
    "odom_speed": 14.0,
    "pedal_cc": 236.0,
    "regen": 0.0,
    "requestedTorqueAfterProc": -332.5,
    "right_solar": 50,
    "steer_corrected": 206.4000000000001,
    "steer_offset_can": -12.599999999999909,
    "steer_raw": 193.80000000000018,
    "transversal_accel": -0.3480000000000132,
    "utime": 315972377359959000
  },
  {
    "FL_wheel_speed": 121.9725,
    "FR_wheel_speed": 139.2363,
    "RL_wheel_speed": 117.7608,
    "RR_wheel_speed": 135.2748,
    "left_solar": -112,
    "longitudinal_accel": 0.20000000000000107,
    "meanEffTorque": 43.5,
    "odom": 92,
    "odom_speed": 14.0,
    "pedal_cc": 236.0,
    "regen": 0.0,
    "requestedTorqueAfterProc": -332.5,
    "right_solar": 50,
    "steer_corrected": 206.4000000000001,
    "steer_offset_can": -12.599999999999909,
    "steer_raw": 193.80000000000018,
    "transversal_accel": -0.3480000000000132,
    "utime": 315972377460156000
  },
  {
    "FL_wheel_speed": 122.6814,
    "FR_wheel_speed": 139.4865,
    "RL_wheel_speed": 117.9693,
    "RR_wheel_speed": 135.525,
    "left_solar": -112,
    "longitudinal_accel": 0.05000000000000071,
    "meanEffTorque": 44.0,
    "odom": 92,
    "odom_speed": 14.0,
    "pedal_cc": 236.0,
    "regen": 0.0,
    "requestedTorqueAfterProc": -332.5,
    "right_solar": 50,
    "steer_corrected": 206.4000000000001,
    "steer_offset_can": -12.599999999999909,
    "steer_raw": 193.80000000000018,
    "transversal_accel": -0.35599999999999454,
    "utime": 315972377559689000
  },
  {
    "FL_wheel_speed": 122.6814,
    "FR_wheel_speed": 139.4865,
    "RL_wheel_speed": 117.9693,
    "RR_wheel_speed": 135.525,
    "left_solar": -112,
    "longitudinal_accel": 0.05000000000000071,
    "meanEffTorque": 44.5,
    "odom": 92,
    "odom_speed": 14.0,
    "pedal_cc": 236.0,
    "regen": 0.0,
    "requestedTorqueAfterProc": -332.5,
    "right_solar": 50,
    "steer_corrected": 206.4000000000001,
    "steer_offset_can": -12.599999999999909,
    "steer_raw": 193.80000000000018,
    "transversal_accel": -0.35599999999999454,
    "utime": 315972377659885000
  },
  {
    "FL_wheel_speed": 122.8899,
    "FR_wheel_speed": 138.7776,
    "RL_wheel_speed": 117.9693,
    "RR_wheel_speed": 135.525,
    "left_solar": -112,
    "longitudinal_accel": 0.15000000000000036,
    "meanEffTorque": 45.0,
    "odom": 92,
    "odom_speed": 14.0,
    "pedal_cc": 236.0,
    "regen": 0.0,
    "requestedTorqueAfterProc": -332.5,
    "right_solar": 50,
    "steer_corrected": 206.4000000000001,
    "steer_offset_can": -12.599999999999909,
    "steer_raw": 193.80000000000018,
    "transversal_accel": -0.35599999999999454,
    "utime": 315972377760081000
  },
  {
    "FL_wheel_speed": 122.8899,
    "FR_wheel_speed": 138.7776,
    "RL_wheel_speed": 118.2195,
    "RR_wheel_speed": 135.9837,
    "left_solar": -112,
    "longitudinal_accel": 0.15000000000000036,
    "meanEffTorque": 45.5,
    "odom": 92,
    "odom_speed": 14.0,
    "pedal_cc": 236.0,
    "regen": 0.0,
    "requestedTorqueAfterProc": -332.5,
    "right_solar": 50,
    "steer_corrected": 206.4000000000001,
    "steer_offset_can": -12.599999999999909,
    "steer_raw": 193.80000000000018,
    "transversal_accel": -0.35599999999999454,
    "utime": 315972377860278000
  },
  {
    "FL_wheel_speed": 122.6814,
    "FR_wheel_speed": 139.9452,
    "RL_wheel_speed": 118.2195,
    "RR_wheel_speed": 136.2339,
    "left_solar": -112,
    "longitudinal_accel": 0.25,
    "meanEffTorque": 46.0,
    "odom": 92,
    "odom_speed": 14.0,
    "pedal_cc": 236.0,
    "regen": 0.0,
    "requestedTorqueAfterProc": -332.5,
    "right_solar": 50,
    "steer_corrected": 206.4000000000001,
    "steer_offset_can": -12.599999999999909,
    "steer_raw": 193.80000000000018,
    "transversal_accel": -0.35599999999999454,
    "utime": 315972377959810000
  },
  {
    "FL_wheel_speed": 122.6814,
    "FR_wheel_speed": 139.9452,
    "RL_wheel_speed": 118.2195,
    "RR_wheel_speed": 136.2339,
    "left_solar": -112,
    "longitudinal_accel": 0.25,
    "meanEffTorque": 46.0,
    "odom": 92,
    "odom_speed": 14.0,
    "pedal_cc": 236.0,
    "regen": 0.0,
    "requestedTorqueAfterProc": -332.5,
    "right_solar": 50,
    "steer_corrected": 206.4000000000001,
    "steer_offset_can": -12.599999999999909,
    "steer_raw": 193.80000000000018,
    "transversal_accel": -0.35599999999999454,
    "utime": 315972378059990000
  },
  {
    "FL_wheel_speed": 122.8899,
    "FR_wheel_speed": 140.4039,
    "RL_wheel_speed": 118.2195,
    "RR_wheel_speed": 136.2339,
    "left_solar": -112,
    "longitudinal_accel": 0.25,
    "meanEffTorque": 46.5,
    "odom": 92,
    "odom_speed": 14.0,
    "pedal_cc": 236.0,
    "regen": 0.0,
    "requestedTorqueAfterProc": -332.5,
    "right_solar": 50,
    "steer_corrected": 206.4000000000001,
    "steer_offset_can": -12.599999999999909,
    "steer_raw": 193.80000000000018,
    "transversal_accel": -0.3640000000000043,
    "utime": 315972378160186000
  },
  {
    "FL_wheel_speed": 122.8899,
    "FR_wheel_speed": 140.4039,
    "RL_wheel_speed": 119.3871,
    "RR_wheel_speed": 136.6926,
    "left_solar": -112,
    "longitudinal_accel": 0.25,
    "meanEffTorque": 46.5,
    "odom": 92,
    "odom_speed": 14.0,
    "pedal_cc": 236.0,
    "regen": 0.0,
    "requestedTorqueAfterProc": -332.5,
    "right_solar": 50,
    "steer_corrected": 206.4000000000001,
    "steer_offset_can": -12.599999999999909,
    "steer_raw": 193.80000000000018,
    "transversal_accel": -0.3640000000000043,
    "utime": 315972378259719000
  },
  {
    "FL_wheel_speed": 121.7223,
    "FR_wheel_speed": 139.9452,
    "RL_wheel_speed": 118.9284,
    "RR_wheel_speed": 137.1513,
    "left_solar": -112,
    "longitudinal_accel": 0.25,
    "meanEffTorque": 47.0,
    "odom": 12,
    "odom_speed": 15.0,
    "pedal_cc": 236.0,
    "regen": 0.0,
    "requestedTorqueAfterProc": -332.5,
    "right_solar": 50,
    "steer_corrected": 206.4000000000001,
    "steer_offset_can": -12.599999999999909,
    "steer_raw": 193.80000000000018,
    "transversal_accel": -0.3640000000000043,
    "utime": 315972378359915000
  },
  {
    "FL_wheel_speed": 124.0575,
    "FR_wheel_speed": 140.86260000000001,
    "RL_wheel_speed": 118.9284,
    "RR_wheel_speed": 137.1513,
    "left_solar": -112,
    "longitudinal_accel": 0.25,
    "meanEffTorque": 47.5,
    "odom": 12,
    "odom_speed": 15.0,
    "pedal_cc": 236.0,
    "regen": 0.0,
    "requestedTorqueAfterProc": -332.5,
    "right_solar": 50,
    "steer_corrected": 206.4000000000001,
    "steer_offset_can": -12.599999999999909,
    "steer_raw": 193.80000000000018,
    "transversal_accel": -0.38800000000000523,
    "utime": 315972378460111000
  },
  {
    "FL_wheel_speed": 124.0575,
    "FR_wheel_speed": 140.86260000000001,
    "RL_wheel_speed": 119.8458,
    "RR_wheel_speed": 137.1513,
    "left_solar": -112,
    "longitudinal_accel": 0.25,
    "meanEffTorque": 47.5,
    "odom": 12,
    "odom_speed": 15.0,
    "pedal_cc": 236.0,
    "regen": 0.0,
    "requestedTorqueAfterProc": -332.5,
    "right_solar": 50,
    "steer_corrected": 206.4000000000001,
    "steer_offset_can": -12.599999999999909,
    "steer_raw": 193.80000000000018,
    "transversal_accel": -0.38800000000000523,
    "utime": 315972378559644000
  },
  {
    "FL_wheel_speed": 125.7255,
    "FR_wheel_speed": 139.9452,
    "RL_wheel_speed": 120.096,
    "RR_wheel_speed": 137.6517,
    "left_solar": -112,
    "longitudinal_accel": 0.15000000000000036,
    "meanEffTorque": 48.0,
    "odom": 12,
    "odom_speed": 15.0,
    "pedal_cc": 236.0,
    "regen": 0.0,
    "requestedTorqueAfterProc": -332.5,
    "right_solar": 50,
    "steer_corrected": 206.4000000000001,
    "steer_offset_can": -12.599999999999909,
    "steer_raw": 193.80000000000018,
    "transversal_accel": -0.38399999999998613,
    "utime": 315972378659841000
  },
  {
    "FL_wheel_speed": 125.7255,
    "FR_wheel_speed": 139.9452,
    "RL_wheel_speed": 120.096,
    "RR_wheel_speed": 137.6517,
    "left_solar": -112,
    "longitudinal_accel": 0.15000000000000036,
    "meanEffTorque": 48.0,
    "odom": 12,
    "odom_speed": 15.0,
    "pedal_cc": 236.0,
    "regen": 0.0,
    "requestedTorqueAfterProc": -332.5,
    "right_solar": 50,
    "steer_corrected": 206.4000000000001,
    "steer_offset_can": -12.599999999999909,
    "steer_raw": 193.80000000000018,
    "transversal_accel": -0.38399999999998613,
    "utime": 315972378760037000
  },
  {
    "FL_wheel_speed": 124.3077,
    "FR_wheel_speed": 140.6541,
    "RL_wheel_speed": 120.5547,
    "RR_wheel_speed": 137.8602,
    "left_solar": -112,
    "longitudinal_accel": 0.3000000000000007,
    "meanEffTorque": 48.0,
    "odom": 12,
    "odom_speed": 15.0,
    "pedal_cc": 236.0,
    "regen": 0.0,
    "requestedTorqueAfterProc": -332.5,
    "right_solar": 50,
    "steer_corrected": 206.4000000000001,
    "steer_offset_can": -12.599999999999909,
    "steer_raw": 193.80000000000018,
    "transversal_accel": -0.3919999999999959,
    "utime": 315972378859570000
  },
  {
    "FL_wheel_speed": 124.3077,
    "FR_wheel_speed": 140.6541,
    "RL_wheel_speed": 120.5547,
    "RR_wheel_speed": 137.8602,
    "left_solar": -112,
    "longitudinal_accel": 0.3000000000000007,
    "meanEffTorque": 48.5,
    "odom": 12,
    "odom_speed": 15.0,
    "pedal_cc": 236.0,
    "regen": 0.0,
    "requestedTorqueAfterProc": -332.5,
    "right_solar": 50,
    "steer_corrected": 206.4000000000001,
    "steer_offset_can": -12.599999999999909,
    "steer_raw": 193.80000000000018,
    "transversal_accel": -0.3919999999999959,
    "utime": 315972378959766000
  },
  {
    "FL_wheel_speed": 124.7664,
    "FR_wheel_speed": 142.28040000000001,
    "RL_wheel_speed": 120.5547,
    "RR_wheel_speed": 137.8602,
    "left_solar": -112,
    "longitudinal_accel": 0.3500000000000014,
    "meanEffTorque": 48.5,
    "odom": 12,
    "odom_speed": 15.0,
    "pedal_cc": 236.0,
    "regen": 0.0,
    "requestedTorqueAfterProc": -332.5,
    "right_solar": 50,
    "steer_corrected": 206.4000000000001,
    "steer_offset_can": -12.599999999999909,
    "steer_raw": 193.80000000000018,
    "transversal_accel": -0.41200000000000614,
    "utime": 315972379059946000
  },
  {
    "FL_wheel_speed": 124.7664,
    "FR_wheel_speed": 142.28040000000001,
    "RL_wheel_speed": 121.2636,
    "RR_wheel_speed": 137.8602,
    "left_solar": -112,
    "longitudinal_accel": 0.3500000000000014,
    "meanEffTorque": 48.5,
    "odom": 12,
    "odom_speed": 15.0,
    "pedal_cc": 236.0,
    "regen": 0.0,
    "requestedTorqueAfterProc": -332.5,
    "right_solar": 50,
    "steer_corrected": 206.4000000000001,
    "steer_offset_can": -12.599999999999909,
    "steer_raw": 193.80000000000018,
    "transversal_accel": -0.41200000000000614,
    "utime": 315972379159479000
  },
  {
    "FL_wheel_speed": 125.0166,
    "FR_wheel_speed": 141.363,
    "RL_wheel_speed": 121.2636,
    "RR_wheel_speed": 137.8602,
    "left_solar": -112,
    "longitudinal_accel": 0.3500000000000014,
    "meanEffTorque": 48.5,
    "odom": 52,
    "odom_speed": 15.0,
    "pedal_cc": 236.0,
    "regen": 0.0,
    "requestedTorqueAfterProc": -332.5,
    "right_solar": 50,
    "steer_corrected": 206.29999999999973,
    "steer_offset_can": -12.599999999999909,
    "steer_raw": 193.69999999999982,
    "transversal_accel": -0.38800000000000523,
    "utime": 315972379259676000
  },
  {
    "FL_wheel_speed": 125.0166,
    "FR_wheel_speed": 141.363,
    "RL_wheel_speed": 121.2636,
    "RR_wheel_speed": 138.9861,
    "left_solar": -112,
    "longitudinal_accel": 0.3500000000000014,
    "meanEffTorque": 49.0,
    "odom": 52,
    "odom_speed": 15.0,
    "pedal_cc": 236.0,
    "regen": 0.0,
    "requestedTorqueAfterProc": -332.5,
    "right_solar": 50,
    "steer_corrected": 206.29999999999973,
    "steer_offset_can": -12.599999999999909,
    "steer_raw": 193.69999999999982,
    "transversal_accel": -0.38800000000000523,
    "utime": 315972379359872000
  },
  {
    "FL_wheel_speed": 123.849,
    "FR_wheel_speed": 142.7391,
    "RL_wheel_speed": 121.2636,
    "RR_wheel_speed": 138.9861,
    "left_solar": -112,
    "longitudinal_accel": 0.5,
    "meanEffTorque": 49.0,
    "odom": 52,
    "odom_speed": 15.0,
    "pedal_cc": 236.0,
    "regen": 0.0,
    "requestedTorqueAfterProc": -332.5,
    "right_solar": 50,
    "steer_corrected": 206.29999999999973,
    "steer_offset_can": -12.599999999999909,
    "steer_raw": 193.69999999999982,
    "transversal_accel": -0.38399999999998613,
    "utime": 315972379459405000
  },
  {
    "FL_wheel_speed": 123.849,
    "FR_wheel_speed": 142.7391,
    "RL_wheel_speed": 121.5138,
    "RR_wheel_speed": 138.7776,
    "left_solar": -112,
    "longitudinal_accel": 0.5,
    "meanEffTorque": 49.0,
    "odom": 52,
    "odom_speed": 15.0,
    "pedal_cc": 236.0,
    "regen": 0.0,
    "requestedTorqueAfterProc": -332.5,
    "right_solar": 50,
    "steer_corrected": 206.19999999999982,
    "steer_offset_can": -12.599999999999909,
    "steer_raw": 193.5999999999999,
    "transversal_accel": -0.38399999999998613,
    "utime": 315972379559601000
  },
  {
    "FL_wheel_speed": 125.0166,
    "FR_wheel_speed": 143.448,
    "RL_wheel_speed": 121.7223,
    "RR_wheel_speed": 139.2363,
    "left_solar": -112,
    "longitudinal_accel": 0.5,
    "meanEffTorque": 49.0,
    "odom": 52,
    "odom_speed": 15.0,
    "pedal_cc": 236.0,
    "regen": 0.0,
    "requestedTorqueAfterProc": -332.5,
    "right_solar": 50,
    "steer_corrected": 206.19999999999982,
    "steer_offset_can": -12.599999999999909,
    "steer_raw": 193.5999999999999,
    "transversal_accel": -0.3760000000000048,
    "utime": 315972379659797000
  },
  {
    "FL_wheel_speed": 125.0166,
    "FR_wheel_speed": 143.448,
    "RL_wheel_speed": 121.7223,
    "RR_wheel_speed": 139.2363,
    "left_solar": -112,
    "longitudinal_accel": 0.5,
    "meanEffTorque": 49.0,
    "odom": 52,
    "odom_speed": 15.0,
    "pedal_cc": 236.0,
    "regen": 0.0,
    "requestedTorqueAfterProc": -332.5,
    "right_solar": 50,
    "steer_corrected": 206.0999999999999,
    "steer_offset_can": -12.599999999999909,
    "steer_raw": 193.5,
    "transversal_accel": -0.3760000000000048,
    "utime": 315972379759994000
  },
  {
    "FL_wheel_speed": 125.934,
    "FR_wheel_speed": 140.86260000000001,
    "RL_wheel_speed": 121.5138,
    "RR_wheel_speed": 139.9452,
    "left_solar": -112,
    "longitudinal_accel": 0.5,
    "meanEffTorque": 49.5,
    "odom": 52,
    "odom_speed": 15.0,
    "pedal_cc": 239.0,
    "regen": 0.0,
    "requestedTorqueAfterProc": -332.5,
    "right_solar": 50,
    "steer_corrected": 206.0,
    "steer_offset_can": -12.599999999999909,
    "steer_raw": 193.4000000000001,
    "transversal_accel": -0.36000000000001364,
    "utime": 315972379859526000
  },
  {
    "FL_wheel_speed": 125.934,
    "FR_wheel_speed": 140.86260000000001,
    "RL_wheel_speed": 121.5138,
    "RR_wheel_speed": 139.9452,
    "left_solar": -112,
    "longitudinal_accel": 0.5,
    "meanEffTorque": 49.5,
    "odom": 52,
    "odom_speed": 15.0,
    "pedal_cc": 239.0,
    "regen": 0.0,
    "requestedTorqueAfterProc": -332.5,
    "right_solar": 50,
    "steer_corrected": 205.9000000000001,
    "steer_offset_can": -12.599999999999909,
    "steer_raw": 193.30000000000018,
    "transversal_accel": -0.36000000000001364,
    "utime": 315972379959723000
  },
  {
    "FL_wheel_speed": 125.934,
    "FR_wheel_speed": 143.2395,
    "RL_wheel_speed": 121.5138,
    "RR_wheel_speed": 139.9452,
    "left_solar": -112,
    "longitudinal_accel": 0.45000000000000107,
    "meanEffTorque": 49.5,
    "odom": 52,
    "odom_speed": 15.0,
    "pedal_cc": 238.0,
    "regen": 0.0,
    "requestedTorqueAfterProc": -332.5,
    "right_solar": 50,
    "steer_corrected": 205.9000000000001,
    "steer_offset_can": -12.599999999999909,
    "steer_raw": 193.30000000000018,
    "transversal_accel": -0.35599999999999454,
    "utime": 315972380059901000
  },
  {
    "FL_wheel_speed": 125.934,
    "FR_wheel_speed": 143.2395,
    "RL_wheel_speed": 121.7223,
    "RR_wheel_speed": 139.695,
    "left_solar": -112,
    "longitudinal_accel": 0.45000000000000107,
    "meanEffTorque": 50.0,
    "odom": 52,
    "odom_speed": 15.0,
    "pedal_cc": 242.0,
    "regen": 0.0,
    "requestedTorqueAfterProc": -330.5,
    "right_solar": 50,
    "steer_corrected": 205.79999999999973,
    "steer_offset_can": -12.599999999999909,
    "steer_raw": 193.19999999999982,
    "transversal_accel": -0.35599999999999454,
    "utime": 315972380160097000
  },
  {
    "FL_wheel_speed": 124.7664,
    "FR_wheel_speed": 145.5747,
    "RL_wheel_speed": 121.7223,
    "RR_wheel_speed": 139.695,
    "left_solar": -112,
    "longitudinal_accel": 0.25,
    "meanEffTorque": 50.0,
    "odom": 96,
    "odom_speed": 15.0,
    "pedal_cc": 246.0,
    "regen": 0.0,
    "requestedTorqueAfterProc": -330.5,
    "right_solar": 50,
    "steer_corrected": 205.79999999999973,
    "steer_offset_can": -12.599999999999909,
    "steer_raw": 193.19999999999982,
    "transversal_accel": -0.3640000000000043,
    "utime": 315972380259630000
  },
  {
    "FL_wheel_speed": 124.7664,
    "FR_wheel_speed": 145.5747,
    "RL_wheel_speed": 121.9725,
    "RR_wheel_speed": 140.1954,
    "left_solar": -112,
    "longitudinal_accel": 0.25,
    "meanEffTorque": 50.5,
    "odom": 96,
    "odom_speed": 15.0,
    "pedal_cc": 249.0,
    "regen": 0.0,
    "requestedTorqueAfterProc": -328.5,
    "right_solar": 50,
    "steer_corrected": 205.79999999999973,
    "steer_offset_can": -12.599999999999909,
    "steer_raw": 193.19999999999982,
    "transversal_accel": -0.3640000000000043,
    "utime": 315972380359827000
  },
  {
    "FL_wheel_speed": 125.7255,
    "FR_wheel_speed": 144.1569,
    "RL_wheel_speed": 122.181,
    "RR_wheel_speed": 140.4039,
    "left_solar": -112,
    "longitudinal_accel": 0.3500000000000014,
    "meanEffTorque": 50.5,
    "odom": 96,
    "odom_speed": 15.0,
    "pedal_cc": 249.0,
    "regen": 0.0,
    "requestedTorqueAfterProc": -328.5,
    "right_solar": 50,
    "steer_corrected": 205.5999999999999,
    "steer_offset_can": -12.599999999999909,
    "steer_raw": 193.0,
    "transversal_accel": -0.33199999999999363,
    "utime": 315972380460023000
  },
  {
    "FL_wheel_speed": 125.7255,
    "FR_wheel_speed": 144.1569,
    "RL_wheel_speed": 122.181,
    "RR_wheel_speed": 140.4039,
    "left_solar": -112,
    "longitudinal_accel": 0.3500000000000014,
    "meanEffTorque": 51.0,
    "odom": 96,
    "odom_speed": 15.0,
    "pedal_cc": 252.0,
    "regen": 0.0,
    "requestedTorqueAfterProc": -328.5,
    "right_solar": 50,
    "steer_corrected": 205.5,
    "steer_offset_can": -12.599999999999909,
    "steer_raw": 192.9000000000001,
    "transversal_accel": -0.33199999999999363,
    "utime": 315972380560219000
  },
  {
    "FL_wheel_speed": 127.1433,
    "FR_wheel_speed": 143.6982,
    "RL_wheel_speed": 122.6814,
    "RR_wheel_speed": 140.1954,
    "left_solar": -112,
    "longitudinal_accel": 0.3500000000000014,
    "meanEffTorque": 51.0,
    "odom": 96,
    "odom_speed": 15.0,
    "pedal_cc": 252.0,
    "regen": 0.0,
    "requestedTorqueAfterProc": -328.5,
    "right_solar": 50,
    "steer_corrected": 205.4000000000001,
    "steer_offset_can": -12.599999999999909,
    "steer_raw": 192.80000000000018,
    "transversal_accel": -0.3120000000000118,
    "utime": 315972380659752000
  }
]