[
  {
    "FL_wheel_speed": 125.0166,
    "FR_wheel_speed": 137.1513,
    "RL_wheel_speed": 123.5988,
    "RR_wheel_speed": 135.9837,
    "left_solar": -112,
    "longitudinal_accel": -0.09999999999999964,
    "meanEffTorque": 8.0,
    "odom": 48,
    "odom_speed": 15.0,
    "pedal_cc": 92.0,
    "regen": 0.0,
    "requestedTorqueAfterProc": -376.5,
    "right_solar": 100,
    "steer_corrected": 156.5999999999999,
    "steer_offset_can": -12.599999999999909,
    "steer_raw": 144.0,
    "transversal_accel": -0.3760000000000048,
    "utime": 315973808359734000
  },
  {
    "FL_wheel_speed": 125.0166,
    "FR_wheel_speed": 137.1513,
    "RL_wheel_speed": 123.3903,
    "RR_wheel_speed": 136.2339,
    "left_solar": -112,
    "longitudinal_accel": -0.09999999999999964,
    "meanEffTorque": 8.0,
    "odom": 48,
    "odom_speed": 15.0,
    "pedal_cc": 92.0,
    "regen": 0.0,
    "requestedTorqueAfterProc": -376.5,
    "right_solar": 100,
    "steer_corrected": 157.29999999999973,
    "steer_offset_can": -12.599999999999909,
    "steer_raw": 144.69999999999982,
    "transversal_accel": -0.3760000000000048,
    "utime": 315973808459930000
  },
  {
    "FL_wheel_speed": 125.2668,
    "FR_wheel_speed": 137.6517,
    "RL_wheel_speed": 123.3903,
    "RR_wheel_speed": 136.2339,
    "left_solar": -112,
    "longitudinal_accel": -0.14999999999999858,
    "meanEffTorque": 7.5,
    "odom": 88,
    "odom_speed": 15.0,
    "pedal_cc": 92.0,
    "regen": 0.0,
    "requestedTorqueAfterProc": -376.5,
    "right_solar": 100,
    "steer_corrected": 158.29999999999973,
    "steer_offset_can": -12.599999999999909,
    "steer_raw": 145.69999999999982,
    "transversal_accel": -0.3640000000000043,
    "utime": 315973808560127000
  },
  {
    "FL_wheel_speed": 125.2668,
    "FR_wheel_speed": 137.6517,
    "RL_wheel_speed": 122.8899,
    "RR_wheel_speed": 135.525,
    "left_solar": -112,
    "longitudinal_accel": -0.14999999999999858,
    "meanEffTorque": 7.5,
    "odom": 88,
    "odom_speed": 15.0,
    "pedal_cc": 92.0,
    "regen": 0.0,
    "requestedTorqueAfterProc": -376.5,
    "right_solar": 100,
    "steer_corrected": 159.19999999999982,
    "steer_offset_can": -12.599999999999909,
    "steer_raw": 146.5999999999999,
    "transversal_accel": -0.3640000000000043,
    "utime": 315973808660323000
  },
  {
    "FL_wheel_speed": 124.3077,
    "FR_wheel_speed": 137.6517,
    "RL_wheel_speed": 122.8899,
    "RR_wheel_speed": 135.7752,
    "left_solar": -112,
    "longitudinal_accel": -0.1999999999999993,
    "meanEffTorque": 7.5,
    "odom": 88,
    "odom_speed": 15.0,
    "pedal_cc": 92.0,
    "regen": 0.0,
    "requestedTorqueAfterProc": -376.5,
    "right_solar": 100,
    "steer_corrected": 160.0999999999999,
    "steer_offset_can": -12.599999999999909,
    "steer_raw": 147.5,
    "transversal_accel": -0.36000000000001364,
    "utime": 315973808759856000
  },
  {
    "FL_wheel_speed": 124.3077,
    "FR_wheel_speed": 137.6517,
    "RL_wheel_speed": 122.8899,
    "RR_wheel_speed": 135.7752,
    "left_solar": -112,
    "longitudinal_accel": -0.1999999999999993,
    "meanEffTorque": 7.5,
    "odom": 88,
    "odom_speed": 15.0,
    "pedal_cc": 92.0,
    "regen": 0.0,
    "requestedTorqueAfterProc": -376.5,
    "right_solar": 100,
    "steer_corrected": 161.0,
    "steer_offset_can": -12.599999999999909,
    "steer_raw": 148.4000000000001,
    "transversal_accel": -0.36000000000001364,
    "utime": 315973808860053000
  },
  {
    "FL_wheel_speed": 124.5579,
    "FR_wheel_speed": 137.1513,
    "RL_wheel_speed": 122.181,
    "RR_wheel_speed": 135.2748,
    "left_solar": -112,
    "longitudinal_accel": -0.14999999999999858,
    "meanEffTorque": 7.5,
    "odom": 88,
    "odom_speed": 15.0,
    "pedal_cc": 92.0,
    "regen": 0.0,
    "requestedTorqueAfterProc": -376.5,
    "right_solar": 100,
    "steer_corrected": 161.9000000000001,
    "steer_offset_can": -12.599999999999909,
    "steer_raw": 149.30000000000018,
    "transversal_accel": -0.35599999999999454,
    "utime": 315973808960249000
  },
  {
    "FL_wheel_speed": 124.5579,
    "FR_wheel_speed": 137.1513,
    "RL_wheel_speed": 122.181,
    "RR_wheel_speed": 135.2748,
    "left_solar": -112,
    "longitudinal_accel": -0.14999999999999858,
    "meanEffTorque": 7.5,
    "odom": 88,
    "odom_speed": 15.0,
    "pedal_cc": 92.0,
    "regen": 0.0,
    "requestedTorqueAfterProc": -376.5,
    "right_solar": 100,
    "steer_corrected": 162.79999999999973,
    "steer_offset_can": -12.599999999999909,
    "steer_raw": 150.19999999999982,
    "transversal_accel": -0.35599999999999454,
    "utime": 315973809059772000
  },
  {
    "FL_wheel_speed": 124.7664,
    "FR_wheel_speed": 137.1513,
    "RL_wheel_speed": 122.181,
    "RR_wheel_speed": 135.2748,
    "left_solar": -112,
    "longitudinal_accel": -0.14999999999999858,
    "meanEffTorque": 7.0,
    "odom": 88,
    "odom_speed": 15.0,
    "pedal_cc": 92.0,
    "regen": 0.0,
    "requestedTorqueAfterProc": -376.5,
    "right_solar": 100,
    "steer_corrected": 163.5999999999999,
    "steer_offset_can": -12.599999999999909,
    "steer_raw": 151.0,
    "transversal_accel": -0.35599999999999454,
    "utime": 315973809159968000
  },
  {
    "FL_wheel_speed": 124.7664,
    "FR_wheel_speed": 137.1513,
    "RL_wheel_speed": 122.181,
    "RR_wheel_speed": 135.0663,
    "left_solar": -112,
    "longitudinal_accel": -0.14999999999999858,
    "meanEffTorque": 7.0,
    "odom": 88,
    "odom_speed": 15.0,
    "pedal_cc": 92.0,
    "regen": 0.0,
    "requestedTorqueAfterProc": -376.5,
    "right_solar": 100,
    "steer_corrected": 164.4000000000001,
    "steer_offset_can": -12.599999999999909,
    "steer_raw": 151.80000000000018,
    "transversal_accel": -0.35599999999999454,
    "utime": 315973809260165000
  },
  {
    "FL_wheel_speed": 123.849,
    "FR_wheel_speed": 137.4015,
    "RL_wheel_speed": 122.181,
    "RR_wheel_speed": 135.0663,
    "left_solar": -112,
    "longitudinal_accel": -0.09999999999999964,
    "meanEffTorque": 7.0,
    "odom": 88,
    "odom_speed": 15.0,
    "pedal_cc": 92.0,
    "regen": 0.0,
    "requestedTorqueAfterProc": -376.5,
    "right_solar": 100,
    "steer_corrected": 165.29999999999973,
    "steer_offset_can": -12.599999999999909,
    "steer_raw": 152.69999999999982,
    "transversal_accel": -0.35599999999999454,
    "utime": 315973809359698000
  },
  {
    "FL_wheel_speed": 123.849,
    "FR_wheel_speed": 137.4015,
    "RL_wheel_speed": 121.9725,
    "RR_wheel_speed": 134.8161,
    "left_solar": -112,
    "longitudinal_accel": -0.09999999999999964,
    "meanEffTorque": 7.0,
    "odom": 88,
    "odom_speed": 15.0,
    "pedal_cc": 92.0,
    "regen": 0.0,
    "requestedTorqueAfterProc": -376.5,
    "right_solar": 100,
    "steer_corrected": 166.29999999999973,
    "steer_offset_can": -12.599999999999909,
    "steer_raw": 153.69999999999982,
    "transversal_accel": -0.35599999999999454,
    "utime": 315973809459894000
  },
  {
    "FL_wheel_speed": 123.3903,
    "FR_wheel_speed": 137.1513,
    "RL_wheel_speed": 121.9725,
    "RR_wheel_speed": 134.8161,
    "left_solar": -112,
    "longitudinal_accel": -0.14999999999999858,
    "meanEffTorque": 7.0,
    "odom": 8,
    "odom_speed": 14.0,
    "pedal_cc": 92.0,
    "regen": 0.0,
    "requestedTorqueAfterProc": -376.5,
    "right_solar": 100,
    "steer_corrected": 167.19999999999982,
    "steer_offset_can": -12.599999999999909,
    "steer_raw": 154.5999999999999,
    "transversal_accel": -0.35599999999999454,
    "utime": 315973809560091000
  },
  {
    "FL_wheel_speed": 123.3903,
    "FR_wheel_speed": 137.1513,
    "RL_wheel_speed": 121.7223,
    "RR_wheel_speed": 135.0663,
    "left_solar": -112,
    "longitudinal_accel": -0.14999999999999858,
    "meanEffTorque": 7.0,
    "odom": 8,
    "odom_speed": 14.0,
    "pedal_cc": 92.0,
    "regen": 0.0,
    "requestedTorqueAfterProc": -376.5,
    "right_solar": 100,
    "steer_corrected": 168.0999999999999,
    "steer_offset_can": -12.599999999999909,
    "steer_raw": 155.5,
    "transversal_accel": -0.35599999999999454,
    "utime": 315973809659624000
  },
  {
    "FL_wheel_speed": 123.5988,
    "FR_wheel_speed": 136.6926,
    "RL_wheel_speed": 121.7223,
    "RR_wheel_speed": 135.0663,
    "left_solar": -112,
    "longitudinal_accel": -0.25,
    "meanEffTorque": 7.0,
    "odom": 8,
    "odom_speed": 14.0,
    "pedal_cc": 92.0,
    "regen": 0.0,
    "requestedTorqueAfterProc": -376.5,
    "right_solar": 100,
    "steer_corrected": 169.0,
    "steer_offset_can": -12.599999999999909,
    "steer_raw": 156.4000000000001,
    "transversal_accel": -0.3439999999999941,
    "utime": 315973809759820000
  },
  {
    "FL_wheel_speed": 123.5988,
    "FR_wheel_speed": 136.6926,
    "RL_wheel_speed": 121.2636,
    "RR_wheel_speed": 135.0663,
    "left_solar": -112,
    "longitudinal_accel": -0.25,
    "meanEffTorque": 7.0,
    "odom": 8,
    "odom_speed": 14.0,
    "pedal_cc": 92.0,
    "regen": 0.0,
    "requestedTorqueAfterProc": -376.5,
    "right_solar": 100,
    "steer_corrected": 170.0,
    "steer_offset_can": -12.599999999999909,
    "steer_raw": 157.4000000000001,
    "transversal_accel": -0.3439999999999941,
    "utime": 315973809860017000
  },
  {
    "FL_wheel_speed": 123.849,
    "FR_wheel_speed": 136.6926,
    "RL_wheel_speed": 121.2636,
    "RR_wheel_speed": 135.0663,
    "left_solar": -112,
    "longitudinal_accel": -0.25,
    "meanEffTorque": 7.0,
    "odom": 8,
    "odom_speed": 14.0,
    "pedal_cc": 92.0,
    "regen": 0.0,
    "requestedTorqueAfterProc": -376.5,
    "right_solar": 100,
    "steer_corrected": 171.0,
    "steer_offset_can": -12.599999999999909,
    "steer_raw": 158.4000000000001,
    "transversal_accel": -0.33600000000001273,
    "utime": 315973809960213000
  },
  {
    "FL_wheel_speed": 123.849,
    "FR_wheel_speed": 136.6926,
    "RL_wheel_speed": 121.2636,
    "RR_wheel_speed": 135.0663,
    "left_solar": -112,
    "longitudinal_accel": -0.25,
    "meanEffTorque": 6.5,
    "odom": 8,
    "odom_speed": 14.0,
    "pedal_cc": 92.0,
    "regen": 0.0,
    "requestedTorqueAfterProc": -376.5,
    "right_solar": 100,
    "steer_corrected": 171.69999999999982,
    "steer_offset_can": -12.599999999999909,
    "steer_raw": 159.0999999999999,
    "transversal_accel": -0.33600000000001273,
    "utime": 315973810059736000
  },
  {
    "FL_wheel_speed": 123.3903,
    "FR_wheel_speed": 137.1513,
    "RL_wheel_speed": 121.2636,
    "RR_wheel_speed": 135.0663,
    "left_solar": -112,
    "longitudinal_accel": -0.14999999999999858,
    "meanEffTorque": 6.5,
    "odom": 8,
    "odom_speed": 14.0,
    "pedal_cc": 92.0,
    "regen": 0.0,
    "requestedTorqueAfterProc": -376.5,
    "right_solar": 100,
    "steer_corrected": 172.69999999999982,
    "steer_offset_can": -12.599999999999909,
    "steer_raw": 160.0999999999999,
    "transversal_accel": -0.3400000000000034,
    "utime": 315973810159932000
  },
  {
    "FL_wheel_speed": 123.3903,
    "FR_wheel_speed": 137.1513,
    "RL_wheel_speed": 121.0134,
    "RR_wheel_speed": 134.8161,
    "left_solar": -112,
    "longitudinal_accel": -0.14999999999999858,
    "meanEffTorque": 6.5,
    "odom": 8,
    "odom_speed": 14.0,
    "pedal_cc": 92.0,
    "regen": 0.0,
    "requestedTorqueAfterProc": -376.5,
    "right_solar": 100,
    "steer_corrected": 173.5999999999999,
    "steer_offset_can": -12.599999999999909,
    "steer_raw": 161.0,
    "transversal_accel": -0.3400000000000034,
    "utime": 315973810260129000
  },
  {
    "FL_wheel_speed": 123.1401,
    "FR_wheel_speed": 137.1513,
    "RL_wheel_speed": 121.0134,
    "RR_wheel_speed": 134.8161,
    "left_solar": -112,
    "longitudinal_accel": -0.25,
    "meanEffTorque": 6.5,
    "odom": 8,
    "odom_speed": 14.0,
    "pedal_cc": 92.0,
    "regen": 0.0,
    "requestedTorqueAfterProc": -376.5,
    "right_solar": 100,
    "steer_corrected": 174.5,
    "steer_offset_can": -12.599999999999909,
    "steer_raw": 161.9000000000001,
    "transversal_accel": -0.3400000000000034,
    "utime": 315973810360325000
  },
  {
    "FL_wheel_speed": 123.1401,
    "FR_wheel_speed": 137.1513,
    "RL_wheel_speed": 120.8049,
    "RR_wheel_speed": 135.0663,
    "left_solar": -112,
    "longitudinal_accel": -0.25,
    "meanEffTorque": 6.5,
    "odom": 8,
    "odom_speed": 14.0,
    "pedal_cc": 92.0,
    "regen": 0.0,
    "requestedTorqueAfterProc": -376.5,
    "right_solar": 100,
    "steer_corrected": 175.4000000000001,
    "steer_offset_can": -12.599999999999909,
    "steer_raw": 162.80000000000018,
    "transversal_accel": -0.3400000000000034,
    "utime": 315973810459858000
  },
  {
    "FL_wheel_speed": 123.3903,
    "FR_wheel_speed": 137.1513,
    "RL_wheel_speed": 120.8049,
    "RR_wheel_speed": 135.0663,
    "left_solar": -112,
    "longitudinal_accel": -0.29999999999999893,
    "meanEffTorque": 6.5,
    "odom": 48,
    "odom_speed": 14.0,
    "pedal_cc": 92.0,
    "regen": 0.0,
    "requestedTorqueAfterProc": -376.5,
    "right_solar": 100,
    "steer_corrected": 176.19999999999982,
    "steer_offset_can": -12.599999999999909,
    "steer_raw": 163.5999999999999,
    "transversal_accel": -0.32800000000000296,
    "utime": 315973810560055000
  },
  {
    "FL_wheel_speed": 123.3903,
    "FR_wheel_speed": 137.1513,
    "RL_wheel_speed": 120.5547,
    "RR_wheel_speed": 134.6076,
    "left_solar": -112,
    "longitudinal_accel": -0.29999999999999893,
    "meanEffTorque": 6.5,
    "odom": 48,
    "odom_speed": 14.0,
    "pedal_cc": 92.0,
    "regen": 0.0,
    "requestedTorqueAfterProc": -376.5,
    "right_solar": 100,
    "steer_corrected": 177.0,
    "steer_offset_can": -12.599999999999909,
    "steer_raw": 164.4000000000001,
    "transversal_accel": -0.32800000000000296,
    "utime": 315973810660251000
  },
  {
    "FL_wheel_speed": 122.8899,
    "FR_wheel_speed": 137.4015,
    "RL_wheel_speed": 120.3045,
    "RR_wheel_speed": 134.6076,
    "left_solar": -112,
    "longitudinal_accel": -0.25,
    "meanEffTorque": 6.5,
    "odom": 48,
    "odom_speed": 14.0,
    "pedal_cc": 92.0,
    "regen": 0.0,
    "requestedTorqueAfterProc": -376.5,
    "right_solar": 100,
    "steer_corrected": 177.9000000000001,
    "steer_offset_can": -12.599999999999909,
    "steer_raw": 165.30000000000018,
    "transversal_accel": -0.32800000000000296,
    "utime": 315973810759784000
  },
  {
    "FL_wheel_speed": 122.8899,
    "FR_wheel_speed": 137.4015,
    "RL_wheel_speed": 120.3045,
    "RR_wheel_speed": 134.6076,
    "left_solar": -112,
    "longitudinal_accel": -0.25,
    "meanEffTorque": 6.5,
    "odom": 48,
    "odom_speed": 14.0,
    "pedal_cc": 92.0,
    "regen": 0.0,
    "requestedTorqueAfterProc": -376.5,
    "right_solar": 100,
    "steer_corrected": 178.5,
    "steer_offset_can": -12.599999999999909,
    "steer_raw": 165.9000000000001,
    "transversal_accel": -0.32800000000000296,
    "utime": 315973810859980000
  },
  {
    "FL_wheel_speed": 122.4312,
    "FR_wheel_speed": 136.6926,
    "RL_wheel_speed": 119.8458,
    "RR_wheel_speed": 134.6076,
    "left_solar": -112,
    "longitudinal_accel": -0.14999999999999858,
    "meanEffTorque": 6.5,
    "odom": 48,
    "odom_speed": 14.0,
    "pedal_cc": 92.0,
    "regen": 0.0,
    "requestedTorqueAfterProc": -376.5,
    "right_solar": 100,
    "steer_corrected": 179.29999999999973,
    "steer_offset_can": -12.599999999999909,
    "steer_raw": 166.69999999999982,
    "transversal_accel": -0.3199999999999932,
    "utime": 315973810960177000
  },
  {
    "FL_wheel_speed": 122.4312,
    "FR_wheel_speed": 136.6926,
    "RL_wheel_speed": 119.8458,
    "RR_wheel_speed": 134.6076,
    "left_solar": -112,
    "longitudinal_accel": -0.14999999999999858,
    "meanEffTorque": 6.5,
    "odom": 48,
    "odom_speed": 14.0,
    "pedal_cc": 92.0,
    "regen": 0.0,
    "requestedTorqueAfterProc": -376.5,
    "right_solar": 100,
    "steer_corrected": 180.0999999999999,
    "steer_offset_can": -12.599999999999909,
    "steer_raw": 167.5,
    "transversal_accel": -0.3199999999999932,
    "utime": 315973811059700000
  },
  {
    "FL_wheel_speed": 122.6814,
    "FR_wheel_speed": 137.1513,
    "RL_wheel_speed": 119.6373,
    "RR_wheel_speed": 134.3574,
    "left_solar": -112,
    "longitudinal_accel": -0.14999999999999858,
    "meanEffTorque": 6.5,
    "odom": 48,
    "odom_speed": 14.0,
    "pedal_cc": 92.0,
    "regen": 0.0,
    "requestedTorqueAfterProc": -376.5,
    "right_solar": 100,
    "steer_corrected": 180.9000000000001,
    "steer_offset_can": -12.599999999999909,
    "steer_raw": 168.30000000000018,
    "transversal_accel": -0.3240000000000123,
    "utime": 315973811159896000
  },
  {
    "FL_wheel_speed": 122.6814,
    "FR_wheel_speed": 137.1513,
    "RL_wheel_speed": 119.6373,
    "RR_wheel_speed": 134.3574,
    "left_solar": -112,
    "longitudinal_accel": -0.14999999999999858,
    "meanEffTorque": 6.5,
    "odom": 48,
    "odom_speed": 14.0,
    "pedal_cc": 92.0,
    "regen": 0.0,
    "requestedTorqueAfterProc": -376.5,
    "right_solar": 100,
    "steer_corrected": 181.5999999999999,
    "steer_offset_can": -12.599999999999909,
    "steer_raw": 169.0,
    "transversal_accel": -0.3240000000000123,
    "utime": 315973811260093000
  },
  {
    "FL_wheel_speed": 122.181,
    "FR_wheel_speed": 136.9428,
    "RL_wheel_speed": 119.6373,
    "RR_wheel_speed": 134.3574,
    "left_solar": -112,
    "longitudinal_accel": -0.25,
    "meanEffTorque": 6.5,
    "odom": 48,
    "odom_speed": 14.0,
    "pedal_cc": 92.0,
    "regen": 0.0,
    "requestedTorqueAfterProc": -376.5,
    "right_solar": 100,
    "steer_corrected": 182.4000000000001,
    "steer_offset_can": -12.599999999999909,
    "steer_raw": 169.80000000000018,
    "transversal_accel": -0.33199999999999363,
    "utime": 315973811359626000
  },
  {
    "FL_wheel_speed": 122.181,
    "FR_wheel_speed": 136.9428,
    "RL_wheel_speed": 119.3871,
    "RR_wheel_speed": 134.3574,
    "left_solar": -112,
    "longitudinal_accel": -0.25,
    "meanEffTorque": 6.5,
    "odom": 48,
    "odom_speed": 14.0,
    "pedal_cc": 92.0,
    "regen": 0.0,
    "requestedTorqueAfterProc": -376.5,
    "right_solar": 100,
    "steer_corrected": 183.0999999999999,
    "steer_offset_can": -12.599999999999909,
    "steer_raw": 170.5,
    "transversal_accel": -0.33199999999999363,
    "utime": 315973811459822000
  },
  {
    "FL_wheel_speed": 122.181,
    "FR_wheel_speed": 136.4841,
    "RL_wheel_speed": 119.3871,
    "RR_wheel_speed": 134.3574,
    "left_solar": -112,
    "longitudinal_accel": -0.25,
    "meanEffTorque": 6.5,
    "odom": 88,
    "odom_speed": 14.0,
    "pedal_cc": 98.0,
    "regen": 0.0,
    "requestedTorqueAfterProc": -374.5,
    "right_solar": 100,
    "steer_corrected": 183.9000000000001,
    "steer_offset_can": -12.599999999999909,
    "steer_raw": 171.30000000000018,
    "transversal_accel": -0.33199999999999363,
    "utime": 315973811560019000
  },
  {
    "FL_wheel_speed": 122.181,
    "FR_wheel_speed": 136.4841,
    "RL_wheel_speed": 118.9284,
    "RR_wheel_speed": 134.3574,
    "left_solar": -112,
    "longitudinal_accel": -0.25,
    "meanEffTorque": 6.5,
    "odom": 88,
    "odom_speed": 14.0,
    "pedal_cc": 98.0,
    "regen": 0.0,
    "requestedTorqueAfterProc": -374.5,
    "right_solar": 100,
    "steer_corrected": 184.5999999999999,
    "steer_offset_can": -12.599999999999909,
    "steer_raw": 172.0,
    "transversal_accel": -0.33199999999999363,
    "utime": 315973811660215000
  },
  {
    "FL_wheel_speed": 122.181,
    "FR_wheel_speed": 136.4841,
    "RL_wheel_speed": 118.6782,
    "RR_wheel_speed": 133.8987,
    "left_solar": -112,
    "longitudinal_accel": -0.25,
    "meanEffTorque": 6.5,
    "odom": 88,
    "odom_speed": 14.0,
    "pedal_cc": 98.0,
    "regen": 0.0,
    "requestedTorqueAfterProc": -374.5,
    "right_solar": 100,
    "steer_corrected": 185.19999999999982,
    "steer_offset_can": -12.599999999999909,
    "steer_raw": 172.5999999999999,
    "transversal_accel": -0.33199999999999363,
    "utime": 315973811759748000
  },
  {
    "FL_wheel_speed": 122.181,
    "FR_wheel_speed": 136.4841,
    "RL_wheel_speed": 118.6782,
    "RR_wheel_speed": 133.8987,
    "left_solar": -112,
    "longitudinal_accel": -0.25,
    "meanEffTorque": 7.0,
    "odom": 88,
    "odom_speed": 14.0,
    "pedal_cc": 98.0,
    "regen": 0.0,
    "requestedTorqueAfterProc": -374.5,
    "right_solar": 100,
    "steer_corrected": 186.0,
    "steer_offset_can": -12.599999999999909,
    "steer_raw": 173.4000000000001,
    "transversal_accel": -0.33199999999999363,
    "utime": 315973811859944000
  },
  {
    "FL_wheel_speed": 121.5138,
    "FR_wheel_speed": 136.4841,
    "RL_wheel_speed": 118.6782,
    "RR_wheel_speed": 133.8987,
    "left_solar": -112,
    "longitudinal_accel": -0.29999999999999893,
    "meanEffTorque": 7.0,
    "odom": 88,
    "odom_speed": 14.0,
    "pedal_cc": 98.0,
    "regen": 0.0,
    "requestedTorqueAfterProc": -374.5,
    "right_solar": 100,
    "steer_corrected": 186.5999999999999,
    "steer_offset_can": -12.599999999999909,
    "steer_raw": 174.0,
    "transversal_accel": -0.3400000000000034,
    "utime": 315973811960141000
  },
  {
    "FL_wheel_speed": 121.5138,
    "FR_wheel_speed": 136.4841,
    "RL_wheel_speed": 118.428,
    "RR_wheel_speed": 134.3574,
    "left_solar": -112,
    "longitudinal_accel": -0.29999999999999893,
    "meanEffTorque": 7.0,
    "odom": 88,
    "odom_speed": 14.0,
    "pedal_cc": 103.0,
    "regen": 0.0,
    "requestedTorqueAfterProc": -374.5,
    "right_solar": 100,
    "steer_corrected": 187.29999999999973,
    "steer_offset_can": -12.599999999999909,
    "steer_raw": 174.69999999999982,
    "transversal_accel": -0.3400000000000034,
    "utime": 315973812059664000
  },
  {
    "FL_wheel_speed": 121.5138,
    "FR_wheel_speed": 136.4841,
    "RL_wheel_speed": 118.2195,
    "RR_wheel_speed": 133.8987,
    "left_solar": -112,
    "longitudinal_accel": -0.29999999999999893,
    "meanEffTorque": 7.0,
    "odom": 88,
    "odom_speed": 14.0,
    "pedal_cc": 103.0,
    "regen": 0.0,
    "requestedTorqueAfterProc": -374.5,
    "right_solar": 100,
    "steer_corrected": 188.0,
    "steer_offset_can": -12.599999999999909,
    "steer_raw": 175.4000000000001,
    "transversal_accel": -0.3439999999999941,
    "utime": 315973812159860000
  },
  {
    "FL_wheel_speed": 121.5138,
    "FR_wheel_speed": 136.4841,
    "RL_wheel_speed": 118.2195,
    "RR_wheel_speed": 133.8987,
    "left_solar": -112,
    "longitudinal_accel": -0.29999999999999893,
    "meanEffTorque": 7.5,
    "odom": 88,
    "odom_speed": 14.0,
    "pedal_cc": 103.0,
    "regen": 0.0,
    "requestedTorqueAfterProc": -374.5,
    "right_solar": 100,
    "steer_corrected": 188.5999999999999,
    "steer_offset_can": -12.599999999999909,
    "steer_raw": 176.0,
    "transversal_accel": -0.3439999999999941,
    "utime": 315973812260057000
  },
  {
    "FL_wheel_speed": 121.5138,
    "FR_wheel_speed": 136.2339,
    "RL_wheel_speed": 118.2195,
    "RR_wheel_speed": 133.8987,
    "left_solar": -112,
    "longitudinal_accel": -0.25,
    "meanEffTorque": 7.5,
    "odom": 88,
    "odom_speed": 14.0,
    "pedal_cc": 103.0,
    "regen": 0.0,
    "requestedTorqueAfterProc": -374.5,
    "right_solar": 100,
    "steer_corrected": 189.29999999999973,
    "steer_offset_can": -12.599999999999909,
    "steer_raw": 176.69999999999982,
    "transversal_accel": -0.3439999999999941,
    "utime": 315973812360253000
  },
  {
    "FL_wheel_speed": 121.5138,
    "FR_wheel_speed": 136.2339,
    "RL_wheel_speed": 117.9693,
    "RR_wheel_speed": 133.8987,
    "left_solar": -112,
    "longitudinal_accel": -0.25,
    "meanEffTorque": 7.5,
    "odom": 88,
    "odom_speed": 14.0,
    "pedal_cc": 103.0,
    "regen": 0.0,
    "requestedTorqueAfterProc": -374.5,
    "right_solar": 100,
    "steer_corrected": 190.0,
    "steer_offset_can": -12.599999999999909,
    "steer_raw": 177.4000000000001,
    "transversal_accel": -0.3439999999999941,
    "utime": 315973812459786000
  },
  {
    "FL_wheel_speed": 121.0134,
    "FR_wheel_speed": 136.4841,
    "RL_wheel_speed": 117.9693,
    "RR_wheel_speed": 133.8987,
    "left_solar": -112,
    "longitudinal_accel": -0.25,
    "meanEffTorque": 8.0,
    "odom": 8,
    "odom_speed": 14.0,
    "pedal_cc": 103.0,
    "regen": 0.0,
    "requestedTorqueAfterProc": -374.5,
    "right_solar": 100,
    "steer_corrected": 190.5999999999999,
    "steer_offset_can": -12.599999999999909,
    "steer_raw": 178.0,
    "transversal_accel": -0.3480000000000132,
    "utime": 315973812559982000
  },
  {
    "FL_wheel_speed": 121.0134,
    "FR_wheel_speed": 136.4841,
    "RL_wheel_speed": 117.5106,
    "RR_wheel_speed": 133.6485,
    "left_solar": -112,
    "longitudinal_accel": -0.25,
    "meanEffTorque": 8.0,
    "odom": 8,
    "odom_speed": 14.0,
    "pedal_cc": 103.0,
    "regen": 0.0,
    "requestedTorqueAfterProc": -374.5,
    "right_solar": 100,
    "steer_corrected": 191.29999999999973,
    "steer_offset_can": -12.599999999999909,
    "steer_raw": 178.69999999999982,
    "transversal_accel": -0.3480000000000132,
    "utime": 315973812660179000
  },
  {
    "FL_wheel_speed": 121.0134,
    "FR_wheel_speed": 136.2339,
    "RL_wheel_speed": 117.5106,
    "RR_wheel_speed": 133.6485,
    "left_solar": -112,
    "longitudinal_accel": -0.25,
    "meanEffTorque": 8.0,
    "odom": 8,
    "odom_speed": 14.0,
    "pedal_cc": 107.0,
    "regen": 0.0,
    "requestedTorqueAfterProc": -372.5,
    "right_solar": 100,
    "steer_corrected": 191.9000000000001,
    "steer_offset_can": -12.599999999999909,
    "steer_raw": 179.30000000000018,
    "transversal_accel": -0.35599999999999454,
    "utime": 315973812759712000
  },
  {
    "FL_wheel_speed": 121.0134,
    "FR_wheel_speed": 136.2339,
    "RL_wheel_speed": 117.5106,
    "RR_wheel_speed": 133.6485,
    "left_solar": -112,
    "longitudinal_accel": -0.25,
    "meanEffTorque": 8.5,
    "odom": 8,
    "odom_speed": 14.0,
    "pedal_cc": 107.0,
    "regen": 0.0,
    "requestedTorqueAfterProc": -372.5,
    "right_solar": 100,
    "steer_corrected": 192.69999999999982,
    "steer_offset_can": -12.599999999999909,
    "steer_raw": 180.0999999999999,
    "transversal_accel": -0.35599999999999454,
    "utime": 315973812859908000
  },
  {
    "FL_wheel_speed": 121.7223,
    "FR_wheel_speed": 135.9837,
    "RL_wheel_speed": 117.2604,
    "RR_wheel_speed": 133.1898,
    "left_solar": -112,
    "longitudinal_accel": -0.25,
    "meanEffTorque": 8.5,
    "odom": 8,
    "odom_speed": 14.0,
    "pedal_cc": 112.0,
    "regen": 0.0,
    "requestedTorqueAfterProc": -370.5,
    "right_solar": 100,
    "steer_corrected": 193.4000000000001,
    "steer_offset_can": -12.599999999999909,
    "steer_raw": 180.80000000000018,
    "transversal_accel": -0.35599999999999454,
    "utime": 315973812960105000
  },
  {
    "FL_wheel_speed": 121.7223,
    "FR_wheel_speed": 135.9837,
    "RL_wheel_speed": 117.2604,
    "RR_wheel_speed": 133.1898,
    "left_solar": -112,
    "longitudinal_accel": -0.25,
    "meanEffTorque": 9.0,
    "odom": 8,
    "odom_speed": 14.0,
    "pedal_cc": 112.0,
    "regen": 0.0,
    "requestedTorqueAfterProc": -370.5,
    "right_solar": 100,
    "steer_corrected": 194.0,
    "steer_offset_can": -12.599999999999909,
    "steer_raw": 181.4000000000001,
    "transversal_accel": -0.35599999999999454,
    "utime": 315973813060291000
  },
  {
    "FL_wheel_speed": 121.2636,
    "FR_wheel_speed": 135.7752,
    "RL_wheel_speed": 117.2604,
    "RR_wheel_speed": 133.3983,
    "left_solar": -112,
    "longitudinal_accel": -0.1999999999999993,
    "meanEffTorque": 9.0,
    "odom": 8,
    "odom_speed": 14.0,
    "pedal_cc": 117.0,
    "regen": 0.0,
    "requestedTorqueAfterProc": -368.5,
    "right_solar": 100,
    "steer_corrected": 194.5999999999999,
    "steer_offset_can": -12.599999999999909,
    "steer_raw": 182.0,
    "transversal_accel": -0.36000000000001364,
    "utime": 315973813159824000
  },
  {
    "FL_wheel_speed": 121.2636,
    "FR_wheel_speed": 135.7752,
    "RL_wheel_speed": 117.2604,
    "RR_wheel_speed": 133.3983,
    "left_solar": -112,
    "longitudinal_accel": -0.1999999999999993,
    "meanEffTorque": 9.5,
    "odom": 8,
    "odom_speed": 14.0,
    "pedal_cc": 121.0,
    "regen": 0.0,
    "requestedTorqueAfterProc": -368.5,
    "right_solar": 100,
    "steer_corrected": 195.4000000000001,
    "steer_offset_can": -12.599999999999909,
    "steer_raw": 182.80000000000018,
    "transversal_accel": -0.36000000000001364,
    "utime": 315973813260020000
  },
  {
    "FL_wheel_speed": 120.3045,
    "FR_wheel_speed": 135.9837,
    "RL_wheel_speed": 117.2604,
    "RR_wheel_speed": 133.3983,
    "left_solar": -112,
    "longitudinal_accel": -0.14999999999999858,
    "meanEffTorque": 10.0,
    "odom": 8,
    "odom_speed": 14.0,
    "pedal_cc": 121.0,
    "regen": 0.0,
    "requestedTorqueAfterProc": -368.5,
    "right_solar": 100,
    "steer_corrected": 196.0999999999999,
    "steer_offset_can": -12.599999999999909,
    "steer_raw": 183.5,
    "transversal_accel": -0.3640000000000043,
    "utime": 315973813360217000
  },
  {
    "FL_wheel_speed": 120.3045,
    "FR_wheel_speed": 135.9837,
    "RL_wheel_speed": 117.2604,
    "RR_wheel_speed": 133.3983,
    "left_solar": -112,
    "longitudinal_accel": -0.14999999999999858,
    "meanEffTorque": 10.0,
    "odom": 8,
    "odom_speed": 14.0,
    "pedal_cc": 126.0,
    "regen": 0.0,
    "requestedTorqueAfterProc": -366.5,
    "right_solar": 100,
    "steer_corrected": 196.5999999999999,
    "steer_offset_can": -12.599999999999909,
    "steer_raw": 184.0,
    "transversal_accel": -0.3640000000000043,
    "utime": 315973813459750000
  },
  {
    "FL_wheel_speed": 119.8458,
    "FR_wheel_speed": 135.9837,
    "RL_wheel_speed": 117.2604,
    "RR_wheel_speed": 133.3983,
    "left_solar": -112,
    "longitudinal_accel": -0.1999999999999993,
    "meanEffTorque": 10.5,
    "odom": 52,
    "odom_speed": 14.0,
    "pedal_cc": 126.0,
    "regen": 0.0,
    "requestedTorqueAfterProc": -366.5,
    "right_solar": 100,
    "steer_corrected": 197.19999999999982,
    "steer_offset_can": -12.599999999999909,
    "steer_raw": 184.5999999999999,
    "transversal_accel": -0.3640000000000043,
    "utime": 315973813559946000
  },
  {
    "FL_wheel_speed": 119.8458,
    "FR_wheel_speed": 135.9837,
    "RL_wheel_speed": 117.0519,
    "RR_wheel_speed": 133.3983,
    "left_solar": -112,
    "longitudinal_accel": -0.1999999999999993,
    "meanEffTorque": 11.0,
    "odom": 52,
    "odom_speed": 14.0,
    "pedal_cc": 126.0,
    "regen": 0.0,
    "requestedTorqueAfterProc": -366.5,
    "right_solar": 100,
    "steer_corrected": 197.9000000000001,
    "steer_offset_can": -12.599999999999909,
    "steer_raw": 185.30000000000018,
    "transversal_accel": -0.3640000000000043,
    "utime": 315973813660143000
  },
  {
    "FL_wheel_speed": 120.5547,
    "FR_wheel_speed": 135.7752,
    "RL_wheel_speed": 117.0519,
    "RR_wheel_speed": 133.3983,
    "left_solar": -112,
    "longitudinal_accel": -0.25,
    "meanEffTorque": 11.5,
    "odom": 52,
    "odom_speed": 14.0,
    "pedal_cc": 130.0,
    "regen": 0.0,
    "requestedTorqueAfterProc": -364.5,
    "right_solar": 100,
    "steer_corrected": 198.4000000000001,
    "steer_offset_can": -12.599999999999909,
    "steer_raw": 185.80000000000018,
    "transversal_accel": -0.35599999999999454,
    "utime": 315973813759676000
  },
  {
    "FL_wheel_speed": 120.5547,
    "FR_wheel_speed": 135.7752,
    "RL_wheel_speed": 116.8434,
    "RR_wheel_speed": 133.3983,
    "left_solar": -112,
    "longitudinal_accel": -0.25,
    "meanEffTorque": 12.0,
    "odom": 52,
    "odom_speed": 14.0,
    "pedal_cc": 130.0,
    "regen": 0.0,
    "requestedTorqueAfterProc": -364.5,
    "right_solar": 100,
    "steer_corrected": 199.0,
    "steer_offset_can": -12.599999999999909,
    "steer_raw": 186.4000000000001,
    "transversal_accel": -0.35599999999999454,
    "utime": 315973813859872000
  },
  {
    "FL_wheel_speed": 119.8458,
    "FR_wheel_speed": 135.9837,
    "RL_wheel_speed": 116.8434,
    "RR_wheel_speed": 133.3983,
    "left_solar": -112,
    "longitudinal_accel": -0.25,
    "meanEffTorque": 12.0,
    "odom": 52,
    "odom_speed": 14.0,
    "pedal_cc": 130.0,
    "regen": 0.0,
    "requestedTorqueAfterProc": -364.5,
    "right_solar": 100,
    "steer_corrected": 199.5,
    "steer_offset_can": -12.599999999999909,
    "steer_raw": 186.9000000000001,
    "transversal_accel": -0.35599999999999454,
    "utime": 315973813960069000
  },
  {
    "FL_wheel_speed": 119.8458,
    "FR_wheel_speed": 135.9837,
    "RL_wheel_speed": 116.38470000000001,
    "RR_wheel_speed": 133.3983,
    "left_solar": -112,
    "longitudinal_accel": -0.25,
    "meanEffTorque": 12.5,
    "odom": 52,
    "odom_speed": 14.0,
    "pedal_cc": 130.0,
    "regen": 0.0,
    "requestedTorqueAfterProc": -364.5,
    "right_solar": 100,
    "steer_corrected": 200.0999999999999,
    "steer_offset_can": -12.599999999999909,
    "steer_raw": 187.5,
    "transversal_accel": -0.35599999999999454,
    "utime": 315973814059591000
  },
  {
    "FL_wheel_speed": 120.096,
    "FR_wheel_speed": 135.9837,
    "RL_wheel_speed": 116.38470000000001,
    "RR_wheel_speed": 133.1898,
    "left_solar": -112,
    "longitudinal_accel": -0.25,
    "meanEffTorque": 13.0,
    "odom": 52,
    "odom_speed": 14.0,
    "pedal_cc": 130.0,
    "regen": 0.0,
    "requestedTorqueAfterProc": -364.5,
    "right_solar": 100,
    "steer_corrected": 200.5999999999999,
    "steer_offset_can": -12.599999999999909,
    "steer_raw": 188.0,
    "transversal_accel": -0.3640000000000043,
    "utime": 315973814159788000
  },
  {
    "FL_wheel_speed": 120.096,
    "FR_wheel_speed": 135.9837,
    "RL_wheel_speed": 116.38470000000001,
    "RR_wheel_speed": 133.1898,
    "left_solar": -112,
    "longitudinal_accel": -0.25,
    "meanEffTorque": 13.5,
    "odom": 52,
    "odom_speed": 14.0,
    "pedal_cc": 136.0,
    "regen": 0.0,
    "requestedTorqueAfterProc": -362.5,
    "right_solar": 100,
    "steer_corrected": 201.0,
    "steer_offset_can": -12.599999999999909,
    "steer_raw": 188.4000000000001,
    "transversal_accel": -0.3640000000000043,
    "utime": 315973814259984000
  },
  {
    "FL_wheel_speed": 120.3045,
    "FR_wheel_speed": 135.525,
    "RL_wheel_speed": 116.38470000000001,
    "RR_wheel_speed": 133.1898,
    "left_solar": -112,
    "longitudinal_accel": -0.25,
    "meanEffTorque": 14.0,
    "odom": 52,
    "odom_speed": 14.0,
    "pedal_cc": 141.0,
    "regen": 0.0,
    "requestedTorqueAfterProc": -362.5,
    "right_solar": 100,
    "steer_corrected": 201.4000000000001,
    "steer_offset_can": -12.599999999999909,
    "steer_raw": 188.80000000000018,
    "transversal_accel": -0.3640000000000043,
    "utime": 315973814360181000
  },
  {
    "FL_wheel_speed": 120.3045,
    "FR_wheel_speed": 135.525,
    "RL_wheel_speed": 116.38470000000001,
    "RR_wheel_speed": 132.9396,
    "left_solar": -112,
    "longitudinal_accel": -0.25,
    "meanEffTorque": 14.5,
    "odom": 52,
    "odom_speed": 14.0,
    "pedal_cc": 145.0,
    "regen": 0.0,
    "requestedTorqueAfterProc": -360.5,
    "right_solar": 100,
    "steer_corrected": 202.0,
    "steer_offset_can": -12.599999999999909,
    "steer_raw": 189.4000000000001,
    "transversal_accel": -0.3640000000000043,
    "utime": 315973814459714000
  },
  {
    "FL_wheel_speed": 119.8458,
    "FR_wheel_speed": 136.2339,
    "RL_wheel_speed": 116.38470000000001,
    "RR_wheel_speed": 132.9396,
    "left_solar": -112,
    "longitudinal_accel": -0.14999999999999858,
    "meanEffTorque": 15.0,
    "odom": 92,
    "odom_speed": 14.0,
    "pedal_cc": 145.0,
    "regen": 0.0,
    "requestedTorqueAfterProc": -360.5,
    "right_solar": 100,
    "steer_corrected": 202.4000000000001,
    "steer_offset_can": -12.599999999999909,
    "steer_raw": 189.80000000000018,
    "transversal_accel": -0.3640000000000043,
    "utime": 315973814559910000
  },
  {
    "FL_wheel_speed": 119.8458,
    "FR_wheel_speed": 136.2339,
    "RL_wheel_speed": 116.38470000000001,
    "RR_wheel_speed": 132.9396,
    "left_solar": -112,
    "longitudinal_accel": -0.14999999999999858,
    "meanEffTorque": 15.5,
    "odom": 92,
    "odom_speed": 14.0,
    "pedal_cc": 152.0,
    "regen": 0.0,
    "requestedTorqueAfterProc": -358.5,
    "right_solar": 100,
    "steer_corrected": 202.79999999999973,
    "steer_offset_can": -12.599999999999909,
    "steer_raw": 190.19999999999982,
    "transversal_accel": -0.3640000000000043,
    "utime": 315973814660107000
  },
  {
    "FL_wheel_speed": 119.3871,
    "FR_wheel_speed": 136.4841,
    "RL_wheel_speed": 115.926,
    "RR_wheel_speed": 132.7311,
    "left_solar": -112,
    "longitudinal_accel": -0.09999999999999964,
    "meanEffTorque": 16.0,
    "odom": 92,
    "odom_speed": 14.0,
    "pedal_cc": 152.0,
    "regen": 0.0,
    "requestedTorqueAfterProc": -358.5,
    "right_solar": 100,
    "steer_corrected": 203.19999999999982,
    "steer_offset_can": -12.599999999999909,
    "steer_raw": 190.5999999999999,
    "transversal_accel": -0.35599999999999454,
    "utime": 315973814759640000
  },
  {
    "FL_wheel_speed": 119.3871,
    "FR_wheel_speed": 136.4841,
    "RL_wheel_speed": 115.926,
    "RR_wheel_speed": 132.7311,
    "left_solar": -112,
    "longitudinal_accel": -0.09999999999999964,
    "meanEffTorque": 16.5,
    "odom": 92,
    "odom_speed": 14.0,
    "pedal_cc": 156.0,
    "regen": 0.0,
    "requestedTorqueAfterProc": -356.5,
    "right_solar": 100,
    "steer_corrected": 203.5999999999999,
    "steer_offset_can": -12.599999999999909,
    "steer_raw": 191.0,
    "transversal_accel": -0.35599999999999454,
    "utime": 315973814859836000
  },
  {
    "FL_wheel_speed": 120.096,
    "FR_wheel_speed": 135.9837,
    "RL_wheel_speed": 115.926,
    "RR_wheel_speed": 132.7311,
    "left_solar": -112,
    "longitudinal_accel": -0.049999999999998934,
    "meanEffTorque": 17.5,
    "odom": 92,
    "odom_speed": 14.0,
    "pedal_cc": 156.0,
    "regen": 0.0,
    "requestedTorqueAfterProc": -356.5,
    "right_solar": 100,
    "steer_corrected": 203.79999999999973,
    "steer_offset_can": -12.599999999999909,
    "steer_raw": 191.19999999999982,
    "transversal_accel": -0.3480000000000132,
    "utime": 315973814960032000
  },
  {
    "FL_wheel_speed": 120.096,
    "FR_wheel_speed": 135.9837,
    "RL_wheel_speed": 115.67580000000001,
    "RR_wheel_speed": 132.7311,
    "left_solar": -112,
    "longitudinal_accel": -0.049999999999998934,
    "meanEffTorque": 18.0,
    "odom": 92,
    "odom_speed": 14.0,
    "pedal_cc": 156.0,
    "regen": 0.0,
    "requestedTorqueAfterProc": -356.5,
    "right_solar": 100,
    "steer_corrected": 204.0999999999999,
    "steer_offset_can": -12.599999999999909,
    "steer_raw": 191.5,
    "transversal_accel": -0.3480000000000132,
    "utime": 315973815060220000
  },
  {
    "FL_wheel_speed": 119.8458,
    "FR_wheel_speed": 135.9837,
    "RL_wheel_speed": 115.67580000000001,
    "RR_wheel_speed": 132.2307,
    "left_solar": -112,
    "longitudinal_accel": -0.09999999999999964,
    "meanEffTorque": 18.5,
    "odom": 92,
    "odom_speed": 14.0,
    "pedal_cc": 156.0,
    "regen": 0.0,
    "requestedTorqueAfterProc": -356.5,
    "right_solar": 100,
    "steer_corrected": 204.4000000000001,
    "steer_offset_can": -12.599999999999909,
    "steer_raw": 191.80000000000018,
    "transversal_accel": -0.3439999999999941,
    "utime": 315973815159753000
  },
  {
    "FL_wheel_speed": 119.8458,
    "FR_wheel_speed": 135.9837,
    "RL_wheel_speed": 115.67580000000001,
    "RR_wheel_speed": 132.2307,
    "left_solar": -112,
    "longitudinal_accel": -0.09999999999999964,
    "meanEffTorque": 19.0,
    "odom": 92,
    "odom_speed": 14.0,
    "pedal_cc": 156.0,
    "regen": 0.0,
    "requestedTorqueAfterProc": -356.5,
    "right_solar": 100,
    "steer_corrected": 204.5999999999999,
    "steer_offset_can": -12.599999999999909,
    "steer_raw": 192.0,
    "transversal_accel": -0.3439999999999941,
    "utime": 315973815259949000
  },
  {
    "FL_wheel_speed": 118.9284,
    "FR_wheel_speed": 135.7752,
    "RL_wheel_speed": 115.67580000000001,
    "RR_wheel_speed": 132.2307,
    "left_solar": -112,
    "longitudinal_accel": -0.049999999999998934,
    "meanEffTorque": 19.5,
    "odom": 92,
    "odom_speed": 14.0,
    "pedal_cc": 156.0,
    "regen": 0.0,
    "requestedTorqueAfterProc": -356.5,
    "right_solar": 100,
    "steer_corrected": 204.9000000000001,
    "steer_offset_can": -12.599999999999909,
    "steer_raw": 192.30000000000018,
    "transversal_accel": -0.3480000000000132,
    "utime": 315973815360146000
  },
  {
    "FL_wheel_speed": 118.9284,
    "FR_wheel_speed": 135.7752,
    "RL_wheel_speed": 115.4256,
    "RR_wheel_speed": 132.2307,
    "left_solar": -112,
    "longitudinal_accel": -0.049999999999998934,
    "meanEffTorque": 19.5,
    "odom": 92,
    "odom_speed": 14.0,
    "pedal_cc": 156.0,
    "regen": 0.0,
    "requestedTorqueAfterProc": -356.5,
    "right_solar": 100,
    "steer_corrected": 205.19999999999982,
    "steer_offset_can": -12.599999999999909,
    "steer_raw": 192.5999999999999,
    "transversal_accel": -0.3480000000000132,
    "utime": 315973815459679000
  },
  {
    "FL_wheel_speed": 119.1369,
    "FR_wheel_speed": 136.2339,
    "RL_wheel_speed": 115.4256,
    "RR_wheel_speed": 132.2307,
    "left_solar": -112,
    "longitudinal_accel": -0.049999999999998934,
    "meanEffTorque": 20.0,
    "odom": 8,
    "odom_speed": 14.0,
    "pedal_cc": 156.0,
    "regen": 0.0,
    "requestedTorqueAfterProc": -356.5,
    "right_solar": 100,
    "steer_corrected": 205.4000000000001,
    "steer_offset_can": -12.599999999999909,
    "steer_raw": 192.80000000000018,
    "transversal_accel": -0.35200000000000387,
    "utime": 315973815559875000
  },
  {
    "FL_wheel_speed": 119.1369,
    "FR_wheel_speed": 136.2339,
    "RL_wheel_speed": 115.4256,
    "RR_wheel_speed": 132.7311,
    "left_solar": -112,
    "longitudinal_accel": -0.049999999999998934,
    "meanEffTorque": 20.5,
    "odom": 8,
    "odom_speed": 14.0,
    "pedal_cc": 156.0,
    "regen": 0.0,
    "requestedTorqueAfterProc": -356.5,
    "right_solar": 100,
    "steer_corrected": 205.5,
    "steer_offset_can": -12.599999999999909,
    "steer_raw": 192.9000000000001,
    "transversal_accel": -0.35200000000000387,
    "utime": 315973815660072000
  },
  {
    "FL_wheel_speed": 119.1369,
    "FR_wheel_speed": 135.9837,
    "RL_wheel_speed": 115.4256,
    "RR_wheel_speed": 132.7311,
    "left_solar": -112,
    "longitudinal_accel": -0.049999999999998934,
    "meanEffTorque": 21.0,
    "odom": 8,
    "odom_speed": 14.0,
    "pedal_cc": 156.0,
    "regen": 0.0,
    "requestedTorqueAfterProc": -356.5,
    "right_solar": 100,
    "steer_corrected": 205.69999999999982,
    "steer_offset_can": -12.599999999999909,
    "steer_raw": 193.0999999999999,
    "transversal_accel": -0.3480000000000132,
    "utime": 315973815759604000
  },
  {
    "FL_wheel_speed": 119.1369,
    "FR_wheel_speed": 135.9837,
    "RL_wheel_speed": 115.2171,
    "RR_wheel_speed": 132.2307,
    "left_solar": -112,
    "longitudinal_accel": -0.049999999999998934,
    "meanEffTorque": 21.0,
    "odom": 8,
    "odom_speed": 14.0,
    "pedal_cc": 156.0,
    "regen": 0.0,
    "requestedTorqueAfterProc": -356.5,
    "right_solar": 100,
    "steer_corrected": 205.9000000000001,
    "steer_offset_can": -12.599999999999909,
    "steer_raw": 193.30000000000018,
    "transversal_accel": -0.3480000000000132,
    "utime": 315973815859801000
  },
  {
    "FL_wheel_speed": 118.428,
    "FR_wheel_speed": 135.2748,
    "RL_wheel_speed": 115.2171,
    "RR_wheel_speed": 132.2307,
    "left_solar": -112,
    "longitudinal_accel": 0.0,
    "meanEffTorque": 21.5,
    "odom": 8,
    "odom_speed": 14.0,
    "pedal_cc": 156.0,
    "regen": 0.0,
    "requestedTorqueAfterProc": -356.5,
    "right_solar": 100,
    "steer_corrected": 206.0,
    "steer_offset_can": -12.599999999999909,
    "steer_raw": 193.4000000000001,
    "transversal_accel": -0.3400000000000034,
    "utime": 315973815959997000
  },
  {
    "FL_wheel_speed": 118.428,
    "FR_wheel_speed": 135.2748,
    "RL_wheel_speed": 115.2171,
    "RR_wheel_speed": 132.2307,
    "left_solar": -112,
    "longitudinal_accel": 0.0,
    "meanEffTorque": 21.5,
    "odom": 8,
    "odom_speed": 14.0,
    "pedal_cc": 156.0,
    "regen": 0.0,
    "requestedTorqueAfterProc": -356.5,
    "right_solar": 100,
    "steer_corrected": 206.0999999999999,
    "steer_offset_can": -12.599999999999909,
    "steer_raw": 193.5,
    "transversal_accel": -0.3400000000000034,
    "utime": 315973816060184000
  },
  {
    "FL_wheel_speed": 119.3871,
    "FR_wheel_speed": 135.7752,
    "RL_wheel_speed": 114.96690000000001,
    "RR_wheel_speed": 132.4809,
    "left_solar": -112,
    "longitudinal_accel": -0.049999999999998934,
    "meanEffTorque": 22.0,
    "odom": 8,
    "odom_speed": 14.0,
    "pedal_cc": 161.0,
    "regen": 0.0,
    "requestedTorqueAfterProc": -354.5,
    "right_solar": 100,
    "steer_corrected": 206.19999999999982,
    "steer_offset_can": -12.599999999999909,
    "steer_raw": 193.5999999999999,
    "transversal_accel": -0.3400000000000034,
    "utime": 315973816159717000
  },
  {
    "FL_wheel_speed": 119.3871,
    "FR_wheel_speed": 135.7752,
    "RL_wheel_speed": 114.96690000000001,
    "RR_wheel_speed": 132.4809,
    "left_solar": -112,
    "longitudinal_accel": -0.049999999999998934,
    "meanEffTorque": 22.5,
    "odom": 8,
    "odom_speed": 14.0,
    "pedal_cc": 161.0,
    "regen": 0.0,
    "requestedTorqueAfterProc": -354.5,
    "right_solar": 100,
    "steer_corrected": 206.29999999999973,
    "steer_offset_can": -12.599999999999909,
    "steer_raw": 193.69999999999982,
    "transversal_accel": -0.3400000000000034,
    "utime": 315973816259913000
  },
  {
    "FL_wheel_speed": 119.1369,
    "FR_wheel_speed": 136.2339,
    "RL_wheel_speed": 114.96690000000001,
    "RR_wheel_speed": 132.4809,
    "left_solar": -112,
    "longitudinal_accel": -0.09999999999999964,
    "meanEffTorque": 23.0,
    "odom": 8,
    "odom_speed": 14.0,
    "pedal_cc": 168.0,
    "regen": 0.0,
    "requestedTorqueAfterProc": -352.5,
    "right_solar": 100,
    "steer_corrected": 206.29999999999973,
    "steer_offset_can": -12.599999999999909,
    "steer_raw": 193.69999999999982,
    "transversal_accel": -0.35599999999999454,
    "utime": 315973816360110000
  },
  {
    "FL_wheel_speed": 119.1369,
    "FR_wheel_speed": 136.2339,
    "RL_wheel_speed": 115.2171,
    "RR_wheel_speed": 132.2307,
    "left_solar": -112,
    "longitudinal_accel": -0.09999999999999964,
    "meanEffTorque": 23.5,
    "odom": 8,
    "odom_speed": 14.0,
    "pedal_cc": 168.0,
    "regen": 0.0,
    "requestedTorqueAfterProc": -352.5,
    "right_solar": 100,
    "steer_corrected": 206.29999999999973,
    "steer_offset_can": -12.599999999999909,
    "steer_raw": 193.69999999999982,
    "transversal_accel": -0.35599999999999454,
    "utime": 315973816460306000
  },
  {
    "FL_wheel_speed": 119.1369,
    "FR_wheel_speed": 135.7752,
    "RL_wheel_speed": 115.2171,
    "RR_wheel_speed": 132.2307,
    "left_solar": -112,
    "longitudinal_accel": 0.05000000000000071,
    "meanEffTorque": 24.0,
    "odom": 48,
    "odom_speed": 14.0,
    "pedal_cc": 173.0,
    "regen": 0.0,
    "requestedTorqueAfterProc": -352.5,
    "right_solar": 100,
    "steer_corrected": 206.4000000000001,
    "steer_offset_can": -12.599999999999909,
    "steer_raw": 193.80000000000018,
    "transversal_accel": -0.35599999999999454,
    "utime": 315973816560503000
  },
  {
    "FL_wheel_speed": 119.1369,
    "FR_wheel_speed": 135.7752,
    "RL_wheel_speed": 115.2171,
    "RR_wheel_speed": 132.2307,
    "left_solar": -112,
    "longitudinal_accel": 0.05000000000000071,
    "meanEffTorque": 24.5,
    "odom": 48,
    "odom_speed": 14.0,
    "pedal_cc": 173.0,
    "regen": 0.0,
    "requestedTorqueAfterProc": -352.5,
    "right_solar": 100,
    "steer_corrected": 206.29999999999973,
    "steer_offset_can": -12.599999999999909,
    "steer_raw": 193.69999999999982,
    "transversal_accel": -0.35599999999999454,
    "utime": 315973816660699000
  },
  {
    "FL_wheel_speed": 119.3871,
    "FR_wheel_speed": 135.7752,
    "RL_wheel_speed": 115.2171,
    "RR_wheel_speed": 132.2307,
    "left_solar": -112,
    "longitudinal_accel": 0.05000000000000071,
    "meanEffTorque": 25.0,
    "odom": 48,
    "odom_speed": 14.0,
    "pedal_cc": 180.0,
    "regen": 0.0,
    "requestedTorqueAfterProc": -350.5,
    "right_solar": 100,
    "steer_corrected": 206.4000000000001,
    "steer_offset_can": -12.599999999999909,
    "steer_raw": 193.80000000000018,
    "transversal_accel": -0.36000000000001364,
    "utime": 315973816760895000
  },
  {
    "FL_wheel_speed": 119.3871,
    "FR_wheel_speed": 135.7752,
    "RL_wheel_speed": 115.2171,
    "RR_wheel_speed": 132.2307,
    "left_solar": -112,
    "longitudinal_accel": 0.05000000000000071,
    "meanEffTorque": 25.5,
    "odom": 48,
    "odom_speed": 14.0,
    "pedal_cc": 180.0,
    "regen": 0.0,
    "requestedTorqueAfterProc": -350.5,
    "right_solar": 100,
    "steer_corrected": 206.4000000000001,
    "steer_offset_can": -12.599999999999909,
    "steer_raw": 193.80000000000018,
    "transversal_accel": -0.36000000000001364,
    "utime": 315973816860428000
  },
  {
    "FL_wheel_speed": 119.1369,
    "FR_wheel_speed": 135.7752,
    "RL_wheel_speed": 115.2171,
    "RR_wheel_speed": 132.2307,
    "left_solar": -112,
    "longitudinal_accel": 0.0,
    "meanEffTorque": 26.0,
    "odom": 48,
    "odom_speed": 14.0,
    "pedal_cc": 186.0,
    "regen": 0.0,
    "requestedTorqueAfterProc": -348.5,
    "right_solar": 100,
    "steer_corrected": 206.4000000000001,
    "steer_offset_can": -12.599999999999909,
    "steer_raw": 193.80000000000018,
    "transversal_accel": -0.3640000000000043,
    "utime": 315973816960625000
  },
  {
    "FL_wheel_speed": 119.1369,
    "FR_wheel_speed": 135.7752,
    "RL_wheel_speed": 115.2171,
    "RR_wheel_speed": 132.4809,
    "left_solar": -112,
    "longitudinal_accel": 0.0,
    "meanEffTorque": 27.0,
    "odom": 48,
    "odom_speed": 14.0,
    "pedal_cc": 190.0,
    "regen": 0.0,
    "requestedTorqueAfterProc": -346.5,
    "right_solar": 100,
    "steer_corrected": 206.4000000000001,
    "steer_offset_can": -12.599999999999909,
    "steer_raw": 193.80000000000018,
    "transversal_accel": -0.3640000000000043,
    "utime": 315973817060148000
  },
  {
    "FL_wheel_speed": 119.6373,
    "FR_wheel_speed": 135.9837,
    "RL_wheel_speed": 115.2171,
    "RR_wheel_speed": 132.7311,
    "left_solar": -112,
    "longitudinal_accel": 0.05000000000000071,
    "meanEffTorque": 27.5,
    "odom": 48,
    "odom_speed": 14.0,
    "pedal_cc": 190.0,
    "regen": 0.0,
    "requestedTorqueAfterProc": -346.5,
    "right_solar": 100,
    "steer_corrected": 206.4000000000001,
    "steer_offset_can": -12.599999999999909,
    "steer_raw": 193.80000000000018,
    "transversal_accel": -0.3719999999999857,
    "utime": 315973817160344000
  },
  {
    "FL_wheel_speed": 119.6373,
    "FR_wheel_speed": 135.9837,
    "RL_wheel_speed": 115.2171,
    "RR_wheel_speed": 132.7311,
    "left_solar": -112,
    "longitudinal_accel": 0.05000000000000071,
    "meanEffTorque": 28.0,
    "odom": 48,
    "odom_speed": 14.0,
    "pedal_cc": 196.0,
    "regen": 0.0,
    "requestedTorqueAfterProc": -344.5,
    "right_solar": 100,
    "steer_corrected": 206.29999999999973,
    "steer_offset_can": -12.599999999999909,
    "steer_raw": 193.69999999999982,
    "transversal_accel": -0.3719999999999857,
    "utime": 315973817259877000
  },
  {
    "FL_wheel_speed": 119.8458,
    "FR_wheel_speed": 135.9837,
    "RL_wheel_speed": 115.2171,
    "RR_wheel_speed": 132.7311,
    "left_solar": -112,
    "longitudinal_accel": 0.05000000000000071,
    "meanEffTorque": 29.0,
    "odom": 48,
    "odom_speed": 14.0,
    "pedal_cc": 196.0,
    "regen": 0.0,
    "requestedTorqueAfterProc": -344.5,
    "right_solar": 100,
    "steer_corrected": 206.29999999999973,
    "steer_offset_can": -12.599999999999909,
    "steer_raw": 193.69999999999982,
    "transversal_accel": -0.3719999999999857,
    "utime": 315973817359410000
  },
  {
    "FL_wheel_speed": 119.8458,
    "FR_wheel_speed": 135.9837,
    "RL_wheel_speed": 115.926,
    "RR_wheel_speed": 132.9396,
    "left_solar": -112,
    "longitudinal_accel": 0.05000000000000071,
    "meanEffTorque": 29.5,
    "odom": 48,
    "odom_speed": 14.0,
    "pedal_cc": 196.0,
    "regen": 0.0,
    "requestedTorqueAfterProc": -344.5,
    "right_solar": 100,
    "steer_corrected": 206.4000000000001,
    "steer_offset_can": -12.599999999999909,
    "steer_raw": 193.80000000000018,
    "transversal_accel": -0.3719999999999857,
    "utime": 315973817458943000
  },
  {
    "FL_wheel_speed": 119.3871,
    "FR_wheel_speed": 136.2339,
    "RL_wheel_speed": 115.926,
    "RR_wheel_speed": 132.9396,
    "left_solar": -112,
    "longitudinal_accel": 0.05000000000000071,
    "meanEffTorque": 30.0,
    "odom": 88,
    "odom_speed": 14.0,
    "pedal_cc": 200.0,
    "regen": 0.0,
    "requestedTorqueAfterProc": -342.5,
    "right_solar": 100,
    "steer_corrected": 206.4000000000001,
    "steer_offset_can": -12.599999999999909,
    "steer_raw": 193.80000000000018,
    "transversal_accel": -0.3719999999999857,
    "utime": 315973817559139000
  },
  {
    "FL_wheel_speed": 119.3871,
    "FR_wheel_speed": 136.2339,
    "RL_wheel_speed": 115.67580000000001,
    "RR_wheel_speed": 132.9396,
    "left_solar": -112,
    "longitudinal_accel": 0.05000000000000071,
    "meanEffTorque": 30.5,
    "odom": 88,
    "odom_speed": 14.0,
    "pedal_cc": 200.0,
    "regen": 0.0,
    "requestedTorqueAfterProc": -342.5,
    "right_solar": 100,
    "steer_corrected": 206.4000000000001,
    "steer_offset_can": -12.599999999999909,
    "steer_raw": 193.80000000000018,
    "transversal_accel": -0.3719999999999857,
    "utime": 315973817658672000
  },
  {
    "FL_wheel_speed": 119.6373,
    "FR_wheel_speed": 136.2339,
    "RL_wheel_speed": 115.926,
    "RR_wheel_speed": 132.9396,
    "left_solar": -112,
    "longitudinal_accel": 0.05000000000000071,
    "meanEffTorque": 31.5,
    "odom": 88,
    "odom_speed": 14.0,
    "pedal_cc": 200.0,
    "regen": 0.0,
    "requestedTorqueAfterProc": -342.5,
    "right_solar": 100,
    "steer_corrected": 206.4000000000001,
    "steer_offset_can": -12.599999999999909,
    "steer_raw": 193.80000000000018,
    "transversal_accel": -0.37999999999999545,
    "utime": 315973817758869000
  },
  {
    "FL_wheel_speed": 119.6373,
    "FR_wheel_speed": 136.2339,
    "RL_wheel_speed": 115.926,
    "RR_wheel_speed": 132.9396,
    "left_solar": -112,
    "longitudinal_accel": 0.05000000000000071,
    "meanEffTorque": 32.0,
    "odom": 88,
    "odom_speed": 14.0,
    "pedal_cc": 200.0,
    "regen": 0.0,
    "requestedTorqueAfterProc": -342.5,
    "right_solar": 100,
    "steer_corrected": 206.4000000000001,
    "steer_offset_can": -12.599999999999909,
    "steer_raw": 193.80000000000018,
    "transversal_accel": -0.37999999999999545,
    "utime": 315973817859065000
  },
  {
    "FL_wheel_speed": 120.096,
    "FR_wheel_speed": 135.7752,
    "RL_wheel_speed": 116.1345,
    "RR_wheel_speed": 133.1898,
    "left_solar": -112,
    "longitudinal_accel": 0.05000000000000071,
    "meanEffTorque": 32.5,
    "odom": 88,
    "odom_speed": 14.0,
    "pedal_cc": 200.0,
    "regen": 0.0,
    "requestedTorqueAfterProc": -342.5,
    "right_solar": 100,
    "steer_corrected": 206.4000000000001,
    "steer_offset_can": -12.599999999999909,
    "steer_raw": 193.80000000000018,
    "transversal_accel": -0.37999999999999545,
    "utime": 315973817959262000
  },
  {
    "FL_wheel_speed": 120.096,
    "FR_wheel_speed": 135.7752,
    "RL_wheel_speed": 116.1345,
    "RR_wheel_speed": 133.1898,
    "left_solar": -112,
    "longitudinal_accel": 0.05000000000000071,
    "meanEffTorque": 33.0,
    "odom": 88,
    "odom_speed": 14.0,
    "pedal_cc": 200.0,
    "regen": 0.0,
    "requestedTorqueAfterProc": -342.5,
    "right_solar": 100,
    "steer_corrected": 206.4000000000001,
    "steer_offset_can": -12.599999999999909,
    "steer_raw": 193.80000000000018,
    "transversal_accel": -0.37999999999999545,
    "utime": 315973818059448000
  },
  {
    "FL_wheel_speed": 120.096,
    "FR_wheel_speed": 136.6926,
    "RL_wheel_speed": 115.926,
    "RR_wheel_speed": 133.3983,
    "left_solar": -112,
    "longitudinal_accel": 0.05000000000000071,
    "meanEffTorque": 33.5,
    "odom": 88,
    "odom_speed": 14.0,
    "pedal_cc": 200.0,
    "regen": 0.0,
    "requestedTorqueAfterProc": -342.5,
    "right_solar": 100,
    "steer_corrected": 206.4000000000001,
    "steer_offset_can": -12.599999999999909,
    "steer_raw": 193.80000000000018,
    "transversal_accel": -0.37999999999999545,
    "utime": 315973818160308000
  },
  {
    "FL_wheel_speed": 120.096,
    "FR_wheel_speed": 136.6926,
    "RL_wheel_speed": 115.926,
    "RR_wheel_speed": 133.3983,
    "left_solar": -112,
    "longitudinal_accel": 0.05000000000000071,
    "meanEffTorque": 33.5,
    "odom": 88,
    "odom_speed": 14.0,
    "pedal_cc": 200.0,
    "regen": 0.0,
    "requestedTorqueAfterProc": -342.5,
    "right_solar": 100,
    "steer_corrected": 206.4000000000001,
    "steer_offset_can": -12.599999999999909,
    "steer_raw": 193.80000000000018,
    "transversal_accel": -0.37999999999999545,
    "utime": 315973818260505000
  },
  {
    "FL_wheel_speed": 120.3045,
    "FR_wheel_speed": 136.6926,
    "RL_wheel_speed": 115.926,
    "RR_wheel_speed": 133.3983,
    "left_solar": -112,
    "longitudinal_accel": 0.10000000000000142,
    "meanEffTorque": 34.0,
    "odom": 88,
    "odom_speed": 14.0,
    "pedal_cc": 200.0,
    "regen": 0.0,
    "requestedTorqueAfterProc": -342.5,
    "right_solar": 100,
    "steer_corrected": 206.4000000000001,
    "steer_offset_can": -12.599999999999909,
    "steer_raw": 193.80000000000018,
    "transversal_accel": -0.37999999999999545,
    "utime": 315973818360701000
  },
  {
    "FL_wheel_speed": 120.3045,
    "FR_wheel_speed": 136.6926,
    "RL_wheel_speed": 115.926,
    "RR_wheel_speed": 133.3983,
    "left_solar": -112,
    "longitudinal_accel": 0.10000000000000142,
    "meanEffTorque": 34.5,
    "odom": 88,
    "odom_speed": 14.0,
    "pedal_cc": 200.0,
    "regen": 0.0,
    "requestedTorqueAfterProc": -342.5,
    "right_solar": 100,
    "steer_corrected": 206.4000000000001,
    "steer_offset_can": -12.599999999999909,
    "steer_raw": 193.80000000000018,
    "transversal_accel": -0.37999999999999545,
    "utime": 315973818460897000
  },
  {
    "FL_wheel_speed": 120.3045,
    "FR_wheel_speed": 136.6926,
    "RL_wheel_speed": 115.926,
    "RR_wheel_speed": 133.3983,
    "left_solar": -112,
    "longitudinal_accel": 0.15000000000000036,
    "meanEffTorque": 35.0,
    "odom": 8,
    "odom_speed": 14.0,
    "pedal_cc": 200.0,
    "regen": 0.0,
    "requestedTorqueAfterProc": -342.5,
    "right_solar": 100,
    "steer_corrected": 206.4000000000001,
    "steer_offset_can": -12.599999999999909,
    "steer_raw": 193.80000000000018,
    "transversal_accel": -0.3719999999999857,
    "utime": 315973818561094000
  },
  {
    "FL_wheel_speed": 120.3045,
    "FR_wheel_speed": 136.6926,
    "RL_wheel_speed": 115.926,
    "RR_wheel_speed": 133.3983,
    "left_solar": -112,
    "longitudinal_accel": 0.15000000000000036,
    "meanEffTorque": 35.0,
    "odom": 8,
    "odom_speed": 14.0,
    "pedal_cc": 200.0,
    "regen": 0.0,
    "requestedTorqueAfterProc": -342.5,
    "right_solar": 100,
    "steer_corrected": 206.4000000000001,
    "steer_offset_can": -12.599999999999909,
    "steer_raw": 193.80000000000018,
    "transversal_accel": -0.3719999999999857,
    "utime": 315973818661290000
  },
  {
    "FL_wheel_speed": 120.3045,
    "FR_wheel_speed": 137.1513,
    "RL_wheel_speed": 115.926,
    "RR_wheel_speed": 133.3983,
    "left_solar": -112,
    "longitudinal_accel": 0.10000000000000142,
    "meanEffTorque": 35.5,
    "odom": 8,
    "odom_speed": 14.0,
    "pedal_cc": 199.0,
    "regen": 0.0,
    "requestedTorqueAfterProc": -344.5,
    "right_solar": 100,
    "steer_corrected": 206.4000000000001,
    "steer_offset_can": -12.599999999999909,
    "steer_raw": 193.80000000000018,
    "transversal_accel": -0.3640000000000043,
    "utime": 315973818761487000
  },
  {
    "FL_wheel_speed": 120.3045,
    "FR_wheel_speed": 137.1513,
    "RL_wheel_speed": 116.8434,
    "RR_wheel_speed": 133.8987,
    "left_solar": -112,
    "longitudinal_accel": 0.10000000000000142,
    "meanEffTorque": 35.5,
    "odom": 8,
    "odom_speed": 14.0,
    "pedal_cc": 199.0,
    "regen": 0.0,
    "requestedTorqueAfterProc": -344.5,
    "right_solar": 100,
    "steer_corrected": 206.4000000000001,
    "steer_offset_can": -12.599999999999909,
    "steer_raw": 193.80000000000018,
    "transversal_accel": -0.3640000000000043,
    "utime": 315973818861020000
  },
  {
    "FL_wheel_speed": 120.096,
    "FR_wheel_speed": 137.4015,
    "RL_wheel_speed": 116.8434,
    "RR_wheel_speed": 133.8987,
    "left_solar": -112,
    "longitudinal_accel": 0.10000000000000142,
    "meanEffTorque": 36.0,
    "odom": 8,
    "odom_speed": 14.0,
    "pedal_cc": 199.0,
    "regen": 0.0,
    "requestedTorqueAfterProc": -344.5,
    "right_solar": 100,
    "steer_corrected": 206.4000000000001,
    "steer_offset_can": -12.599999999999909,
    "steer_raw": 193.80000000000018,
    "transversal_accel": -0.36000000000001364,
    "utime": 315973818961216000
  },
  {
    "FL_wheel_speed": 120.096,
    "FR_wheel_speed": 137.4015,
    "RL_wheel_speed": 116.8434,
    "RR_wheel_speed": 133.8987,
    "left_solar": -112,
    "longitudinal_accel": 0.10000000000000142,
    "meanEffTorque": 36.0,
    "odom": 8,
    "odom_speed": 14.0,
    "pedal_cc": 203.0,
    "regen": 0.0,
    "requestedTorqueAfterProc": -342.5,
    "right_solar": 100,
    "steer_corrected": 206.4000000000001,
    "steer_offset_can": -12.599999999999909,
    "steer_raw": 193.80000000000018,
    "transversal_accel": -0.36000000000001364,
    "utime": 315973819060739000
  },
  {
    "FL_wheel_speed": 121.0134,
    "FR_wheel_speed": 137.4015,
    "RL_wheel_speed": 117.0519,
    "RR_wheel_speed": 134.6076,
    "left_solar": -112,
    "longitudinal_accel": 0.15000000000000036,
    "meanEffTorque": 36.5,
    "odom": 8,
    "odom_speed": 14.0,
    "pedal_cc": 203.0,
    "regen": 0.0,
    "requestedTorqueAfterProc": -342.5,
    "right_solar": 100,
    "steer_corrected": 206.4000000000001,
    "steer_offset_can": -12.599999999999909,
    "steer_raw": 193.80000000000018,
    "transversal_accel": -0.35599999999999454,
    "utime": 315973819160272000
  },
  {
    "FL_wheel_speed": 121.0134,
    "FR_wheel_speed": 137.4015,
    "RL_wheel_speed": 117.0519,
    "RR_wheel_speed": 134.6076,
    "left_solar": -112,
    "longitudinal_accel": 0.15000000000000036,
    "meanEffTorque": 37.0,
    "odom": 8,
    "odom_speed": 14.0,
    "pedal_cc": 208.0,
    "regen": 0.0,
    "requestedTorqueAfterProc": -340.5,
    "right_solar": 100,
    "steer_corrected": 206.29999999999973,
    "steer_offset_can": -12.599999999999909,
    "steer_raw": 193.69999999999982,
    "transversal_accel": -0.35599999999999454,
    "utime": 315973819260468000
  },
  {
    "FL_wheel_speed": 120.8049,
    "FR_wheel_speed": 137.6517,
    "RL_wheel_speed": 117.0519,
    "RR_wheel_speed": 134.6076,
    "left_solar": -112,
    "longitudinal_accel": 0.20000000000000107,
    "meanEffTorque": 37.0,
    "odom": 8,
    "odom_speed": 14.0,
    "pedal_cc": 208.0,
    "regen": 0.0,
    "requestedTorqueAfterProc": -340.5,
    "right_solar": 50,
    "steer_corrected": 206.29999999999973,
    "steer_offset_can": -12.599999999999909,
    "steer_raw": 193.69999999999982,
    "transversal_accel": -0.36000000000001364,
    "utime": 315973819360001000
  },
  {
    "FL_wheel_speed": 120.8049,
    "FR_wheel_speed": 137.6517,
    "RL_wheel_speed": 117.0519,
    "RR_wheel_speed": 134.3574,
    "left_solar": -112,
    "longitudinal_accel": 0.20000000000000107,
    "meanEffTorque": 37.5,
    "odom": 8,
    "odom_speed": 14.0,
    "pedal_cc": 208.0,
    "regen": 0.0,
    "requestedTorqueAfterProc": -340.5,
    "right_solar": 50,
    "steer_corrected": 206.29999999999973,
    "steer_offset_can": -12.599999999999909,
    "steer_raw": 193.69999999999982,
    "transversal_accel": -0.36000000000001364,
    "utime": 315973819460198000
  },
  {
    "FL_wheel_speed": 120.8049,
    "FR_wheel_speed": 137.8602,
    "RL_wheel_speed": 117.2604,
    "RR_wheel_speed": 134.8161,
    "left_solar": -112,
    "longitudinal_accel": 0.20000000000000107,
    "meanEffTorque": 38.0,
    "odom": 48,
    "odom_speed": 14.0,
    "pedal_cc": 213.0,
    "regen": 0.0,
    "requestedTorqueAfterProc": -338.5,
    "right_solar": 50,
    "steer_corrected": 206.4000000000001,
    "steer_offset_can": -12.599999999999909,
    "steer_raw": 193.80000000000018,
    "transversal_accel": -0.35599999999999454,
    "utime": 315973819563366000
  },
  {
    "FL_wheel_speed": 120.8049,
    "FR_wheel_speed": 137.8602,
    "RL_wheel_speed": 117.2604,
    "RR_wheel_speed": 134.8161,
    "left_solar": -112,
    "longitudinal_accel": 0.20000000000000107,
    "meanEffTorque": 38.5,
    "odom": 48,
    "odom_speed": 14.0,
    "pedal_cc": 213.0,
    "regen": 0.0,
    "requestedTorqueAfterProc": -338.5,
    "right_solar": 50,
    "steer_corrected": 206.4000000000001,
    "steer_offset_can": -12.599999999999909,
    "steer_raw": 193.80000000000018,
    "transversal_accel": -0.35599999999999454,
    "utime": 315973819659927000
  },
  {
    "FL_wheel_speed": 120.8049,
    "FR_wheel_speed": 137.8602,
    "RL_wheel_speed": 116.8434,
    "RR_wheel_speed": 134.1072,
    "left_solar": -112,
    "longitudinal_accel": 0.20000000000000107,
    "meanEffTorque": 39.0,
    "odom": 48,
    "odom_speed": 14.0,
    "pedal_cc": 219.0,
    "regen": 0.0,
    "requestedTorqueAfterProc": -336.5,
    "right_solar": 50,
    "steer_corrected": 206.4000000000001,
    "steer_offset_can": -12.599999999999909,
    "steer_raw": 193.80000000000018,
    "transversal_accel": -0.3400000000000034,
    "utime": 315973819759460000
  },
  {
    "FL_wheel_speed": 120.8049,
    "FR_wheel_speed": 137.8602,
    "RL_wheel_speed": 116.8434,
    "RR_wheel_speed": 134.1072,
    "left_solar": -112,
    "longitudinal_accel": 0.20000000000000107,
    "meanEffTorque": 39.5,
    "odom": 48,
    "odom_speed": 14.0,
    "pedal_cc": 223.0,
    "regen": 0.0,
    "requestedTorqueAfterProc": -336.5,
    "right_solar": 50,
    "steer_corrected": 206.4000000000001,
    "steer_offset_can": -12.599999999999909,
    "steer_raw": 193.80000000000018,
    "transversal_accel": -0.3400000000000034,
    "utime": 315973819859657000
  },
  {
    "FL_wheel_speed": 120.096,
    "FR_wheel_speed": 138.5274,
    "RL_wheel_speed": 116.8434,
    "RR_wheel_speed": 134.1072,
    "left_solar": -112,
    "longitudinal_accel": 0.20000000000000107,
    "meanEffTorque": 40.0,
    "odom": 48,
    "odom_speed": 14.0,
    "pedal_cc": 226.0,
    "regen": 0.0,
    "requestedTorqueAfterProc": -334.5,
    "right_solar": 50,
    "steer_corrected": 206.4000000000001,
    "steer_offset_can": -12.599999999999909,
    "steer_raw": 193.80000000000018,
    "transversal_accel": -0.3439999999999941,
    "utime": 315973819959853000
  },
  {
    "FL_wheel_speed": 120.096,
    "FR_wheel_speed": 138.5274,
    "RL_wheel_speed": 117.2604,
    "RR_wheel_speed": 135.0663,
    "left_solar": -112,
    "longitudinal_accel": 0.20000000000000107,
    "meanEffTorque": 40.5,
    "odom": 48,
    "odom_speed": 14.0,
    "pedal_cc": 229.0,
    "regen": 0.0,
    "requestedTorqueAfterProc": -334.5,
    "right_solar": 50,
    "steer_corrected": 206.4000000000001,
    "steer_offset_can": -12.599999999999909,
    "steer_raw": 193.80000000000018,
    "transversal_accel": -0.3439999999999941,
    "utime": 315973820059376000
  },
  {
    "FL_wheel_speed": 121.2636,
    "FR_wheel_speed": 138.7776,
    "RL_wheel_speed": 116.8434,
    "RR_wheel_speed": 134.8161,
    "left_solar": -112,
    "longitudinal_accel": 0.15000000000000036,
    "meanEffTorque": 41.0,
    "odom": 48,
    "odom_speed": 14.0,
    "pedal_cc": 232.0,
    "regen": 0.0,
    "requestedTorqueAfterProc": -334.5,
    "right_solar": 50,
    "steer_corrected": 206.4000000000001,
    "steer_offset_can": -12.599999999999909,
    "steer_raw": 193.80000000000018,
    "transversal_accel": -0.35599999999999454,
    "utime": 315973820159572000
  },
  {
    "FL_wheel_speed": 121.2636,
    "FR_wheel_speed": 138.7776,
    "RL_wheel_speed": 116.8434,
    "RR_wheel_speed": 134.8161,
    "left_solar": -112,
    "longitudinal_accel": 0.15000000000000036,
    "meanEffTorque": 41.5,
    "odom": 48,
    "odom_speed": 14.0,
    "pedal_cc": 232.0,
    "regen": 0.0,
    "requestedTorqueAfterProc": -334.5,
    "right_solar": 50,
    "steer_corrected": 206.4000000000001,
    "steer_offset_can": -12.599999999999909,
    "steer_raw": 193.80000000000018,
    "transversal_accel": -0.35599999999999454,
    "utime": 315973820259769000
  },
  {
    "FL_wheel_speed": 122.6814,
    "FR_wheel_speed": 138.1104,
    "RL_wheel_speed": 116.8434,
    "RR_wheel_speed": 134.8161,
    "left_solar": -112,
    "longitudinal_accel": 0.10000000000000142,
    "meanEffTorque": 42.0,
    "odom": 48,
    "odom_speed": 14.0,
    "pedal_cc": 232.0,
    "regen": 0.0,
    "requestedTorqueAfterProc": -334.5,
    "right_solar": 50,
    "steer_corrected": 206.4000000000001,
    "steer_offset_can": -12.599999999999909,
    "steer_raw": 193.80000000000018,
    "transversal_accel": -0.3480000000000132,
    "utime": 315973820359965000
  },
  {
    "FL_wheel_speed": 122.6814,
    "FR_wheel_speed": 138.1104,
    "RL_wheel_speed": 117.7608,
    "RR_wheel_speed": 134.8161,
    "left_solar": -112,
    "longitudinal_accel": 0.10000000000000142,
    "meanEffTorque": 42.5,
    "odom": 48,
    "odom_speed": 14.0,
    "pedal_cc": 236.0,
    "regen": 0.0,
    "requestedTorqueAfterProc": -332.5,
    "right_solar": 50,
    "steer_corrected": 206.4000000000001,
    "steer_offset_can": -12.599999999999909,
    "steer_raw": 193.80000000000018,
    "transversal_accel": -0.3480000000000132,
    "utime": 315973820460162000
  },
  {
    "FL_wheel_speed": 121.9725,
    "FR_wheel_speed": 139.2363,
    "RL_wheel_speed": 117.7608,
    "RR_wheel_speed": 134.8161,
    "left_solar": -112,
    "longitudinal_accel": 0.20000000000000107,
    "meanEffTorque": 43.5,
    "odom": 92,
    "odom_speed": 14.0,
    "pedal_cc": 236.0,
    "regen": 0.0,
    "requestedTorqueAfterProc": -332.5,
    "right_solar": 50,
    "steer_corrected": 206.4000000000001,
    "steer_offset_can": -12.599999999999909,
    "steer_raw": 193.80000000000018,
    "transversal_accel": -0.3480000000000132,
    "utime": 315973820559695000
  },
  {
    "FL_wheel_speed": 121.9725,
    "FR_wheel_speed": 139.2363,
    "RL_wheel_speed": 117.7608,
    "RR_wheel_speed": 135.2748,
    "left_solar": -112,
    "longitudinal_accel": 0.20000000000000107,
    "meanEffTorque": 43.5,
    "odom": 92,
    "odom_speed": 14.0,
    "pedal_cc": 236.0,
    "regen": 0.0,
    "requestedTorqueAfterProc": -332.5,
    "right_solar": 50,
    "steer_corrected": 206.4000000000001,
    "steer_offset_can": -12.599999999999909,
    "steer_raw": 193.80000000000018,
    "transversal_accel": -0.3480000000000132,
    "utime": 315973820659891000
  },
  {
    "FL_wheel_speed": 122.6814,
    "FR_wheel_speed": 139.4865,
    "RL_wheel_speed": 117.9693,
    "RR_wheel_speed": 135.525,
    "left_solar": -112,
    "longitudinal_accel": 0.05000000000000071,
    "meanEffTorque": 44.0,
    "odom": 92,
    "odom_speed": 14.0,
    "pedal_cc": 236.0,
    "regen": 0.0,
    "requestedTorqueAfterProc": -332.5,
    "right_solar": 50,
    "steer_corrected": 206.4000000000001,
    "steer_offset_can": -12.599999999999909,
    "steer_raw": 193.80000000000018,
    "transversal_accel": -0.35599999999999454,
    "utime": 315973820760088000
  },
  {
    "FL_wheel_speed": 122.6814,
    "FR_wheel_speed": 139.4865,
    "RL_wheel_speed": 117.9693,
    "RR_wheel_speed": 135.525,
    "left_solar": -112,
    "longitudinal_accel": 0.05000000000000071,
    "meanEffTorque": 44.5,
    "odom": 92,
    "odom_speed": 14.0,
    "pedal_cc": 236.0,
    "regen": 0.0,
    "requestedTorqueAfterProc": -332.5,
    "right_solar": 50,
    "steer_corrected": 206.4000000000001,
    "steer_offset_can": -12.599999999999909,
    "steer_raw": 193.80000000000018,
    "transversal_accel": -0.35599999999999454,
    "utime": 315973820863254000
  },
  {
    "FL_wheel_speed": 122.8899,
    "FR_wheel_speed": 138.7776,
    "RL_wheel_speed": 117.9693,
    "RR_wheel_speed": 135.525,
    "left_solar": -112,
    "longitudinal_accel": 0.15000000000000036,
    "meanEffTorque": 45.0,
    "odom": 92,
    "odom_speed": 14.0,
    "pedal_cc": 236.0,
    "regen": 0.0,
    "requestedTorqueAfterProc": -332.5,
    "right_solar": 50,
    "steer_corrected": 206.4000000000001,
    "steer_offset_can": -12.599999999999909,
    "steer_raw": 193.80000000000018,
    "transversal_accel": -0.35599999999999454,
    "utime": 315973820959817000
  },
  {
    "FL_wheel_speed": 122.8899,
    "FR_wheel_speed": 138.7776,
    "RL_wheel_speed": 118.2195,
    "RR_wheel_speed": 135.9837,
    "left_solar": -112,
    "longitudinal_accel": 0.15000000000000036,
    "meanEffTorque": 45.5,
    "odom": 92,
    "odom_speed": 14.0,
    "pedal_cc": 236.0,
    "regen": 0.0,
    "requestedTorqueAfterProc": -332.5,
    "right_solar": 50,
    "steer_corrected": 206.4000000000001,
    "steer_offset_can": -12.599999999999909,
    "steer_raw": 193.80000000000018,
    "transversal_accel": -0.35599999999999454,
    "utime": 315973821060004000
  },
  {
    "FL_wheel_speed": 122.6814,
    "FR_wheel_speed": 139.9452,
    "RL_wheel_speed": 118.2195,
    "RR_wheel_speed": 136.2339,
    "left_solar": -112,
    "longitudinal_accel": 0.25,
    "meanEffTorque": 46.0,
    "odom": 92,
    "odom_speed": 14.0,
    "pedal_cc": 236.0,
    "regen": 0.0,
    "requestedTorqueAfterProc": -332.5,
    "right_solar": 50,
    "steer_corrected": 206.4000000000001,
    "steer_offset_can": -12.599999999999909,
    "steer_raw": 193.80000000000018,
    "transversal_accel": -0.35599999999999454,
    "utime": 315973821160201000
  },
  {
    "FL_wheel_speed": 122.6814,
    "FR_wheel_speed": 139.9452,
    "RL_wheel_speed": 118.2195,
    "RR_wheel_speed": 136.2339,
    "left_solar": -112,
    "longitudinal_accel": 0.25,
    "meanEffTorque": 46.0,
    "odom": 92,
    "odom_speed": 14.0,
    "pedal_cc": 236.0,
    "regen": 0.0,
    "requestedTorqueAfterProc": -332.5,
    "right_solar": 50,
    "steer_corrected": 206.4000000000001,
    "steer_offset_can": -12.599999999999909,
    "steer_raw": 193.80000000000018,
    "transversal_accel": -0.35599999999999454,
    "utime": 315973821259734000
  },
  {
    "FL_wheel_speed": 122.8899,
    "FR_wheel_speed": 140.4039,
    "RL_wheel_speed": 118.2195,
    "RR_wheel_speed": 136.2339,
    "left_solar": -112,
    "longitudinal_accel": 0.25,
    "meanEffTorque": 46.5,
    "odom": 92,
    "odom_speed": 14.0,
    "pedal_cc": 236.0,
    "regen": 0.0,
    "requestedTorqueAfterProc": -332.5,
    "right_solar": 50,
    "steer_corrected": 206.4000000000001,
    "steer_offset_can": -12.599999999999909,
    "steer_raw": 193.80000000000018,
    "transversal_accel": -0.3640000000000043,
    "utime": 315973821359930000
  },
  {
    "FL_wheel_speed": 122.8899,
    "FR_wheel_speed": 140.4039,
    "RL_wheel_speed": 119.3871,
    "RR_wheel_speed": 136.6926,
    "left_solar": -112,
    "longitudinal_accel": 0.25,
    "meanEffTorque": 46.5,
    "odom": 92,
    "odom_speed": 14.0,
    "pedal_cc": 236.0,
    "regen": 0.0,
    "requestedTorqueAfterProc": -332.5,
    "right_solar": 50,
    "steer_corrected": 206.4000000000001,
    "steer_offset_can": -12.599999999999909,
    "steer_raw": 193.80000000000018,
    "transversal_accel": -0.3640000000000043,
    "utime": 315973821460127000
  },
  {
    "FL_wheel_speed": 121.7223,
    "FR_wheel_speed": 139.9452,
    "RL_wheel_speed": 118.9284,
    "RR_wheel_speed": 137.1513,
    "left_solar": -112,
    "longitudinal_accel": 0.25,
    "meanEffTorque": 47.0,
    "odom": 12,
    "odom_speed": 15.0,
    "pedal_cc": 236.0,
    "regen": 0.0,
    "requestedTorqueAfterProc": -332.5,
    "right_solar": 50,
    "steer_corrected": 206.4000000000001,
    "steer_offset_can": -12.599999999999909,
    "steer_raw": 193.80000000000018,
    "transversal_accel": -0.3640000000000043,
    "utime": 315973821559660000
  },
  {
    "FL_wheel_speed": 124.0575,
    "FR_wheel_speed": 140.86260000000001,
    "RL_wheel_speed": 118.9284,
    "RR_wheel_speed": 137.1513,
    "left_solar": -112,
    "longitudinal_accel": 0.25,
    "meanEffTorque": 47.5,
    "odom": 12,
    "odom_speed": 15.0,
    "pedal_cc": 236.0,
    "regen": 0.0,
    "requestedTorqueAfterProc": -332.5,
    "right_solar": 50,
    "steer_corrected": 206.4000000000001,
    "steer_offset_can": -12.599999999999909,
    "steer_raw": 193.80000000000018,
    "transversal_accel": -0.38800000000000523,
    "utime": 315973821659856000
  },
  {
    "FL_wheel_speed": 124.0575,
    "FR_wheel_speed": 140.86260000000001,
    "RL_wheel_speed": 119.8458,
    "RR_wheel_speed": 137.1513,
    "left_solar": -112,
    "longitudinal_accel": 0.25,
    "meanEffTorque": 47.5,
    "odom": 12,
    "odom_speed": 15.0,
    "pedal_cc": 236.0,
    "regen": 0.0,
    "requestedTorqueAfterProc": -332.5,
    "right_solar": 50,
    "steer_corrected": 206.4000000000001,
    "steer_offset_can": -12.599999999999909,
    "steer_raw": 193.80000000000018,
    "transversal_accel": -0.38800000000000523,
    "utime": 315973821760053000
  },
  {
    "FL_wheel_speed": 125.7255,
    "FR_wheel_speed": 139.9452,
    "RL_wheel_speed": 120.096,
    "RR_wheel_speed": 137.6517,
    "left_solar": -112,
    "longitudinal_accel": 0.15000000000000036,
    "meanEffTorque": 48.0,
    "odom": 12,
    "odom_speed": 15.0,
    "pedal_cc": 236.0,
    "regen": 0.0,
    "requestedTorqueAfterProc": -332.5,
    "right_solar": 50,
    "steer_corrected": 206.4000000000001,
    "steer_offset_can": -12.599999999999909,
    "steer_raw": 193.80000000000018,
    "transversal_accel": -0.38399999999998613,
    "utime": 315973821860249000
  },
  {
    "FL_wheel_speed": 125.7255,
    "FR_wheel_speed": 139.9452,
    "RL_wheel_speed": 120.096,
    "RR_wheel_speed": 137.6517,
    "left_solar": -112,
    "longitudinal_accel": 0.15000000000000036,
    "meanEffTorque": 48.0,
    "odom": 12,
    "odom_speed": 15.0,
    "pedal_cc": 236.0,
    "regen": 0.0,
    "requestedTorqueAfterProc": -332.5,
    "right_solar": 50,
    "steer_corrected": 206.4000000000001,
    "steer_offset_can": -12.599999999999909,
    "steer_raw": 193.80000000000018,
    "transversal_accel": -0.38399999999998613,
    "utime": 315973821959782000
  },
  {
    "FL_wheel_speed": 124.3077,
    "FR_wheel_speed": 140.6541,
    "RL_wheel_speed": 120.5547,
    "RR_wheel_speed": 137.8602,
    "left_solar": -112,
    "longitudinal_accel": 0.3000000000000007,
    "meanEffTorque": 48.0,
    "odom": 12,
    "odom_speed": 15.0,
    "pedal_cc": 236.0,
    "regen": 0.0,
    "requestedTorqueAfterProc": -332.5,
    "right_solar": 50,
    "steer_corrected": 206.4000000000001,
    "steer_offset_can": -12.599999999999909,
    "steer_raw": 193.80000000000018,
    "transversal_accel": -0.3919999999999959,
    "utime": 315973822059968000
  },
  {
    "FL_wheel_speed": 124.3077,
    "FR_wheel_speed": 140.6541,
    "RL_wheel_speed": 120.5547,
    "RR_wheel_speed": 137.8602,
    "left_solar": -112,
    "longitudinal_accel": 0.3000000000000007,
    "meanEffTorque": 48.5,
    "odom": 12,
    "odom_speed": 15.0,
    "pedal_cc": 236.0,
    "regen": 0.0,
    "requestedTorqueAfterProc": -332.5,
    "right_solar": 50,
    "steer_corrected": 206.4000000000001,
    "steer_offset_can": -12.599999999999909,
    "steer_raw": 193.80000000000018,
    "transversal_accel": -0.3919999999999959,
    "utime": 315973822160165000
  },
  {
    "FL_wheel_speed": 124.7664,
    "FR_wheel_speed": 142.28040000000001,
    "RL_wheel_speed": 120.5547,
    "RR_wheel_speed": 137.8602,
    "left_solar": -112,
    "longitudinal_accel": 0.3500000000000014,
    "meanEffTorque": 48.5,
    "odom": 12,
    "odom_speed": 15.0,
    "pedal_cc": 236.0,
    "regen": 0.0,
    "requestedTorqueAfterProc": -332.5,
    "right_solar": 50,
    "steer_corrected": 206.4000000000001,
    "steer_offset_can": -12.599999999999909,
    "steer_raw": 193.80000000000018,
    "transversal_accel": -0.41200000000000614,
    "utime": 315973822259698000
  },
  {
    "FL_wheel_speed": 124.7664,
    "FR_wheel_speed": 142.28040000000001,
    "RL_wheel_speed": 121.2636,
    "RR_wheel_speed": 137.8602,
    "left_solar": -112,
    "longitudinal_accel": 0.3500000000000014,
    "meanEffTorque": 48.5,
    "odom": 12,
    "odom_speed": 15.0,
    "pedal_cc": 236.0,
    "regen": 0.0,
    "requestedTorqueAfterProc": -332.5,
    "right_solar": 50,
    "steer_corrected": 206.4000000000001,
    "steer_offset_can": -12.599999999999909,
    "steer_raw": 193.80000000000018,
    "transversal_accel": -0.41200000000000614,
    "utime": 315973822359894000
  },
  {
    "FL_wheel_speed": 125.0166,
    "FR_wheel_speed": 141.363,
    "RL_wheel_speed": 121.2636,
    "RR_wheel_speed": 137.8602,
    "left_solar": -112,
    "longitudinal_accel": 0.3500000000000014,
    "meanEffTorque": 48.5,
    "odom": 52,
    "odom_speed": 15.0,
    "pedal_cc": 236.0,
    "regen": 0.0,
    "requestedTorqueAfterProc": -332.5,
    "right_solar": 50,
    "steer_corrected": 206.29999999999973,
    "steer_offset_can": -12.599999999999909,
    "steer_raw": 193.69999999999982,
    "transversal_accel": -0.38800000000000523,
    "utime": 315973822460091000
  },
  {
    "FL_wheel_speed": 125.0166,
    "FR_wheel_speed": 141.363,
    "RL_wheel_speed": 121.2636,
    "RR_wheel_speed": 138.9861,
    "left_solar": -112,
    "longitudinal_accel": 0.3500000000000014,
    "meanEffTorque": 49.0,
    "odom": 52,
    "odom_speed": 15.0,
    "pedal_cc": 236.0,
    "regen": 0.0,
    "requestedTorqueAfterProc": -332.5,
    "right_solar": 50,
    "steer_corrected": 206.29999999999973,
    "steer_offset_can": -12.599999999999909,
    "steer_raw": 193.69999999999982,
    "transversal_accel": -0.38800000000000523,
    "utime": 315973822560287000
  },
  {
    "FL_wheel_speed": 123.849,
    "FR_wheel_speed": 142.7391,
    "RL_wheel_speed": 121.2636,
    "RR_wheel_speed": 138.9861,
    "left_solar": -112,
    "longitudinal_accel": 0.5,
    "meanEffTorque": 49.0,
    "odom": 52,
    "odom_speed": 15.0,
    "pedal_cc": 236.0,
    "regen": 0.0,
    "requestedTorqueAfterProc": -332.5,
    "right_solar": 50,
    "steer_corrected": 206.29999999999973,
    "steer_offset_can": -12.599999999999909,
    "steer_raw": 193.69999999999982,
    "transversal_accel": -0.38399999999998613,
    "utime": 315973822659820000
  },
  {
    "FL_wheel_speed": 123.849,
    "FR_wheel_speed": 142.7391,
    "RL_wheel_speed": 121.5138,
    "RR_wheel_speed": 138.7776,
    "left_solar": -112,
    "longitudinal_accel": 0.5,
    "meanEffTorque": 49.0,
    "odom": 52,
    "odom_speed": 15.0,
    "pedal_cc": 236.0,
    "regen": 0.0,
    "requestedTorqueAfterProc": -332.5,
    "right_solar": 50,
    "steer_corrected": 206.19999999999982,
    "steer_offset_can": -12.599999999999909,
    "steer_raw": 193.5999999999999,
    "transversal_accel": -0.38399999999998613,
    "utime": 315973822760016000
  },
  {
    "FL_wheel_speed": 125.0166,
    "FR_wheel_speed": 143.448,
    "RL_wheel_speed": 121.7223,
    "RR_wheel_speed": 139.2363,
    "left_solar": -112,
    "longitudinal_accel": 0.5,
    "meanEffTorque": 49.0,
    "odom": 52,
    "odom_speed": 15.0,
    "pedal_cc": 236.0,
    "regen": 0.0,
    "requestedTorqueAfterProc": -332.5,
    "right_solar": 50,
    "steer_corrected": 206.19999999999982,
    "steer_offset_can": -12.599999999999909,
    "steer_raw": 193.5999999999999,
    "transversal_accel": -0.3760000000000048,
    "utime": 315973822860213000
  },
  {
    "FL_wheel_speed": 125.0166,
    "FR_wheel_speed": 143.448,
    "RL_wheel_speed": 121.7223,
    "RR_wheel_speed": 139.2363,
    "left_solar": -112,
    "longitudinal_accel": 0.5,
    "meanEffTorque": 49.0,
    "odom": 52,
    "odom_speed": 15.0,
    "pedal_cc": 236.0,
    "regen": 0.0,
    "requestedTorqueAfterProc": -332.5,
    "right_solar": 50,
    "steer_corrected": 206.0999999999999,
    "steer_offset_can": -12.599999999999909,
    "steer_raw": 193.5,
    "transversal_accel": -0.3760000000000048,
    "utime": 315973822959746000
  },
  {
    "FL_wheel_speed": 125.934,
    "FR_wheel_speed": 140.86260000000001,
    "RL_wheel_speed": 121.5138,
    "RR_wheel_speed": 139.9452,
    "left_solar": -112,
    "longitudinal_accel": 0.5,
    "meanEffTorque": 49.5,
    "odom": 52,
    "odom_speed": 15.0,
    "pedal_cc": 239.0,
    "regen": 0.0,
    "requestedTorqueAfterProc": -332.5,
    "right_solar": 50,
    "steer_corrected": 206.0,
    "steer_offset_can": -12.599999999999909,
    "steer_raw": 193.4000000000001,
    "transversal_accel": -0.36000000000001364,
    "utime": 315973823059932000
  },
  {
    "FL_wheel_speed": 125.934,
    "FR_wheel_speed": 140.86260000000001,
    "RL_wheel_speed": 121.5138,
    "RR_wheel_speed": 139.9452,
    "left_solar": -112,
    "longitudinal_accel": 0.5,
    "meanEffTorque": 49.5,
    "odom": 52,
    "odom_speed": 15.0,
    "pedal_cc": 239.0,
    "regen": 0.0,
    "requestedTorqueAfterProc": -332.5,
    "right_solar": 50,
    "steer_corrected": 205.9000000000001,
    "steer_offset_can": -12.599999999999909,
    "steer_raw": 193.30000000000018,
    "transversal_accel": -0.36000000000001364,
    "utime": 315973823160129000
  },
  {
    "FL_wheel_speed": 125.934,
    "FR_wheel_speed": 143.2395,
    "RL_wheel_speed": 121.5138,
    "RR_wheel_speed": 139.9452,
    "left_solar": -112,
    "longitudinal_accel": 0.45000000000000107,
    "meanEffTorque": 49.5,
    "odom": 52,
    "odom_speed": 15.0,
    "pedal_cc": 238.0,
    "regen": 0.0,
    "requestedTorqueAfterProc": -332.5,
    "right_solar": 50,
    "steer_corrected": 205.9000000000001,
    "steer_offset_can": -12.599999999999909,
    "steer_raw": 193.30000000000018,
    "transversal_accel": -0.35599999999999454,
    "utime": 315973823259662000
  },
  {
    "FL_wheel_speed": 125.934,
    "FR_wheel_speed": 143.2395,
    "RL_wheel_speed": 121.7223,
    "RR_wheel_speed": 139.695,
    "left_solar": -112,
    "longitudinal_accel": 0.45000000000000107,
    "meanEffTorque": 50.0,
    "odom": 52,
    "odom_speed": 15.0,
    "pedal_cc": 242.0,
    "regen": 0.0,
    "requestedTorqueAfterProc": -330.5,
    "right_solar": 50,
    "steer_corrected": 205.79999999999973,
    "steer_offset_can": -12.599999999999909,
    "steer_raw": 193.19999999999982,
    "transversal_accel": -0.35599999999999454,
    "utime": 315973823359858000
  },
  {
    "FL_wheel_speed": 124.7664,
    "FR_wheel_speed": 145.5747,
    "RL_wheel_speed": 121.7223,
    "RR_wheel_speed": 139.695,
    "left_solar": -112,
    "longitudinal_accel": 0.25,
    "meanEffTorque": 50.0,
    "odom": 96,
    "odom_speed": 15.0,
    "pedal_cc": 246.0,
    "regen": 0.0,
    "requestedTorqueAfterProc": -330.5,
    "right_solar": 50,
    "steer_corrected": 205.79999999999973,
    "steer_offset_can": -12.599999999999909,
    "steer_raw": 193.19999999999982,
    "transversal_accel": -0.3640000000000043,
    "utime": 315973823460054000
  },
  {
    "FL_wheel_speed": 124.7664,
    "FR_wheel_speed": 145.5747,
    "RL_wheel_speed": 121.9725,
    "RR_wheel_speed": 140.1954,
    "left_solar": -112,
    "longitudinal_accel": 0.25,
    "meanEffTorque": 50.5,
    "odom": 96,
    "odom_speed": 15.0,
    "pedal_cc": 249.0,
    "regen": 0.0,
    "requestedTorqueAfterProc": -328.5,
    "right_solar": 50,
    "steer_corrected": 205.79999999999973,
    "steer_offset_can": -12.599999999999909,
    "steer_raw": 193.19999999999982,
    "transversal_accel": -0.3640000000000043,
    "utime": 315973823560251000
  },
  {
    "FL_wheel_speed": 125.7255,
    "FR_wheel_speed": 144.1569,
    "RL_wheel_speed": 122.181,
    "RR_wheel_speed": 140.4039,
    "left_solar": -112,
    "longitudinal_accel": 0.3500000000000014,
    "meanEffTorque": 50.5,
    "odom": 96,
    "odom_speed": 15.0,
    "pedal_cc": 249.0,
    "regen": 0.0,
    "requestedTorqueAfterProc": -328.5,
    "right_solar": 50,
    "steer_corrected": 205.5999999999999,
    "steer_offset_can": -12.599999999999909,
    "steer_raw": 193.0,
    "transversal_accel": -0.33199999999999363,
    "utime": 315973823659784000
  },
  {
    "FL_wheel_speed": 125.7255,
    "FR_wheel_speed": 144.1569,
    "RL_wheel_speed": 122.181,
    "RR_wheel_speed": 140.4039,
    "left_solar": -112,
    "longitudinal_accel": 0.3500000000000014,
    "meanEffTorque": 51.0,
    "odom": 96,
    "odom_speed": 15.0,
    "pedal_cc": 252.0,
    "regen": 0.0,
    "requestedTorqueAfterProc": -328.5,
    "right_solar": 50,
    "steer_corrected": 205.5,
    "steer_offset_can": -12.599999999999909,
    "steer_raw": 192.9000000000001,
    "transversal_accel": -0.33199999999999363,
    "utime": 315973823759980000
  },
  {
    "FL_wheel_speed": 127.1433,
    "FR_wheel_speed": 143.6982,
    "RL_wheel_speed": 122.6814,
    "RR_wheel_speed": 140.1954,
    "left_solar": -112,
    "longitudinal_accel": 0.3500000000000014,
    "meanEffTorque": 51.0,
    "odom": 96,
    "odom_speed": 15.0,
    "pedal_cc": 252.0,
    "regen": 0.0,
    "requestedTorqueAfterProc": -328.5,
    "right_solar": 50,
    "steer_corrected": 205.4000000000001,
    "steer_offset_can": -12.599999999999909,
    "steer_raw": 192.80000000000018,
    "transversal_accel": -0.3120000000000118,
    "utime": 315973823860177000
  },
  {
    "FL_wheel_speed": 127.1433,
    "FR_wheel_speed": 143.6982,
    "RL_wheel_speed": 122.6814,
    "RR_wheel_speed": 140.1954,
    "left_solar": -112,
    "longitudinal_accel": 0.3500000000000014,
    "meanEffTorque": 51.5,
    "odom": 96,
    "odom_speed": 15.0,
    "pedal_cc": 252.0,
    "regen": 0.0,
    "requestedTorqueAfterProc": -328.5,
    "right_solar": 50,
    "steer_corrected": 205.29999999999973,
    "steer_offset_can": -12.599999999999909,
    "steer_raw": 192.69999999999982,
    "transversal_accel": -0.3120000000000118,
    "utime": 315973823959710000
  }
]