{
  "MS_IMU": {
    "message_count": 156,
    "timespan": 15499.661,
    "message_freq": 0.010064736254554212,
    "var_stats": {}
  },
  "POSE": {
    "message_count": 156,
    "timespan": 15499.661,
    "message_freq": 0.010064736254554212,
    "var_stats": {}
  },
  "SteerAngleFeedback": {
    "message_count": 1895,
    "message_freq": 97.15662796876305,
    "timespan": 19.504588,
    "var_stats": {
      "utime": {
        "max": 1531883549954657,
        "max_diff": 40353.0,
        "mean": 1531883540169269.2,
        "mean_diff": 10298.0929250264,
        "min": 1531883530450069,
        "min_diff": 2620.0,
        "std": 5648567.440276202,
        "std_diff": 2102.7753059090915
      },
      "value": {
        "max": 3.6023595761162976,
        "max_diff": 0.02094395102393687,
        "mean": 0.48530376506073947,
        "mean_diff": -0.001659629346801365,
        "min": -0.49567350756639117,
        "min_diff": -0.03490658503988664,
        "std": 1.1404488263892403,
        "std_diff": 0.007714615048815806
      }
    }
  },
  "VEHICLE_MONITOR": {
    "message_count": 40,
    "timespan": 3899.629,
    "message_freq": 0.010257386023131945,
    "var_stats": {
      "available_distance": {
        "max": 90.0,
        "min": 90.0,
        "mean": 90.0,
        "std": 0.0,
        "max_diff": 0.0,
        "mean_diff": 0.0,
        "min_diff": 0.0,
        "std_diff": 0.0
      },
      "battery_level": {
        "max": 69.0,
        "min": 69.0,
        "mean": 69.0,
        "std": 0.0,
        "max_diff": 0.0,
        "mean_diff": 0.0,
        "min_diff": 0.0,
        "std_diff": 0.0
      },
      "brake": {
        "max": 0.0,
        "min": 0.0,
        "mean": 0.0,
        "std": 0.0,
        "max_diff": 0.0,
        "mean_diff": 0.0,
        "min_diff": 0.0,
        "std_diff": 0.0
      },
      "brake_switch": {
        "max": 1.0,
        "min": 1.0,
        "mean": 1.0,
        "std": 0.0,
        "max_diff": 0.0,
        "mean_diff": 0.0,
        "min_diff": 0.0,
        "std_diff": 0.0
      },
      "gear_position": {
        "max": 7.0,
        "min": 7.0,
        "mean": 7.0,
        "std": 0.0,
        "max_diff": 0.0,
        "mean_diff": 0.0,
        "min_diff": 0.0,
        "std_diff": 0.0
      },
      "left_signal": {
        "max": 1.0,
        "min": 0.0,
        "mean": 0.25,
        "std": 0.4330127018922193,
        "max_diff": 1.0,
        "mean_diff": 0.2564102564102564,
        "min_diff": 0.0,
        "std_diff": 0.4366509324596513
      },
      "rear_left_rpm": {
        "max": 205.3725,
        "min": 115.67580000000001,
        "mean": 167.57562000000001,
        "std": 28.037097877590682,
        "max_diff": 17.764199999999988,
        "mean_diff": 5.881838461538462,
        "min_diff": 0.0,
        "std_diff": 3.9794723793175732
      },
      "rear_right_rpm": {
        "max": 201.6612,
        "min": 125.0166,
        "mean": 169.8951825,
        "std": 25.56948909634183,
        "max_diff": 10.550100000000015,
        "mean_diff": 5.500123076923076,
        "min_diff": 0.7088999999999999,
        "std_diff": 3.0488462458782553
      },
      "right_signal": {
        "max": 1.0,
        "min": 0.0,
        "mean": 0.125,
        "std": 0.33071891388307384,
        "max_diff": 1.0,
        "mean_diff": 0.15384615384615385,
        "min_diff": 0.0,
        "std_diff": 0.36080121229411
      },
      "steering": {
        "max": 206.4000000000001,
        "min": -44.40000000000009,
        "mean": 23.947499999999913,
        "std": 63.95300613536475,
        "max_diff": 78.19999999999982,
        "mean_diff": 11.320512820512821,
        "min_diff": 0.0,
        "std_diff": 17.02104548729614
      },
      "steering_speed": {
        "max": 65.70000000000046,
        "min": -183.29999999999956,
        "mean": -10.979999999999723,
        "std": 40.81711160775585,
        "max_diff": 123.50000000000001,
        "mean_diff": 22.73333333333331,
        "min_diff": 0.0,
        "std_diff": 26.61741605804059
      },
      "throttle": {
        "max": 202.0,
        "min": 0.0,
        "mean": 95.5,
        "std": 65.78335655771906,
        "max_diff": 98.0,
        "mean_diff": 23.128205128205128,
        "min_diff": 0.0,
        "std_diff": 23.66993060249973
      },
      "vehicle_speed": {
        "max": 23.12,
        "min": 14.530000000000001,
        "mean": 19.323500000000003,
        "std": 2.9579076642113087,
        "max_diff": 1.1899999999999977,
        "mean_diff": 0.6164102564102563,
        "min_diff": 0.0,
        "std_diff": 0.37129356123255736
      },
      "yaw_rate": {
        "max": 22.400000000000034,
        "min": -6.799999999999983,
        "mean": 2.5625000000000258,
        "std": 7.070243542481407,
        "max_diff": 10.099999999999994,
        "mean_diff": 1.4128205128205142,
        "min_diff": 0.0,
        "std_diff": 1.9957878063021515
      }
    }
  },
  "ZOE_VEH_INFO": {
    "message_count": 156,
    "timespan": 15499.661,
    "message_freq": 0.010064736254554212,
    "var_stats": {
      "FL_wheel_speed": {
        "max": 127.1433,
        "min": 118.428,
        "mean": 121.85114230769231,
        "std": 2.115819325875562,
        "max_diff": 2.3352000000000004,
        "mean_diff": 0.25854,
        "min_diff": 0.0,
        "std_diff": 0.4145012749270242
      },
      "FR_wheel_speed": {
        "max": 145.5747,
        "min": 135.2748,
        "mean": 137.68377692307692,
        "std": 2.281389832605031,
        "max_diff": 2.585399999999993,
        "mean_diff": 0.2348651612903226,
        "min_diff": 0.0,
        "std_diff": 0.44467996793541165
      },
      "RL_wheel_speed": {
        "max": 123.5988,
        "min": 114.96690000000001,
        "mean": 118.33364038461536,
        "std": 2.473999265613005,
        "max_diff": 1.1676000000000073,
        "mean_diff": 0.13074967741935473,
        "min_diff": 0.0,
        "std_diff": 0.21820556167306412
      },
      "RR_wheel_speed": {
        "max": 140.4039,
        "min": 132.2307,
        "mean": 134.69367307692306,
        "std": 2.09818830708005,
        "max_diff": 1.1259000000000015,
        "mean_diff": 0.1310187096774191,
        "min_diff": 0.0,
        "std_diff": 0.21595030156663889
      },
      "left_solar": {
        "max": -112.0,
        "min": -112.0,
        "mean": -112.0,
        "std": 0.0,
        "max_diff": 0.0,
        "mean_diff": 0.0,
        "min_diff": 0.0,
        "std_diff": 0.0
      },
      "longitudinal_accel": {
        "max": 0.5,
        "min": -0.29999999999999893,
        "mean": -0.0019230769230762672,
        "std": 0.21837721828857434,
        "max_diff": 0.20000000000000107,
        "mean_diff": 0.02225806451612906,
        "min_diff": 0.0,
        "std_diff": 0.03940768530083999
      },
      "meanEffTorque": {
        "max": 51.0,
        "min": 6.5,
        "mean": 24.858974358974358,
        "std": 16.166679375338138,
        "max_diff": 1.0,
        "mean_diff": 0.2967741935483871,
        "min_diff": 0.0,
        "std_diff": 0.2764800301576274
      },
      "odom": {
        "max": 96.0,
        "min": 8.0,
        "mean": 51.05128205128205,
        "std": 33.279275693200375,
        "max_diff": 84.0,
        "mean_diff": 5.52258064516129,
        "min_diff": 0.0,
        "std_diff": 17.32733640490245
      },
      "odom_speed": {
        "max": 15.0,
        "min": 14.0,
        "mean": 14.23076923076923,
        "std": 0.4213250442347431,
        "max_diff": 1.0,
        "mean_diff": 0.012903225806451613,
        "min_diff": 0.0,
        "std_diff": 0.11285713344861874
      },
      "pedal_cc": {
        "max": 252.0,
        "min": 92.0,
        "mean": 165.28846153846155,
        "std": 56.938451882373315,
        "max_diff": 7.0,
        "mean_diff": 1.0580645161290323,
        "min_diff": 0.0,
        "std_diff": 2.0104203048838523
      },
      "regen": {
        "max": 0.0,
        "min": 0.0,
        "mean": 0.0,
        "std": 0.0,
        "max_diff": 0.0,
        "mean_diff": 0.0,
        "min_diff": 0.0,
        "std_diff": 0.0
      },
      "requestedTorqueAfterProc": {
        "max": -328.5,
        "min": -376.5,
        "mean": -354.0897435897436,
        "std": 17.485111540258455,
        "max_diff": 2.0,
        "mean_diff": 0.33548387096774196,
        "min_diff": 0.0,
        "std_diff": 0.7472739218358845
      },
      "right_solar": {
        "max": 100.0,
        "min": 50.0,
        "mean": 85.25641025641026,
        "std": 22.799255440741973,
        "max_diff": 50.0,
        "mean_diff": 0.3225806451612903,
        "min_diff": 0.0,
        "std_diff": 4.003120530964793
      },
      "steer_corrected": {
        "max": 206.4000000000001,
        "min": 156.5999999999999,
        "mean": 196.24999999999994,
        "std": 14.74587512945008,
        "max_diff": 1.0,
        "mean_diff": 0.3316129032258217,
        "min_diff": 0.0,
        "std_diff": 0.3557372786852759
      },
      "steer_offset_can": {
        "max": -12.599999999999909,
        "min": -12.599999999999909,
        "mean": -12.599999999999909,
        "std": 0.0,
        "max_diff": 0.0,
        "mean_diff": 0.0,
        "min_diff": 0.0,
        "std_diff": 0.0
      },
      "steer_raw": {
        "max": 193.80000000000018,
        "min": 144.0,
        "mean": 183.65000000000006,
        "std": 14.745875129450082,
        "max_diff": 1.0,
        "mean_diff": 0.3316129032258217,
        "min_diff": 0.0,
        "std_diff": 0.3557372786852759
      },
      "transversal_accel": {
        "max": -0.3120000000000118,
        "min": -0.41200000000000614,
        "mean": -0.35664102564102595,
        "std": 0.017219528537407297,
        "max_diff": 0.03200000000001069,
        "mean_diff": 0.0029935483870973155,
        "min_diff": 0.0,
        "std_diff": 0.005425741244669436
      }
    }
  },
  "ZoeSensors": {
    "message_count": 156,
    "timespan": 15499.661,
    "message_freq": 0.010064736254554212,
    "var_stats": {
      "brake_sensor": {
        "max": 0.17095237970352173,
        "min": 0.17083260416984558,
        "mean": 0.17090206392682517,
        "std": 2.551235970845414e-05,
        "max_diff": 2.2366642951965332e-05,
        "mean_diff": 5.4836273193359375e-06,
        "min_diff": 0.0,
        "std_diff": 4.302495678107285e-06
      },
      "steering_sensor": {
        "max": 0.18987751007080078,
        "min": 0.18866437673568726,
        "mean": 0.18932515201278222,
        "std": 0.0003003673842257272,
        "max_diff": 0.0003032684326171875,
        "mean_diff": 5.537040771976594e-05,
        "min_diff": 0.0,
        "std_diff": 5.179930840956114e-05
      },
      "throttle_sensor": {
        "max": 0.1734868288040161,
        "min": 0.17139369249343872,
        "mean": 0.17251539717500025,
        "std": 0.0003759572023827461,
        "max_diff": 0.0005581676959991455,
        "mean_diff": 0.0001439318541557558,
        "min_diff": 0.0,
        "std_diff": 0.00012312553974883284
      }
    }
  },
  "STEER_ANGLE_FEEDBACK": {
    "message_count": 156,
    "timespan": 15499.661,
    "message_freq": 0.010064736254554212,
    "var_stats": {
      "value": {
        "max": 3.6023595761162976,
        "min": 2.7331856086231183,
        "mean": 3.425902313536459,
        "std": 0.25757647793545785,
        "max_diff": 0.02094395102393687,
        "mean_diff": 0.0058102573808330215,
        "min_diff": 0.0,
        "std_diff": 0.006301018900064944
      }
    }
  }
}