[
    {
        "sensor_name":"ring_front_center",
        "qw":0.5031929606,
        "qx":-0.5000567352,
        "qy":0.49662559,
        "qz":-0.5001031188,
        "tx_m":1.6233045788,
        "ty_m":0.0037999517,
        "tz_m":1.4004309418
    },
    {
        "sensor_name":"ring_front_left",
        "qw":0.6365424734,
        "qx":-0.6716448661,
        "qy":0.2749041534,
        "qz":-0.2610259754,
        "tx_m":1.5407969424,
        "ty_m":0.2023442876,
        "tz_m":1.3997617888
    },
    {
        "sensor_name":"ring_front_right",
        "qw":0.2673746098,
        "qx":-0.2778284975,
        "qy":0.6688332818,
        "qz":-0.6355975024,
        "tx_m":1.5498191457,
        "ty_m":-0.1915647071,
        "tz_m":1.3992732942
    },
    {
        "sensor_name":"ring_rear_left",
        "qw":0.59975636,
        "qx":-0.6032465397,
        "qy":-0.3721271264,
        "qz":0.3713587521,
        "tx_m":1.0979429912,
        "ty_m":0.1184831606,
        "tz_m":1.4119444294
    },
    {
        "sensor_name":"ring_rear_right",
        "qw":-0.3663409304,
        "qx":0.3727903443,
        "qy":0.605284887,
        "qz":-0.6003764548,
        "tx_m":1.1046263835,
        "ty_m":-0.1273910672,
        "tz_m":1.4096581636
    },
    {
        "sensor_name":"ring_side_left",
        "qw":0.6833464573,
        "qx":-0.7253757264,
        "qy":-0.0611277942,
        "qz":0.0559559437,
        "tx_m":1.3013666099,
        "ty_m":0.2679936046,
        "tz_m":1.4026266541
    },
    {
        "sensor_name":"ring_side_right",
        "qw":-0.0499599987,
        "qx":0.0565798364,
        "qy":0.7246065477,
        "qz":-0.6850168405,
        "tx_m":1.3113823313,
        "ty_m":-0.2722815497,
        "tz_m":1.3979494003
    },
    {
        "sensor_name":"stereo_front_left",
        "qw":0.502330109,
        "qx":-0.500282401,
        "qy":0.4981119451,
        "qz":-0.4992659321,
        "tx_m":1.6201199761,
        "ty_m":0.2546985202,
        "tz_m":1.1907737766
    },
    {
        "sensor_name":"stereo_front_right",
        "qw":0.5031603723,
        "qx":-0.5032472835,
        "qy":0.4967021885,
        "qz":-0.4968488173,
        "tx_m":1.6294733838,
        "ty_m":-0.2447091487,
        "tz_m":1.1912569198
    },
    {
        "sensor_name":"up_lidar",
        "qw":0.9999813222,
        "qx":0.0,
        "qy":0.0,
        "qz":-0.0061118978,
        "tx_m":1.35018,
        "ty_m":0.0,
        "tz_m":1.64042
    },
    {
        "sensor_name":"down_lidar",
        "qw":-0.0002185705,
        "qx":-0.9952018329,
        "qy":0.0978430149,
        "qz":0.0000915413,
        "tx_m":1.3478028585,
        "ty_m":0.0022382144,
        "tz_m":1.5263358335
    }
]