[
    {
        "token": "a8aa4a2909c342bfb29992fd943655c5",
        "timestamp": 315966218859797000,
        "translation": [
            1527.9359817356,
            239.38815405,
            12.8119093813
        ],
        "rotation": [
            -0.006491089,
            0.0209707005,
            0.9870642966,
            -0.1588148921
        ]
    },
    {
        "token": "09f141ab87af4376b6efff808f473bb1",
        "timestamp": 315966218959994000,
        "translation": [
            1527.9360891302,
            239.388068666,
            12.8120743654
        ],
        "rotation": [
            -0.0064957819,
            0.0209893064,
            0.9870662109,
            -0.1588003437
        ]
    },
    {
        "token": "a79cd5eebba74863bd0d19ee5b327574",
        "timestamp": 315966219060186000,
        "translation": [
            1527.9361566401,
            239.3880778234,
            12.812167638
        ],
        "rotation": [
            -0.0064973876,
            0.0209838005,
            0.9870661598,
            -0.1588013232
        ]
    },
    {
        "token": "b959320b4c7142fda2ffaf6a92e3feaf",
        "timestamp": 315966219159719000,
        "translation": [
            1527.936109668,
            239.388278307,
            12.812512891
        ],
        "rotation": [
            -0.0064941983,
            0.020971558,
            0.9870674673,
            -0.1587949437
        ]
    },
    {
        "token": "79d7cbb6ab3f48cf8b22791c64205257",
        "timestamp": 315966219259915000,
        "translation": [
            1527.9359786354,
            239.3882902946,
            12.8127483412
        ],
        "rotation": [
            -0.0064927813,
            0.0209672331,
            0.987069964,
            -0.1587800525
        ]
    },
    {
        "token": "6a8a32d9ceeb491ea04abcdaf3eb07a4",
        "timestamp": 315966219360112000,
        "translation": [
            1527.9356668806,
            239.3886265395,
            12.8128551138
        ],
        "rotation": [
            -0.006498196,
            0.0209676034,
            0.9870667127,
            -0.1587999931
        ]
    },
    {
        "token": "d62dc88c7ea84b799b2be114c36c1b34",
        "timestamp": 315966219459645000,
        "translation": [
            1527.9356245592,
            239.3887370008,
            12.8130139737
        ],
        "rotation": [
            -0.0064849404,
            0.0209457317,
            0.9870677362,
            -0.1587970595
        ]
    },
    {
        "token": "f106bdc067ef40b496653dd8a2c57950",
        "timestamp": 315966219559841000,
        "translation": [
            1527.9354631379,
            239.3888819587,
            12.8130474692
        ],
        "rotation": [
            -0.0064721472,
            0.0209509565,
            0.987066895,
            -0.1588021205
        ]
    },
    {
        "token": "7a844e4a3f4a4c72b71395a4e63c3cb6",
        "timestamp": 315966219660038000,
        "translation": [
            1527.9355999753,
            239.3890079868,
            12.8132733266
        ],
        "rotation": [
            -0.0064699167,
            0.0209626705,
            0.9870651259,
            -0.1588116618
        ]
    },
    {
        "token": "7a660087bf154abd8b15dcb7923d50e7",
        "timestamp": 315966219759571000,
        "translation": [
            1527.9355616206,
            239.3892187152,
            12.813442942
        ],
        "rotation": [
            -0.0064861971,
            0.0209371844,
            0.9870682845,
            -0.1587947272
        ]
    },
    {
        "token": "95269cf712944593a389e0a6ddde41a1",
        "timestamp": 315966219859767000,
        "translation": [
            1527.9355176242,
            239.3892782267,
            12.8135393629
        ],
        "rotation": [
            -0.0064848945,
            0.0209420528,
            0.9870703811,
            -0.1587811051
        ]
    },
    {
        "token": "de5b1fbad00144f7b35ace4e329f0a3c",
        "timestamp": 315966219959964000,
        "translation": [
            1527.9355244719,
            239.3893004102,
            12.8135816524
        ],
        "rotation": [
            -0.0064743141,
            0.0209466371,
            0.987071622,
            -0.1587732176
        ]
    },
    {
        "token": "299a501073b24173a426d18de623dc09",
        "timestamp": 315966220060156000,
        "translation": [
            1527.9355671193,
            239.3891635005,
            12.8136075699
        ],
        "rotation": [
            -0.0064816293,
            0.0209506552,
            0.9870730227,
            -0.1587636807
        ]
    },
    {
        "token": "9918fb4bc6ed495b9a17ee7eb0684469",
        "timestamp": 315966220159689000,
        "translation": [
            1527.9355548767,
            239.3890925803,
            12.8138164723
        ],
        "rotation": [
            -0.006478626,
            0.0209288188,
            0.9870732197,
            -0.1587654587
        ]
    },
    {
        "token": "b0b26f1540d146e19a729fce966f2484",
        "timestamp": 315966220259885000,
        "translation": [
            1527.9356392225,
            239.3889542769,
            12.8138382294
        ],
        "rotation": [
            -0.0064681987,
            0.0209341323,
            0.9870735721,
            -0.1587629926
        ]
    },
    {
        "token": "29a314f84e6d434eba169e1e9d3d10d0",
        "timestamp": 315966220360082000,
        "translation": [
            1527.9355115766,
            239.3890758183,
            12.813956939
        ],
        "rotation": [
            -0.0064583709,
            0.0209335584,
            0.9870729132,
            -0.1587675647
        ]
    },
    {
        "token": "65fa4251373b4d0d9273968d176ca517",
        "timestamp": 315966220459615000,
        "translation": [
            1527.9355099041,
            239.3888459614,
            12.8139328664
        ],
        "rotation": [
            -0.0064555007,
            0.0209265634,
            0.9870752682,
            -0.1587539615
        ]
    },
    {
        "token": "45ae879b230747e5bcb67279a38f82d9",
        "timestamp": 315966220559811000,
        "translation": [
            1527.9357491011,
            239.3884114112,
            12.8140692391
        ],
        "rotation": [
            -0.0064500615,
            0.020932997,
            0.987077138,
            -0.1587417087
        ]
    },
    {
        "token": "12d2e2bd66964819828767322ec1b259",
        "timestamp": 315966220660008000,
        "translation": [
            1527.9358645526,
            239.3882061192,
            12.8139621361
        ],
        "rotation": [
            -0.0064524508,
            0.0209296049,
            0.9870800483,
            -0.158723961
        ]
    },
    {
        "token": "7b102e6861f24813a1728a237f4d71bf",
        "timestamp": 315966220760204000,
        "translation": [
            1527.9359879094,
            239.3879183757,
            12.8140269314
        ],
        "rotation": [
            -0.0064555212,
            0.0209454643,
            0.9870796388,
            -0.1587242904
        ]
    },
    {
        "token": "9f70878ce6924b0c9d9e79282b7af424",
        "timestamp": 315966220859737000,
        "translation": [
            1527.936096052,
            239.3877389353,
            12.8139517657
        ],
        "rotation": [
            -0.0064589814,
            0.0209556875,
            0.9870781974,
            -0.158731764
        ]
    },
    {
        "token": "83c1880baa434bcd8fce8711158ee4b5",
        "timestamp": 315966220959933000,
        "translation": [
            1527.9359286109,
            239.3874530711,
            12.8139968848
        ],
        "rotation": [
            -0.0064679573,
            0.0209659314,
            0.9870745346,
            -0.158752822
        ]
    },
    {
        "token": "d39835d099f749f38176d8715d41c813",
        "timestamp": 315966221060125000,
        "translation": [
            1527.9357764659,
            239.3872244413,
            12.8142065964
        ],
        "rotation": [
            -0.0064545927,
            0.0209516995,
            0.9870714629,
            -0.1587743419
        ]
    },
    {
        "token": "36e05570d75b46b0b78d0cb9a7af587b",
        "timestamp": 315966221159658000,
        "translation": [
            1527.93585644,
            239.3870410208,
            12.8144202995
        ],
        "rotation": [
            -0.0064444487,
            0.020945969,
            0.9870720716,
            -0.158771726
        ]
    },
    {
        "token": "85da2c7508e449a3b462deaaca5404d8",
        "timestamp": 315966221259854000,
        "translation": [
            1527.935854801,
            239.3866238118,
            12.8144995002
        ],
        "rotation": [
            -0.0064464899,
            0.0209790379,
            0.9870716411,
            -0.1587699534
        ]
    },
    {
        "token": "11748d9563574236a0b15016b3540e9d",
        "timestamp": 315966221360051000,
        "translation": [
            1527.936141054,
            239.3862715469,
            12.814773572
        ],
        "rotation": [
            -0.0064379046,
            0.020979123,
            0.9870736435,
            -0.1587578413
        ]
    },
    {
        "token": "3cee1b472b7f4bfa8fd64aaae8b6264f",
        "timestamp": 315966221460247000,
        "translation": [
            1527.9362407221,
            239.3860192738,
            12.8147736444
        ],
        "rotation": [
            -0.0064357261,
            0.020981006,
            0.9870752287,
            -0.1587478242
        ]
    },
    {
        "token": "6e36b4ac77b8400b8443ae4b861e40fb",
        "timestamp": 315966221559780000,
        "translation": [
            1527.9363077918,
            239.3859146011,
            12.8149013482
        ],
        "rotation": [
            -0.0064325775,
            0.0209963362,
            0.9870745191,
            -0.1587503371
        ]
    },
    {
        "token": "c998fc4110694f0fbed23aa6b19fa47a",
        "timestamp": 315966221659977000,
        "translation": [
            1527.9362971606,
            239.3859937926,
            12.8149409497
        ],
        "rotation": [
            -0.0064400042,
            0.0210135624,
            0.9870742037,
            -0.1587497176
        ]
    },
    {
        "token": "595c707ba73c4aff90ce155f9666b5f0",
        "timestamp": 315966221760173000,
        "translation": [
            1527.9363344948,
            239.3859033756,
            12.8148147201
        ],
        "rotation": [
            -0.0064538603,
            0.0210307708,
            0.9870733035,
            -0.1587524734
        ]
    },
    {
        "token": "dc20680d76104b94a0510b8f7fa480a6",
        "timestamp": 315966221859706000,
        "translation": [
            1527.9361328082,
            239.3857928521,
            12.8145705587
        ],
        "rotation": [
            -0.0064470313,
            0.021018536,
            0.9870734671,
            -0.1587533543
        ]
    },
    {
        "token": "dec4d61b8cc6448682571ec7981c0bbe",
        "timestamp": 315966221959902000,
        "translation": [
            1527.9360655474,
            239.3859275132,
            12.8146012511
        ],
        "rotation": [
            -0.0064421672,
            0.0209857919,
            0.9870733777,
            -0.1587584392
        ]
    },
    {
        "token": "351f707306884dbba87ab1473eb57743",
        "timestamp": 315966222060095000,
        "translation": [
            1527.9361369836,
            239.3861339066,
            12.814519701
        ],
        "rotation": [
            -0.0064407144,
            0.0210048937,
            0.9870684345,
            -0.1587867037
        ]
    },
    {
        "token": "c7ada43351ca4f39949905680742bc74",
        "timestamp": 315966222159628000,
        "translation": [
            1527.935882493,
            239.3860769323,
            12.8141507916
        ],
        "rotation": [
            -0.0064222513,
            0.0210145181,
            0.987067523,
            -0.1587918441
        ]
    },
    {
        "token": "6254dcc810664a20a290f165abfab9ef",
        "timestamp": 315966222259824000,
        "translation": [
            1527.9349688746,
            239.3857792154,
            12.8134888051
        ],
        "rotation": [
            -0.006319498,
            0.0210426759,
            0.9870694102,
            -0.1587805063
        ]
    },
    {
        "token": "c5adfeb40ec1423fa7daff7567e6162e",
        "timestamp": 315966222360021000,
        "translation": [
            1527.9281032333,
            239.3835767053,
            12.8108840767
        ],
        "rotation": [
            -0.0055656072,
            0.0211004589,
            0.9870679225,
            -0.1588102989
        ]
    },
    {
        "token": "043017048e364b8b8bfe4661bb19a51f",
        "timestamp": 315966222460217000,
        "translation": [
            1527.9254182629,
            239.3833156637,
            12.8142808786
        ],
        "rotation": [
            -0.0048855568,
            0.021163281,
            0.9870672158,
            -0.1588287075
        ]
    },
    {
        "token": "7c92e2d3bd5f4b30951d767122b1a23e",
        "timestamp": 315966222559750000,
        "translation": [
            1527.9132475476,
            239.3797500474,
            12.8149429043
        ],
        "rotation": [
            -0.0051467865,
            0.0211591386,
            0.9870694266,
            -0.1588072684
        ]
    },
    {
        "token": "881d2c9f4f3c42ed951d65d135d8c51e",
        "timestamp": 315966222659947000,
        "translation": [
            1527.8966575343,
            239.3742769736,
            12.8129449749
        ],
        "rotation": [
            -0.0060586073,
            0.0211689577,
            0.9870687869,
            -0.1587777643
        ]
    },
    {
        "token": "d0f7da5602e444de957c6fbd496af83b",
        "timestamp": 315966222760143000,
        "translation": [
            1527.8947121998,
            239.3740777838,
            12.8151254232
        ],
        "rotation": [
            -0.0066889106,
            0.0211950052,
            0.9870574472,
            -0.1588194765
        ]
    },
    {
        "token": "5131f77ab2ac49048352612f0c738d31",
        "timestamp": 315966222859676000,
        "translation": [
            1527.8921825789,
            239.3729596818,
            12.8118118982
        ],
        "rotation": [
            -0.0067501454,
            0.0212148148,
            0.987050405,
            -0.1588580032
        ]
    },
    {
        "token": "57c2d074a35d469b8ea177d5d4459aa4",
        "timestamp": 315966222959872000,
        "translation": [
            1527.8926414511,
            239.3729042739,
            12.8092915374
        ],
        "rotation": [
            -0.0060849116,
            0.0211573755,
            0.9870524992,
            -0.158879524
        ]
    },
    {
        "token": "23592eb67c584256bc8efa1016ad033c",
        "timestamp": 315966223060065000,
        "translation": [
            1527.8907107612,
            239.3719964806,
            12.8069268135
        ],
        "rotation": [
            -0.0055222887,
            0.0210849237,
            0.9870594916,
            -0.1588662654
        ]
    },
    {
        "token": "aa6b59bf46d944c5ad5e0d7984755e62",
        "timestamp": 315966223159598000,
        "translation": [
            1527.8808552757,
            239.3686321528,
            12.8039003727
        ],
        "rotation": [
            -0.0049973708,
            0.0211486483,
            0.9870611365,
            -0.1588649545
        ]
    },
    {
        "token": "16f4dbdc37f14e67bf0fd44643b40d41",
        "timestamp": 315966223259794000,
        "translation": [
            1527.8667514497,
            239.3643309591,
            12.8030608408
        ],
        "rotation": [
            -0.0043657145,
            0.0213141297,
            0.9870556848,
            -0.1588953224
        ]
    },
    {
        "token": "5616578782e647a69cbf350e321c861b",
        "timestamp": 315966223359991000,
        "translation": [
            1527.8374767704,
            239.3551920477,
            12.8009173422
        ],
        "rotation": [
            -0.0037370365,
            0.0215378979,
            0.9870506499,
            -0.1589124541
        ]
    },
    {
        "token": "941ffde85a93441f8ec48254d420fc03",
        "timestamp": 315966223460187000,
        "translation": [
            1527.7964853329,
            239.3424413743,
            12.7995154547
        ],
        "rotation": [
            -0.003150445,
            0.0217654593,
            0.9870331594,
            -0.1590027726
        ]
    },
    {
        "token": "88b0b16bcbcd42018af0cbac7aa4e6d3",
        "timestamp": 315966223559720000,
        "translation": [
            1527.7431374885,
            239.3259145474,
            12.8022416213
        ],
        "rotation": [
            -0.0024660053,
            0.0218858043,
            0.9870148706,
            -0.1591118333
        ]
    },
    {
        "token": "eaaf7fd7d09f4d79b2f8393f48ea6b27",
        "timestamp": 315966223659917000,
        "translation": [
            1527.6772646302,
            239.3051472684,
            12.8047901005
        ],
        "rotation": [
            -0.0023402547,
            0.0219640016,
            0.9869939607,
            -0.1592326204
        ]
    },
    {
        "token": "c287cf24e211484b9ba0d097b317835e",
        "timestamp": 315966223760113000,
        "translation": [
            1527.5896931524,
            239.2771589455,
            12.8058054083
        ],
        "rotation": [
            -0.0030072553,
            0.0219487147,
            0.9869643324,
            -0.1594070791
        ]
    },
    {
        "token": "d8a7954491e9463ea62dc0dd28d41897",
        "timestamp": 315966223859646000,
        "translation": [
            1527.4982508553,
            239.2473737785,
            12.8083555924
        ],
        "rotation": [
            -0.0034806574,
            0.021929867,
            0.986937548,
            -0.159565793
        ]
    },
    {
        "token": "3e8c53bbff894e27a1a14f58173fb827",
        "timestamp": 315966223959842000,
        "translation": [
            1527.4011572632,
            239.216137117,
            12.8081773125
        ],
        "rotation": [
            -0.003673683,
            0.0219304519,
            0.9868989617,
            -0.1597998711
        ]
    },
    {
        "token": "0ec5ed37acd544eea5d96cfef7adf020",
        "timestamp": 315966224060034000,
        "translation": [
            1527.3017366968,
            239.1840607334,
            12.8092127117
        ],
        "rotation": [
            -0.0036565705,
            0.021950228,
            0.9868517297,
            -0.1600889769
        ]
    },
    {
        "token": "735854ead2a04d16ba0ec216cfcdb2b1",
        "timestamp": 315966224160230000,
        "translation": [
            1527.1754287413,
            239.1425021531,
            12.8042903313
        ],
        "rotation": [
            -0.0036633913,
            0.0219231659,
            0.9868126371,
            -0.1603333206
        ]
    },
    {
        "token": "f003dd13e09549df86a15c6ad3a969c8",
        "timestamp": 315966224259763000,
        "translation": [
            1527.0590034142,
            239.1041702657,
            12.8033264363
        ],
        "rotation": [
            -0.0034094529,
            0.0220580199,
            0.9867628165,
            -0.1606267831
        ]
    },
    {
        "token": "c9274e4206b747579e4cd06df456cb1b",
        "timestamp": 315966224359960000,
        "translation": [
            1526.9304240846,
            239.0622371132,
            12.8049981374
        ],
        "rotation": [
            -0.0030939007,
            0.0221059373,
            0.9867052742,
            -0.1609796793
        ]
    },
    {
        "token": "209df9a1b43749d4b6b1f90adbb8dac1",
        "timestamp": 315966224460156000,
        "translation": [
            1526.7896533532,
            239.0159458861,
            12.8028876482
        ],
        "rotation": [
            -0.0028178966,
            0.022292407,
            0.9866400356,
            -0.1613584462
        ]
    },
    {
        "token": "d1e8ee0d3462490fa89f348b8edb290b",
        "timestamp": 315966224559689000,
        "translation": [
            1526.6355543788,
            238.9648568268,
            12.8010416255
        ],
        "rotation": [
            -0.0024133,
            0.0225183721,
            0.9865760108,
            -0.1617246852
        ]
    },
    {
        "token": "d05ea2939ebb496e82e5babc15e935d1",
        "timestamp": 315966224663058000,
        "translation": [
            1526.4668061283,
            238.9087591154,
            12.7996872717
        ],
        "rotation": [
            -0.0021299254,
            0.0226952363,
            0.9865093031,
            -0.1621104083
        ]
    },
    {
        "token": "a2a7ce9d50c34de590621fa2c83105b6",
        "timestamp": 315966224760082000,
        "translation": [
            1526.2817025815,
            238.8470147052,
            12.7978659526
        ],
        "rotation": [
            -0.0020728579,
            0.0228913704,
            0.9864361498,
            -0.1625281845
        ]
    },
    {
        "token": "484aa994bfc84b138aa5a9f40a85a6b2",
        "timestamp": 315966224859615000,
        "translation": [
            1526.067148039,
            238.7754506922,
            12.7994577687
        ],
        "rotation": [
            -0.0020587165,
            0.0231036128,
            0.9863563589,
            -0.1629819559
        ]
    },
    {
        "token": "57d32bb56ffe4e3c85c88b2a1c8a9452",
        "timestamp": 315966224959811000,
        "translation": [
            1525.8441364849,
            238.7007607042,
            12.7992158749
        ],
        "rotation": [
            -0.0019517274,
            0.0231875052,
            0.986274278,
            -0.1634673632
        ]
    },
    {
        "token": "8dbfdd390e5d448090566e35df7c9c25",
        "timestamp": 315966225060004000,
        "translation": [
            1525.6164885815,
            238.6236194772,
            12.7986808174
        ],
        "rotation": [
            -0.0019842012,
            0.0232101232,
            0.9862061948,
            -0.1638740198
        ]
    },
    {
        "token": "0789859edb6e46649cf60ef7566609f8",
        "timestamp": 315966225160200000,
        "translation": [
            1525.3585947235,
            238.5332830446,
            12.7985765298
        ],
        "rotation": [
            -0.0019600679,
            0.0232179361,
            0.9861174632,
            -0.1644063088
        ]
    },
    {
        "token": "ae5b31fdfe8546c3b319e2cb9baadaa6",
        "timestamp": 315966225259733000,
        "translation": [
            1525.1062185005,
            238.4453007997,
            12.7987942878
        ],
        "rotation": [
            -0.0019932354,
            0.0234586148,
            0.9860027935,
            -0.1650582066
        ]
    },
    {
        "token": "ce065bfd4a3b46779866732cd5097557",
        "timestamp": 315966225359930000,
        "translation": [
            1524.8452974276,
            238.3536458223,
            12.8010514953
        ],
        "rotation": [
            -0.0019806211,
            0.0235911589,
            0.9858727183,
            -0.1658147086
        ]
    },
    {
        "token": "b053fe09adc34bf0ac04d9750246f7a8",
        "timestamp": 315966225460126000,
        "translation": [
            1524.5486511336,
            238.2479312046,
            12.8013520296
        ],
        "rotation": [
            -0.001729398,
            0.0238258431,
            0.9857160661,
            -0.1667128532
        ]
    },
    {
        "token": "09e9781f2093411cb37e293c86afb38c",
        "timestamp": 315966225559659000,
        "translation": [
            1524.2567389808,
            238.1440839001,
            12.8046932553
        ],
        "rotation": [
            -0.0016128703,
            0.0239613386,
            0.9855592608,
            -0.1676192002
        ]
    },
    {
        "token": "6b79fed403604f7d8d7cafacd49187a5",
        "timestamp": 315966225659855000,
        "translation": [
            1523.9517804184,
            238.0345626359,
            12.8038512827
        ],
        "rotation": [
            -0.0016829963,
            0.0241892506,
            0.9854056256,
            -0.168486797
        ]
    },
    {
        "token": "ddaa50aae8fb40abad713ccac3377c02",
        "timestamp": 315966225760052000,
        "translation": [
            1523.630812969,
            237.9188662081,
            12.800533023
        ],
        "rotation": [
            -0.001910797,
            0.0244720303,
            0.985251619,
            -0.1693420087
        ]
    },
    {
        "token": "86db3d4a471b490f9caf64d5ebb849e0",
        "timestamp": 315966225859585000,
        "translation": [
            1523.3052455278,
            237.8008189325,
            12.8036481704
        ],
        "rotation": [
            -0.0017685239,
            0.0243974092,
            0.985128357,
            -0.170069865
        ]
    },
    {
        "token": "eb0b2d89973f41b8adebed2feb039f64",
        "timestamp": 315966225959781000,
        "translation": [
            1522.9532612303,
            237.6721692333,
            12.8045463873
        ],
        "rotation": [
            -0.0019503894,
            0.0241731725,
            0.9850280527,
            -0.1706797852
        ]
    },
    {
        "token": "95eaf6068e224fd1b9ba9f23f90148cd",
        "timestamp": 315966226059974000,
        "translation": [
            1522.5918001446,
            237.5392562321,
            12.8011528742
        ],
        "rotation": [
            -0.0022170424,
            0.0245589445,
            0.9849200236,
            -0.1712439491
        ]
    },
    {
        "token": "c7ffb08d690348d98b21744a59180197",
        "timestamp": 315966226160170000,
        "translation": [
            1522.2299673445,
            237.4070305893,
            12.8052362828
        ],
        "rotation": [
            -0.00202468,
            0.0243839736,
            0.9848262723,
            -0.1718095922
        ]
    },
    {
        "token": "6b2bd5b430c0407c917d8dfeb1470e6c",
        "timestamp": 315966226259703000,
        "translation": [
            1521.8372381892,
            237.2620204233,
            12.7991256992
        ],
        "rotation": [
            -0.0022626664,
            0.0243417723,
            0.9847882412,
            -0.1720304577
        ]
    },
    {
        "token": "6d437850971b419f8aadd7abef46411e",
        "timestamp": 315966226359899000,
        "translation": [
            1521.4089670685,
            237.1047361181,
            12.8038601466
        ],
        "rotation": [
            -0.0023011323,
            0.0236992344,
            0.9847957508,
            -0.1720766698
        ]
    },
    {
        "token": "e91204e6b4914c9f96d33644400358a9",
        "timestamp": 315966226460096000,
        "translation": [
            1520.976071551,
            236.9470711161,
            12.8029957681
        ],
        "rotation": [
            -0.00234912,
            0.0236965366,
            0.9847923477,
            -0.1720958679
        ]
    },
    {
        "token": "d19b3491c40f4fd391349936cd6ee0f3",
        "timestamp": 315966226560292000,
        "translation": [
            1520.5131490168,
            236.779041953,
            12.8041459601
        ],
        "rotation": [
            -0.0014588231,
            0.0240530762,
            0.9847748005,
            -0.1721566545
        ]
    },
    {
        "token": "3ec12fde615b41b0aaef8922822b3f26",
        "timestamp": 315966226659825000,
        "translation": [
            1520.0475563398,
            236.6102443434,
            12.7989103247
        ],
        "rotation": [
            -0.0007019978,
            0.0249853002,
            0.9847538589,
            -0.1721484223
        ]
    },
    {
        "token": "8b8c5a7b157549a4ad53cab4f5501c3a",
        "timestamp": 315966226760022000,
        "translation": [
            1519.5645117497,
            236.4355584952,
            12.7992551247
        ],
        "rotation": [
            -0.000405364,
            0.0254292784,
            0.9847420721,
            -0.1721517906
        ]
    },
    {
        "token": "ca068a9e21bd4eaabb3795256dfcbc29",
        "timestamp": 315966226860218000,
        "translation": [
            1519.1074310655,
            236.2709902088,
            12.8021592464
        ],
        "rotation": [
            -0.0023390341,
            0.0251373948,
            0.9846530153,
            -0.1726878103
        ]
    },
    {
        "token": "9ef430ab078e4c55961caa799704b0ba",
        "timestamp": 315966226959751000,
        "translation": [
            1518.68238719,
            236.1169041773,
            12.8179711469
        ],
        "rotation": [
            -0.0075136865,
            0.0242083929,
            0.984491628,
            -0.1735907045
        ]
    },
    {
        "token": "f7e2976b266c4a2f8348bef386b9520d",
        "timestamp": 315966227059944000,
        "translation": [
            1518.2759764992,
            235.9662837634,
            12.8266408047
        ],
        "rotation": [
            -0.0121287442,
            0.0228861013,
            0.9843268379,
            -0.1744413828
        ]
    },
    {
        "token": "90356bc18910452da1eb561f58dd9ba7",
        "timestamp": 315966227160140000,
        "translation": [
            1517.8699131887,
            235.8117889245,
            12.8297998625
        ],
        "rotation": [
            -0.0135474828,
            0.0221581453,
            0.9842044557,
            -0.1751201635
        ]
    },
    {
        "token": "df67168cb2b445739dd5f7584ee6f9c7",
        "timestamp": 315966227259673000,
        "translation": [
            1517.5218769317,
            235.681753248,
            12.8290195255
        ],
        "rotation": [
            -0.0123263262,
            0.0224005197,
            0.9841477734,
            -0.1754976879
        ]
    },
    {
        "token": "a2f2f4173053496a8dadb35b44dd5211",
        "timestamp": 315966227359869000,
        "translation": [
            1517.1993784499,
            235.5558659908,
            12.8276508631
        ],
        "rotation": [
            -0.0109850168,
            0.0230218741,
            0.9841044731,
            -0.1757489936
        ]
    },
    {
        "token": "cae6c5f11c5344819c16755d2de04a7b",
        "timestamp": 315966227460066000,
        "translation": [
            1516.8930737272,
            235.4381771384,
            12.8256196769
        ],
        "rotation": [
            -0.0102480447,
            0.0235429977,
            0.9841059977,
            -0.175715936
        ]
    },
    {
        "token": "f91c7d25579240cabbc8fee4bd2b7a0a",
        "timestamp": 315966227559599000,
        "translation": [
            1516.5579814972,
            235.3087005219,
            12.8208766258
        ],
        "rotation": [
            -0.0102018252,
            0.0237176507,
            0.9841252657,
            -0.1755871782
        ]
    },
    {
        "token": "fb7cebe05be9482b9b174d70bd5704a0",
        "timestamp": 315966227659795000,
        "translation": [
            1516.2868356072,
            235.2041349318,
            12.8180976002
        ],
        "rotation": [
            -0.0099952022,
            0.0237727698,
            0.9841134238,
            -0.1756579646
        ]
    },
    {
        "token": "bbc74c0020c24b2ea861b1cc49830ba0",
        "timestamp": 315966227759992000,
        "translation": [
            1516.0279137757,
            235.103597632,
            12.8142441927
        ],
        "rotation": [
            -0.0097939732,
            0.0237555834,
            0.9841242401,
            -0.1756110203
        ]
    },
    {
        "token": "344f69382a3f4e9a8d0317cee85e2a9c",
        "timestamp": 315966227860188000,
        "translation": [
            1515.7882945627,
            235.0102198733,
            12.8141141021
        ],
        "rotation": [
            -0.0100360389,
            0.0237354504,
            0.9841531739,
            -0.1754378427
        ]
    },
    {
        "token": "ad1d049dbaed4d1293b4bdeccfd96b66",
        "timestamp": 315966227959721000,
        "translation": [
            1515.5592165182,
            234.9211194761,
            12.8122910286
        ],
        "rotation": [
            -0.0103119868,
            0.023679726,
            0.9841678963,
            -0.1753467577
        ]
    },
    {
        "token": "b625d3c120434b649077a9dfed2b2062",
        "timestamp": 315966228059914000,
        "translation": [
            1515.3439602931,
            234.8375697221,
            12.8114099034
        ],
        "rotation": [
            -0.0103665331,
            0.0234829866,
            0.9841824611,
            -0.1752882413
        ]
    },
    {
        "token": "115f43c61552453fb6881141e0b7152f",
        "timestamp": 315966228160110000,
        "translation": [
            1515.133753084,
            234.7557790537,
            12.8075887356
        ],
        "rotation": [
            -0.0099746298,
            0.0236784068,
            0.9842056918,
            -0.1751542066
        ]
    },
    {
        "token": "47351423d5d146b79f95916a36b3127f",
        "timestamp": 315966228263477000,
        "translation": [
            1514.9397635934,
            234.6809120372,
            12.8077752683
        ],
        "rotation": [
            -0.0093291024,
            0.023938185,
            0.9842308215,
            -0.1750132026
        ]
    },
    {
        "token": "465e6b9da3604f61bdf3de40819832b6",
        "timestamp": 315966228359839000,
        "translation": [
            1514.742423005,
            234.6045297204,
            12.8062193475
        ],
        "rotation": [
            -0.0091832949,
            0.0244257356,
            0.9842544573,
            -0.1748205188
        ]
    },
    {
        "token": "f848d030173f4aaaac61b7f5c60b0900",
        "timestamp": 315966228460036000,
        "translation": [
            1514.5661972237,
            234.5381698855,
            12.8057891836
        ],
        "rotation": [
            -0.0088653064,
            0.024663929,
            0.9842806159,
            -0.1746561367
        ]
    },
    {
        "token": "485599ff8a5c408b8422cffc6646373c",
        "timestamp": 315966228560232000,
        "translation": [
            1514.4052593852,
            234.4776072912,
            12.8073408643
        ],
        "rotation": [
            -0.0083030884,
            0.0247996587,
            0.9843006713,
            -0.1745514945
        ]
    },
    {
        "token": "908c353065a54e5ab2f56e55dd4be2b9",
        "timestamp": 315966228659765000,
        "translation": [
            1514.2519397645,
            234.4201044131,
            12.8084835703
        ],
        "rotation": [
            -0.0078338595,
            0.0249405719,
            0.9843348752,
            -0.1743601217
        ]
    },
    {
        "token": "8e9e901912b34365b078163fca2af997",
        "timestamp": 315966228759962000,
        "translation": [
            1514.0971656556,
            234.3626392524,
            12.8056815121
        ],
        "rotation": [
            -0.0074031947,
            0.0250418711,
            0.9843903181,
            -0.1740511391
        ]
    },
    {
        "token": "973e3ae5d04b442da2769ab7248ee9f0",
        "timestamp": 315966228860158000,
        "translation": [
            1513.9538818643,
            234.3098862007,
            12.8067433401
        ],
        "rotation": [
            -0.0067180924,
            0.0253049058,
            0.9844431309,
            -0.1737419091
        ]
    },
    {
        "token": "df3a128fe643498c8e3f5751a5724cbc",
        "timestamp": 315966228959691000,
        "translation": [
            1513.8122440288,
            234.2588126185,
            12.8079570563
        ],
        "rotation": [
            -0.0061880158,
            0.0255454935,
            0.9844732298,
            -0.1735557432
        ]
    },
    {
        "token": "e234b16d3ccc464292c9f4ec3000f0ea",
        "timestamp": 315966229059883000,
        "translation": [
            1513.6664448849,
            234.2062198106,
            12.8059706348
        ],
        "rotation": [
            -0.0058910086,
            0.0256578297,
            0.9845047041,
            -0.1733708726
        ]
    },
    {
        "token": "6772e0ea57ad452fbb2cb0fc2fd1082c",
        "timestamp": 315966229160080000,
        "translation": [
            1513.5179874839,
            234.1507748798,
            12.8086910268
        ],
        "rotation": [
            -0.0054433971,
            0.0255174314,
            0.9845559233,
            -0.1731151756
        ]
    },
    {
        "token": "cec308b2a944498a8a5218f687481fce",
        "timestamp": 315966229259613000,
        "translation": [
            1513.3732920357,
            234.0973150398,
            12.8054829183
        ],
        "rotation": [
            -0.0052613831,
            0.0255333859,
            0.9845951248,
            -0.1728953564
        ]
    },
    {
        "token": "e565a2330da34e4ea912322c4fd17cbb",
        "timestamp": 315966229362978000,
        "translation": [
            1513.2393591243,
            234.0485914475,
            12.8074984555
        ],
        "rotation": [
            -0.0047878348,
            0.0256600093,
            0.9846286571,
            -0.1726993001
        ]
    },
    {
        "token": "ef5dc7afdeff4396bc08a34dc966f659",
        "timestamp": 315966229460006000,
        "translation": [
            1513.1006193244,
            233.9983236303,
            12.8069631932
        ],
        "rotation": [
            -0.0044284291,
            0.0259022953,
            0.9846705583,
            -0.1724336157
        ]
    },
    {
        "token": "85dc2cebf0cc460c86919f2316cf2951",
        "timestamp": 315966229559539000,
        "translation": [
            1512.9604094215,
            233.9477333065,
            12.805706982
        ],
        "rotation": [
            -0.0041107957,
            0.0260665584,
            0.98471334,
            -0.1721722217
        ]
    },
    {
        "token": "213f6f4a7dea4befaa7efe9e8215e48a",
        "timestamp": 315966229659735000,
        "translation": [
            1512.8206733594,
            233.8975904044,
            12.8041733741
        ],
        "rotation": [
            -0.0035773984,
            0.0261187841,
            0.9847497548,
            -0.1719678221
        ]
    },
    {
        "token": "23725665cc5841e5b0c3d226700e7bda",
        "timestamp": 315966229759932000,
        "translation": [
            1512.6799855812,
            233.8477419492,
            12.8029010409
        ],
        "rotation": [
            -0.0030192163,
            0.0260596294,
            0.9847906091,
            -0.1717534173
        ]
    },
    {
        "token": "df5f90cdd91c4bbd8c5144f47c9e5a41",
        "timestamp": 315966229860128000,
        "translation": [
            1512.5322941104,
            233.795735565,
            12.8051820466
        ],
        "rotation": [
            -0.0026524355,
            0.0259788031,
            0.9848391421,
            -0.1714932376
        ]
    },
    {
        "token": "c14a3fda0f1347be8c1359c2f53f1e0a",
        "timestamp": 315966229959661000,
        "translation": [
            1512.3781779782,
            233.7416921142,
            12.8037398808
        ],
        "rotation": [
            -0.0027733269,
            0.0260573997,
            0.9848790252,
            -0.1712501861
        ]
    },
    {
        "token": "2b72e2efd7874ed99da65aaa111fa902",
        "timestamp": 315966230059852000,
        "translation": [
            1512.2246044493,
            233.6885761626,
            12.8063494699
        ],
        "rotation": [
            -0.0028501301,
            0.026152023,
            0.9849235327,
            -0.1709783119
        ]
    },
    {
        "token": "958064556c744c179c41784b5751028f",
        "timestamp": 315966230160049000,
        "translation": [
            1512.0621126503,
            233.6328459349,
            12.8075262468
        ],
        "rotation": [
            -0.0030222414,
            0.0264469152,
            0.9849485507,
            -0.1707857698
        ]
    },
    {
        "token": "1bc1fdb7a7444dfaac1306962ecc10c0",
        "timestamp": 315966230260245000,
        "translation": [
            1511.8924686933,
            233.574886515,
            12.808699482
        ],
        "rotation": [
            -0.0030930792,
            0.0265813662,
            0.9849885426,
            -0.1705327968
        ]
    },
    {
        "token": "e9bade05f3454fbf8494b899134e47c8",
        "timestamp": 315966230359778000,
        "translation": [
            1511.7212069743,
            233.5161759052,
            12.8129862261
        ],
        "rotation": [
            -0.0030777892,
            0.026382725,
            0.9850398924,
            -0.170267112
        ]
    },
    {
        "token": "fdd40167d5c54a6e89034c17e51ea4e4",
        "timestamp": 315966230459975000,
        "translation": [
            1511.5358062313,
            233.4522914759,
            12.8137648616
        ],
        "rotation": [
            -0.0033320981,
            0.0259150764,
            0.98508451,
            -0.1700759068
        ]
    },
    {
        "token": "d5817ee3347d499bbeb2402cab32c1b6",
        "timestamp": 315966230560171000,
        "translation": [
            1511.3458575511,
            233.3872565874,
            12.8163188685
        ],
        "rotation": [
            -0.0035688855,
            0.0255554926,
            0.9851295607,
            -0.1698644415
        ]
    },
    {
        "token": "53c390a1da21463692553ea42d51a2a4",
        "timestamp": 315966230659704000,
        "translation": [
            1511.1279470722,
            233.3129042954,
            12.8169498134
        ],
        "rotation": [
            -0.0037410768,
            0.0263928028,
            0.9851601007,
            -0.1695553018
        ]
    },
    {
        "token": "19915134c2c5408492406923fd2fd444",
        "timestamp": 315966230759900000,
        "translation": [
            1510.9247811739,
            233.2447286758,
            12.8226638492
        ],
        "rotation": [
            -0.0036947126,
            0.0267167077,
            0.9852009532,
            -0.1692679782
        ]
    },
    {
        "token": "b65aa9415593495d83063fe13195bdc0",
        "timestamp": 315966230860097000,
        "translation": [
            1510.6970515607,
            233.1664757571,
            12.8187982987
        ],
        "rotation": [
            -0.0040462845,
            0.0269659049,
            0.9852323406,
            -0.1690375774
        ]
    },
    {
        "token": "3d07ca5b4ced441aac0fc7a33dfe181e",
        "timestamp": 315966230959630000,
        "translation": [
            1510.4684580901,
            233.0882149347,
            12.8197251576
        ],
        "rotation": [
            -0.0044147319,
            0.0267488683,
            0.9852512143,
            -0.1689528129
        ]
    },
    {
        "token": "377c3bdf38174a069e1b3cb7251d74f2",
        "timestamp": 315966231059822000,
        "translation": [
            1510.2257378775,
            233.005017425,
            12.8189322953
        ],
        "rotation": [
            -0.0045227377,
            0.0263536721,
            0.9853042896,
            -0.1687023583
        ]
    },
    {
        "token": "cdfc5230458b45258988b1cefbe61863",
        "timestamp": 315966231160019000,
        "translation": [
            1509.9709417787,
            232.9164821873,
            12.8182014609
        ],
        "rotation": [
            -0.0043664135,
            0.0263791795,
            0.9853585407,
            -0.1683853305
        ]
    },
    {
        "token": "6d04a19339814fdb85dd7d03dd8a57ad",
        "timestamp": 315966231259552000,
        "translation": [
            1509.7120390664,
            232.8275599565,
            12.8216520708
        ],
        "rotation": [
            -0.0042973315,
            0.026347336,
            0.9853900498,
            -0.1682076118
        ]
    },
    {
        "token": "dbef4f9668644cd29e4df2338eafaf89",
        "timestamp": 315966231359748000,
        "translation": [
            1509.4364201434,
            232.7326159108,
            12.8214385413
        ],
        "rotation": [
            -0.0044250182,
            0.0276714995,
            0.9853912795,
            -0.1679843257
        ]
    },
    {
        "token": "faf75f749ad841e68ed221370e39e26a",
        "timestamp": 315966231459945000,
        "translation": [
            1509.1459227576,
            232.6330509082,
            12.8207005196
        ],
        "rotation": [
            -0.0050712124,
            0.0298095036,
            0.9853767932,
            -0.1676849775
        ]
    },
    {
        "token": "c391518600e34514ab4622cac2733087",
        "timestamp": 315966231559477000,
        "translation": [
            1508.8410115156,
            232.5291579652,
            12.8186066627
        ],
        "rotation": [
            -0.0045757764,
            0.0314341518,
            0.9854005546,
            -0.1672623787
        ]
    },
    {
        "token": "b949cd72c32d40898c9602bb7bc286bf",
        "timestamp": 315966231659674000,
        "translation": [
            1508.5227732718,
            232.4194544705,
            12.8157028888
        ],
        "rotation": [
            -0.0026909722,
            0.0318887635,
            0.9854382585,
            -0.1669949223
        ]
    },
    {
        "token": "aac4d4e99df34b00a8e94a49ca6b30a6",
        "timestamp": 315966231759870000,
        "translation": [
            1508.192143131,
            232.3029783704,
            12.8157948862
        ],
        "rotation": [
            -0.0010344688,
            0.0315659158,
            0.9854338556,
            -0.1671006856
        ]
    },
    {
        "token": "ea3017fb3da7496597b07fdac8c109bd",
        "timestamp": 315966231860067000,
        "translation": [
            1507.8451246332,
            232.1796617647,
            12.8146608648
        ],
        "rotation": [
            0.0007635664,
            0.030528121,
            0.9854983886,
            -0.1669142798
        ]
    },
    {
        "token": "ba1698ece36e49f0a10a93614f95f8e9",
        "timestamp": 315966231959600000,
        "translation": [
            1507.4820419633,
            232.0506331863,
            12.8136156559
        ],
        "rotation": [
            0.0024808714,
            0.0307127892,
            0.985522482,
            -0.1667213462
        ]
    },
    {
        "token": "fd7996a95f384434b2353b7dc39fb227",
        "timestamp": 315966232059792000,
        "translation": [
            1507.0961654384,
            231.914900102,
            12.8103018116
        ],
        "rotation": [
            0.0043192842,
            0.0305844569,
            0.9855622831,
            -0.1664719822
        ]
    },
    {
        "token": "d43d84d48f354c2ebcc87a42f973222c",
        "timestamp": 315966232159989000,
        "translation": [
            1506.702478095,
            231.7774247208,
            12.8119154695
        ],
        "rotation": [
            0.0066809074,
            0.0310645179,
            0.9855390074,
            -0.1664428614
        ]
    },
    {
        "token": "8b73016464cd4baa91f1e10acc84bb4b",
        "timestamp": 315966232259522000,
        "translation": [
            1506.2505467655,
            231.6208067708,
            12.8079039419
        ],
        "rotation": [
            0.0078951262,
            0.0330755594,
            0.9854133278,
            -0.1667460577
        ]
    },
    {
        "token": "44d27552474448db96cf4abfdd1561a3",
        "timestamp": 315966232359718000,
        "translation": [
            1505.813918666,
            231.4695554518,
            12.8125920151
        ],
        "rotation": [
            0.0066719262,
            0.0331062273,
            0.9854154661,
            -0.166780761
        ]
    },
    {
        "token": "631d1d74829f4bca962877cf3e208a76",
        "timestamp": 315966232459915000,
        "translation": [
            1505.3687037989,
            231.3116224653,
            12.824562461
        ],
        "rotation": [
            0.0046018798,
            0.0321313377,
            0.9855567393,
            -0.166205636
        ]
    },
    {
        "token": "bbed0ff73c7c4c4684baef7adddef392",
        "timestamp": 315966232560111000,
        "translation": [
            1504.9139645794,
            231.1502272887,
            12.8380870702
        ],
        "rotation": [
            0.003594102,
            0.0301275346,
            0.9856435429,
            -0.1660910004
        ]
    },
    {
        "token": "04a58061ae8a4b51afb16121784fe760",
        "timestamp": 315966232659644000,
        "translation": [
            1504.438964994,
            230.9840920217,
            12.8472002346
        ],
        "rotation": [
            0.0028311414,
            0.0287914294,
            0.9856318791,
            -0.1664116497
        ]
    },
    {
        "token": "4178cfd94c3644aeaf1f86015e141b5d",
        "timestamp": 315966232759840000,
        "translation": [
            1503.9544787361,
            230.8130665123,
            12.859470973
        ],
        "rotation": [
            0.0011568864,
            0.027834427,
            0.9857169736,
            -0.166090199
        ]
    },
    {
        "token": "0ce65ae15a0344dab30093d740e2dca6",
        "timestamp": 315966232860037000,
        "translation": [
            1503.4429661328,
            230.6307718482,
            12.8654657271
        ],
        "rotation": [
            -6.56702e-05,
            0.0273662628,
            0.9857969031,
            -0.1656971611
        ]
    },
    {
        "token": "da46639f0634403aaf5c3557b1e9729e",
        "timestamp": 315966232960233000,
        "translation": [
            1502.931474678,
            230.4506339228,
            12.8660097574
        ],
        "rotation": [
            0.0003397333,
            0.0266687484,
            0.9858345001,
            -0.1655868375
        ]
    },
    {
        "token": "f52707163a1e4a3385f84256de21b471",
        "timestamp": 315966233059762000,
        "translation": [
            1502.3980920323,
            230.2629796151,
            12.8675622874
        ],
        "rotation": [
            0.0005666832,
            0.0266358134,
            0.9858704776,
            -0.1653771863
        ]
    },
    {
        "token": "832b555a075745bc9456abce13f8645c",
        "timestamp": 315966233159959000,
        "translation": [
            1501.8646837088,
            230.0781937565,
            12.8737122143
        ],
        "rotation": [
            -4.41079e-05,
            0.0264040254,
            0.9859151279,
            -0.1651489812
        ]
    },
    {
        "token": "8b405d41f92f4fc595780c3fca02828b",
        "timestamp": 315966233260155000,
        "translation": [
            1501.316587732,
            229.8882574093,
            12.8781270316
        ],
        "rotation": [
            -0.0005194566,
            0.0263143977,
            0.9859305169,
            -0.1650705863
        ]
    },
    {
        "token": "4294e78dfea74cc18dce9eb4c8831942",
        "timestamp": 315966233359688000,
        "translation": [
            1500.7049116974,
            229.676827857,
            12.881624098
        ],
        "rotation": [
            -0.0001655959,
            0.0255001041,
            0.9859509825,
            -0.165076883
        ]
    },
    {
        "token": "8b7030ebfc544ed8ad10cec19e894a1e",
        "timestamp": 315966233459884000,
        "translation": [
            1500.1369936207,
            229.4797064813,
            12.883096895
        ],
        "rotation": [
            0.0001242393,
            0.0250023907,
            0.9859929468,
            -0.1649023159
        ]
    },
    {
        "token": "f616ac6ecf054ea5997783705483d663",
        "timestamp": 315966233560081000,
        "translation": [
            1499.5598439148,
            229.2764479467,
            12.885519098
        ],
        "rotation": [
            0.0001729954,
            0.0245042053,
            0.9860172871,
            -0.1648315006
        ]
    },
    {
        "token": "2eb0265f06074f69ba68b74a24f51358",
        "timestamp": 315966233659614000,
        "translation": [
            1498.9401548316,
            229.0604311628,
            12.8886591085
        ],
        "rotation": [
            -0.0002101172,
            0.0243404197,
            0.9860058118,
            -0.164924343
        ]
    },
    {
        "token": "f6a8b7bed05349e1b3843cf98b496bb7",
        "timestamp": 315966233759810000,
        "translation": [
            1498.3369312047,
            228.8494500565,
            12.8891451957
        ],
        "rotation": [
            -0.0002242381,
            0.023331735,
            0.9860611886,
            -0.1647389215
        ]
    },
    {
        "token": "deb24616dc91490f962096c9e104cc40",
        "timestamp": 315966233860007000,
        "translation": [
            1497.6783690347,
            228.6204185837,
            12.8979393059
        ],
        "rotation": [
            -0.0001593017,
            0.0223507053,
            0.9861406276,
            -0.1643991578
        ]
    },
    {
        "token": "340d96ca17274497a9780b34740b7fe2",
        "timestamp": 315966233959540000,
        "translation": [
            1497.0647996967,
            228.4068744394,
            12.901670187
        ],
        "rotation": [
            -0.0003048998,
            0.0219396972,
            0.9861551514,
            -0.1643671926
        ]
    },
    {
        "token": "a72484e3124a40359dac3f4acae272a0",
        "timestamp": 315966234059732000,
        "translation": [
            1496.443929949,
            228.1893643247,
            12.9039991237
        ],
        "rotation": [
            -0.0003884178,
            0.0215640835,
            0.986115274,
            -0.1646557191
        ]
    },
    {
        "token": "da37419261e94d6d850f3a121baf252e",
        "timestamp": 315966234159929000,
        "translation": [
            1495.8079660962,
            227.9656615926,
            12.9020279067
        ],
        "rotation": [
            -0.0007652049,
            0.020495294,
            0.9861029842,
            -0.1648643746
        ]
    },
    {
        "token": "ad761b36532f4ff4adecf4325c243d1e",
        "timestamp": 315966234260125000,
        "translation": [
            1495.1810537272,
            227.74720303,
            12.9092998256
        ],
        "rotation": [
            -0.0008950953,
            0.0200308193,
            0.9860874117,
            -0.1650138832
        ]
    },
    {
        "token": "ec72b21a01a64a26890c893c48e40cd5",
        "timestamp": 315966234359658000,
        "translation": [
            1494.552692835,
            227.5278900347,
            12.9161480368
        ],
        "rotation": [
            -0.0007100772,
            0.0197966177,
            0.9860360015,
            -0.1653499121
        ]
    },
    {
        "token": "ba8cdf25f1bd49d4801514901c5eafe7",
        "timestamp": 315966234459854000,
        "translation": [
            1493.9151933251,
            227.3048694625,
            12.9181977923
        ],
        "rotation": [
            -0.0012461559,
            0.0200645229,
            0.9859999293,
            -0.1655294581
        ]
    }
]