[
    {
        "sensor_name":"ring_front_center",
        "qw":0.501210255,
        "qx":-0.5006919652,
        "qy":0.500026912,
        "qz":-0.4980651799,
        "tx_m":1.6229521955,
        "ty_m":0.0084583073,
        "tz_m":1.401439895
    },
    {
        "sensor_name":"ring_front_left",
        "qw":0.636205551,
        "qx":-0.6716734889,
        "qy":0.2770544514,
        "qz":-0.2594957653,
        "tx_m":1.5407742935,
        "ty_m":0.1998628251,
        "tz_m":1.4006249773
    },
    {
        "sensor_name":"ring_front_right",
        "qw":0.2634043592,
        "qx":-0.2770245694,
        "qy":0.6716746822,
        "qz":-0.6346090551,
        "tx_m":1.5494447527,
        "ty_m":-0.1914549613,
        "tz_m":1.4014813241
    },
    {
        "sensor_name":"ring_rear_left",
        "qw":0.6008568541,
        "qx":-0.6031487388,
        "qy":-0.3726482332,
        "qz":0.3692098781,
        "tx_m":1.0983859443,
        "ty_m":0.1155503772,
        "tz_m":1.4091722739
    },
    {
        "sensor_name":"ring_rear_right",
        "qw":-0.367088392,
        "qx":0.3708687316,
        "qy":0.6061712799,
        "qz":-0.6002156911,
        "tx_m":1.1066694609,
        "ty_m":-0.1358438915,
        "tz_m":1.4049234548
    },
    {
        "sensor_name":"ring_side_left",
        "qw":0.6851881589,
        "qx":-0.7237510252,
        "qy":-0.060217963,
        "qz":0.0554566265,
        "tx_m":1.3049344745,
        "ty_m":0.2671305511,
        "tz_m":1.4009513516
    },
    {
        "sensor_name":"ring_side_right",
        "qw":-0.0501807581,
        "qx":0.0579303296,
        "qy":0.7242461206,
        "qz":-0.6852689437,
        "tx_m":1.3125342655,
        "ty_m":-0.2677215838,
        "tz_m":1.3935255363
    },
    {
        "sensor_name":"stereo_front_left",
        "qw":0.5031930277,
        "qx":-0.4976434497,
        "qy":0.5006115772,
        "qz":-0.4985336724,
        "tx_m":1.6183014884,
        "ty_m":0.2563150885,
        "tz_m":1.1923181277
    },
    {
        "sensor_name":"stereo_front_right",
        "qw":0.5028296744,
        "qx":-0.5016666962,
        "qy":0.4966346117,
        "qz":-0.4988455743,
        "tx_m":1.6309086158,
        "ty_m":-0.2428065355,
        "tz_m":1.1919989601
    },
    {
        "sensor_name":"up_lidar",
        "qw":0.9999619238,
        "qx":0.0,
        "qy":0.0,
        "qz":-0.0087264537,
        "tx_m":1.35018,
        "ty_m":0.0,
        "tz_m":1.64042
    },
    {
        "sensor_name":"down_lidar",
        "qw":-0.0000671269,
        "qx":-0.9950618936,
        "qy":0.0992561786,
        "qz":0.0001854776,
        "tx_m":1.3502121421,
        "ty_m":-0.0000981532,
        "tz_m":1.5258709169
    }
]