[
    {
        "sensor_name":"ring_front_center",
        "fx_px":1778.5766137384,
        "fy_px":1778.5766137384,
        "cx_px":775.8844446856,
        "cy_px":1022.6304282411,
        "k1":-0.2429767116,
        "k2":-0.2028178703,
        "k3":0.3136851161,
        "height_px":2048,
        "width_px":1550
    },
    {
        "sensor_name":"ring_front_left",
        "fx_px":1686.7698109191,
        "fy_px":1686.7698109191,
        "cx_px":1025.9876909565,
        "cy_px":774.8973224588,
        "k1":-0.2600257098,
        "k2":-0.119066036,
        "k3":0.1928149579,
        "height_px":1550,
        "width_px":2048
    },
    {
        "sensor_name":"ring_front_right",
        "fx_px":1685.2707704418,
        "fy_px":1685.2707704418,
        "cx_px":1025.2263153652,
        "cy_px":777.7167629935,
        "k1":-0.2579711188,
        "k2":-0.1228941076,
        "k3":0.1953368902,
        "height_px":1550,
        "width_px":2048
    },
    {
        "sensor_name":"ring_rear_left",
        "fx_px":1687.2379022231,
        "fy_px":1687.2379022231,
        "cx_px":1023.7408175648,
        "cy_px":773.835297393,
        "k1":-0.255610812,
        "k2":-0.1362203543,
        "k3":0.21241352,
        "height_px":1550,
        "width_px":2048
    },
    {
        "sensor_name":"ring_rear_right",
        "fx_px":1683.0653584303,
        "fy_px":1683.0653584303,
        "cx_px":1024.2513400443,
        "cy_px":776.138676911,
        "k1":-0.2555947329,
        "k2":-0.1289872299,
        "k3":0.2020501401,
        "height_px":1550,
        "width_px":2048
    },
    {
        "sensor_name":"ring_side_left",
        "fx_px":1685.4597177623,
        "fy_px":1685.4597177623,
        "cx_px":1025.9834249707,
        "cy_px":775.9480037129,
        "k1":-0.2511799421,
        "k2":-0.1528608027,
        "k3":0.2320441159,
        "height_px":1550,
        "width_px":2048
    },
    {
        "sensor_name":"ring_side_right",
        "fx_px":1688.9636640237,
        "fy_px":1688.9636640237,
        "cx_px":1026.0608983449,
        "cy_px":776.5957710349,
        "k1":-0.2569482626,
        "k2":-0.1325787853,
        "k3":0.2090865156,
        "height_px":1550,
        "width_px":2048
    },
    {
        "sensor_name":"stereo_front_left",
        "fx_px":1687.7236327868,
        "fy_px":1687.7236327868,
        "cx_px":1024.6661980093,
        "cy_px":773.5863821476,
        "k1":-0.2592071249,
        "k2":-0.1230025861,
        "k3":0.1967182497,
        "height_px":1550,
        "width_px":2048
    },
    {
        "sensor_name":"stereo_front_right",
        "fx_px":1688.7045871198,
        "fy_px":1688.7045871198,
        "cx_px":1024.7323112864,
        "cy_px":772.7102012581,
        "k1":-0.2600428007,
        "k2":-0.120972343,
        "k3":0.1942482228,
        "height_px":1550,
        "width_px":2048
    }
]