[
    {
        "sensor_name":"ring_front_center",
        "qw":0.5028089058,
        "qx":-0.4996885698,
        "qy":0.5001474161,
        "qz":-0.4973400241,
        "tx_m":1.6312159044,
        "ty_m":-0.0007790215,
        "tz_m":1.4327802256
    },
    {
        "sensor_name":"ring_front_left",
        "qw":0.6355260399,
        "qx":-0.6719571796,
        "qy":0.2754630887,
        "qz":-0.2621073982,
        "tx_m":1.5500151018,
        "ty_m":0.1975388314,
        "tz_m":1.4313289888
    },
    {
        "sensor_name":"ring_front_right",
        "qw":0.2643537357,
        "qx":-0.2783439715,
        "qy":0.6717400668,
        "qz":-0.6335669014,
        "tx_m":1.5540571233,
        "ty_m":-0.1941710642,
        "tz_m":1.430574956
    },
    {
        "sensor_name":"ring_rear_left",
        "qw":0.6005984012,
        "qx":-0.6032271057,
        "qy":-0.3710956926,
        "qz":0.3710614591,
        "tx_m":1.1041171318,
        "ty_m":0.1243690179,
        "tz_m":1.4460697159
    },
    {
        "sensor_name":"ring_rear_right",
        "qw":-0.3681488436,
        "qx":0.3698849741,
        "qy":0.6036259834,
        "qz":-0.6027331143,
        "tx_m":1.1034324845,
        "ty_m":-0.128316786,
        "tz_m":1.4281352164
    },
    {
        "sensor_name":"ring_side_left",
        "qw":0.6841523152,
        "qx":-0.7249383719,
        "qy":-0.0583445954,
        "qz":0.0547345845,
        "tx_m":1.3104272689,
        "ty_m":0.2679035765,
        "tz_m":1.4332332556
    },
    {
        "sensor_name":"ring_side_right",
        "qw":-0.0538100053,
        "qx":0.0561048042,
        "qy":0.7271126195,
        "qz":-0.6821026116,
        "tx_m":1.3102356202,
        "ty_m":-0.2733452609,
        "tz_m":1.4355289402
    },
    {
        "sensor_name":"stereo_front_left",
        "qw":0.5004214217,
        "qx":-0.4999344433,
        "qy":0.5012413132,
        "qz":-0.4983985343,
        "tx_m":1.6250854022,
        "ty_m":0.2481481274,
        "tz_m":1.2228306596
    },
    {
        "sensor_name":"stereo_front_right",
        "qw":0.5008850255,
        "qx":-0.503583595,
        "qy":0.4987926571,
        "qz":-0.4967128338,
        "tx_m":1.6330763453,
        "ty_m":-0.2508716805,
        "tz_m":1.2221725565
    },
    {
        "sensor_name":"up_lidar",
        "qw":0.999995944,
        "qx":0.0,
        "qy":0.0,
        "qz":-0.0028481401,
        "tx_m":1.35018,
        "ty_m":0.0,
        "tz_m":1.64042
    },
    {
        "sensor_name":"down_lidar",
        "qw":-0.0000886987,
        "qx":-0.9944967724,
        "qy":0.104766898,
        "qz":0.0002427991,
        "tx_m":1.3551619069,
        "ty_m":0.0001326351,
        "tz_m":1.5652520451
    }
]