[
    {
        "sensor_name":"ring_front_center",
        "fx_px":1773.5042717925,
        "fy_px":1773.5042717925,
        "cx_px":775.8266926606,
        "cy_px":1021.6145129835,
        "k1":-0.2405930469,
        "k2":-0.2121665501,
        "k3":0.3286939716,
        "height_px":2048,
        "width_px":1550
    },
    {
        "sensor_name":"ring_front_left",
        "fx_px":1682.0107131579,
        "fy_px":1682.0107131579,
        "cx_px":1025.0682541196,
        "cy_px":773.1894944412,
        "k1":-0.2534609099,
        "k2":-0.1369837277,
        "k3":0.2093303387,
        "height_px":1550,
        "width_px":2048
    },
    {
        "sensor_name":"ring_front_right",
        "fx_px":1684.8344788722,
        "fy_px":1684.8344788722,
        "cx_px":1024.3734551948,
        "cy_px":772.5351686466,
        "k1":-0.2567491213,
        "k2":-0.1333412415,
        "k3":0.2087088608,
        "height_px":1550,
        "width_px":2048
    },
    {
        "sensor_name":"ring_rear_left",
        "fx_px":1686.4945579996,
        "fy_px":1686.4945579996,
        "cx_px":1025.6559045362,
        "cy_px":772.4758477898,
        "k1":-0.2559099496,
        "k2":-0.1297606028,
        "k3":0.202325902,
        "height_px":1550,
        "width_px":2048
    },
    {
        "sensor_name":"ring_rear_right",
        "fx_px":1683.3751197804,
        "fy_px":1683.3751197804,
        "cx_px":1024.3811241027,
        "cy_px":775.074881715,
        "k1":-0.2557120101,
        "k2":-0.129330634,
        "k3":0.2015985855,
        "height_px":1550,
        "width_px":2048
    },
    {
        "sensor_name":"ring_side_left",
        "fx_px":1684.902402666,
        "fy_px":1684.902402666,
        "cx_px":1027.8222637071,
        "cy_px":772.6729426435,
        "k1":-0.2572469936,
        "k2":-0.1245614623,
        "k3":0.1965191795,
        "height_px":1550,
        "width_px":2048
    },
    {
        "sensor_name":"ring_side_right",
        "fx_px":1682.9365587329,
        "fy_px":1682.9365587329,
        "cx_px":1024.9489757213,
        "cy_px":774.8549035981,
        "k1":-0.2607980377,
        "k2":-0.1095151454,
        "k3":0.179382632,
        "height_px":1550,
        "width_px":2048
    },
    {
        "sensor_name":"stereo_front_left",
        "fx_px":1685.8258848387,
        "fy_px":1685.8258848387,
        "cx_px":1025.83033538,
        "cy_px":772.8060149256,
        "k1":-0.2595034619,
        "k2":-0.1130646786,
        "k3":0.182440564,
        "height_px":1550,
        "width_px":2048
    },
    {
        "sensor_name":"stereo_front_right",
        "fx_px":1683.137590684,
        "fy_px":1683.137590684,
        "cx_px":1024.6120744751,
        "cy_px":776.0441999169,
        "k1":-0.2559879473,
        "k2":-0.127301437,
        "k3":0.1985383531,
        "height_px":1550,
        "width_px":2048
    }
]