[
    {
        "token": "89c5a78de5df41c39884249c93c7f58d",
        "sensor_token": "3107159fb9e2485a997208d6d22d8714",
        "translation": [
            1.6233045788,
            0.0037999517,
            1.4004309418
        ],
        "rotation": [
            -0.5000567352,
            0.49662559,
            -0.5001031188,
            0.5031929606
        ],
        "camera_intrinsic": [
            [
                1777.1007963218,
                0,
                778.3567038248
            ],
            [
                0,
                1777.1007963218,
                1021.8795050162
            ],
            [
                0,
                0,
                1
            ]
        ],
        "distortion": [
            -0.2450899636,
            -0.1909047889,
            0.2962302623
        ],
        "resolution": [
            1550,
            2048
        ]
    },
    {
        "token": "20ac2d1dba5d4282a78d81c8a38d5393",
        "sensor_token": "872404f5dd77495e99f9fe2a5e230bb1",
        "translation": [
            1.5407969424,
            0.2023442876,
            1.3997617888
        ],
        "rotation": [
            -0.6716448661,
            0.2749041534,
            -0.2610259754,
            0.6365424734
        ],
        "camera_intrinsic": [
            [
                1685.5917503995,
                0,
                1026.3790478434
            ],
            [
                0,
                1685.5917503995,
                771.9590902184
            ],
            [
                0,
                0,
                1
            ]
        ],
        "distortion": [
            -0.2732818633,
            -0.0592026403,
            0.1229125405
        ],
        "resolution": [
            2048,
            1550
        ]
    },
    {
        "token": "3d1be4fd98e64f0887f4b3302ec50b34",
        "sensor_token": "4373b1c8a73c46e7b4143bd3a5456236",
        "translation": [
            1.5498191457,
            -0.1915647071,
            1.3992732942
        ],
        "rotation": [
            -0.2778284975,
            0.6688332818,
            -0.6355975024,
            0.2673746098
        ],
        "camera_intrinsic": [
            [
                1685.2810875569,
                0,
                1025.571603325
            ],
            [
                0,
                1685.2810875569,
                775.0471776501
            ],
            [
                0,
                0,
                1
            ]
        ],
        "distortion": [
            -0.2718022607,
            -0.0648626434,
            0.1280417055
        ],
        "resolution": [
            2048,
            1550
        ]
    },
    {
        "token": "ff34b883382d402c88ced6b694a247d1",
        "sensor_token": "78754745bda04343b41b531c94706fde",
        "translation": [
            1.0979429912,
            0.1184831606,
            1.4119444294
        ],
        "rotation": [
            -0.6032465397,
            -0.3721271264,
            0.3713587521,
            0.59975636
        ],
        "camera_intrinsic": [
            [
                1685.7639188473,
                0,
                1026.0300124168
            ],
            [
                0,
                1685.7639188473,
                773.4263035852
            ],
            [
                0,
                0,
                1
            ]
        ],
        "distortion": [
            -0.2705121777,
            -0.0731562709,
            0.1375465928
        ],
        "resolution": [
            2048,
            1550
        ]
    },
    {
        "token": "454eb9c90e2741d7922420a12b2c7cda",
        "sensor_token": "ac82a3eb828143b68b429d0b87f6bcf2",
        "translation": [
            1.1046263835,
            -0.1273910672,
            1.4096581636
        ],
        "rotation": [
            0.3727903443,
            0.605284887,
            -0.6003764548,
            -0.3663409304
        ],
        "camera_intrinsic": [
            [
                1686.8588100633,
                0,
                1024.8124722604
            ],
            [
                0,
                1686.8588100633,
                774.9845800721
            ],
            [
                0,
                0,
                1
            ]
        ],
        "distortion": [
            -0.2735673446,
            -0.0617675952,
            0.1267992018
        ],
        "resolution": [
            2048,
            1550
        ]
    },
    {
        "token": "149c3dabc0814752968dc1a0d1606ec4",
        "sensor_token": "afc0674599474b46aac95f9fafb9a313",
        "translation": [
            1.3013666099,
            0.2679936046,
            1.4026266541
        ],
        "rotation": [
            -0.7253757264,
            -0.0611277942,
            0.0559559437,
            0.6833464573
        ],
        "camera_intrinsic": [
            [
                1686.622412859,
                0,
                1023.8434065783
            ],
            [
                0,
                1686.622412859,
                773.3929876079
            ],
            [
                0,
                0,
                1
            ]
        ],
        "distortion": [
            -0.2809458397,
            -0.033322616,
            0.0979699334
        ],
        "resolution": [
            2048,
            1550
        ]
    },
    {
        "token": "3075b58736ff402d865255af78b3b9f7",
        "sensor_token": "b8e8c3c56d944597b56e14de9f4f9134",
        "translation": [
            1.3113823313,
            -0.2722815497,
            1.3979494003
        ],
        "rotation": [
            0.0565798364,
            0.7246065477,
            -0.6850168405,
            -0.0499599987
        ],
        "camera_intrinsic": [
            [
                1685.4635876338,
                0,
                1024.0732685482
            ],
            [
                0,
                1685.4635876338,
                772.7527848139
            ],
            [
                0,
                0,
                1
            ]
        ],
        "distortion": [
            -0.2765970486,
            -0.048788132,
            0.1124186266
        ],
        "resolution": [
            2048,
            1550
        ]
    },
    {
        "token": "474a0917a7494371ac75267bc1384a90",
        "sensor_token": "68667ddae0764e06b187e77760e22b1f",
        "translation": [
            1.6201199761,
            0.2546985202,
            1.1907737766
        ],
        "rotation": [
            -0.500282401,
            0.4981119451,
            -0.4992659321,
            0.502330109
        ],
        "camera_intrinsic": [
            [
                1688.1291898885,
                0,
                1023.7142158359
            ],
            [
                0,
                1688.1291898885,
                771.2583114583
            ],
            [
                0,
                0,
                1
            ]
        ],
        "distortion": [
            -0.2748722639,
            -0.0557150752,
            0.1195406852
        ],
        "resolution": [
            2048,
            1550
        ]
    },
    {
        "token": "ffd75f29e4144b128ff342534b01bc1e",
        "sensor_token": "4b3d6d978f5646ea8f21b3cf8a044e29",
        "translation": [
            1.6294733838,
            -0.2447091487,
            1.1912569198
        ],
        "rotation": [
            -0.5032472835,
            0.4967021885,
            -0.4968488173,
            0.5031603723
        ],
        "camera_intrinsic": [
            [
                1685.1675647039,
                0,
                1025.3523426137
            ],
            [
                0,
                1685.1675647039,
                771.8662431457
            ],
            [
                0,
                0,
                1
            ]
        ],
        "distortion": [
            -0.277959812,
            -0.0408684217,
            0.1042225023
        ],
        "resolution": [
            2048,
            1550
        ]
    },
    {
        "token": "74dd5889d5c0476383a5e0577b5e7e99",
        "sensor_token": "33a9db982df24198a48a8edacaf759f1",
        "translation": [
            1.35018,
            0.0,
            1.64042
        ],
        "rotation": [
            0.0,
            0.0,
            -0.0061118978,
            0.9999813222
        ],
        "camera_intrinsic": [],
        "distortion": [],
        "resolution": []
    },
    {
        "token": "7b89b80b609a4b0288c12eb38cd972c1",
        "sensor_token": "e9716d7c288a42268ee1b21ba842ea35",
        "translation": [
            1.3478028585,
            0.0022382144,
            1.5263358335
        ],
        "rotation": [
            -0.9952018329,
            0.0978430149,
            9.15413e-05,
            -0.0002185705
        ],
        "camera_intrinsic": [],
        "distortion": [],
        "resolution": []
    }
]