[
    {
        "token": "8114c52a98a34cfe8794f5e038a25da9",
        "name": "vehicle.car",
        "description": "Regular vehicle (car)"
    },
    {
        "token": "cc1e1dd674a244a7900fc01b4811d264",
        "name": "human.pedestrian",
        "description": "Pedestrian"
    },
    {
        "token": "e784c027cf4041b6adc79467c9ed1fc5",
        "name": "vehicle.motorcycle",
        "description": "Motorcycle"
    },
    {
        "token": "3ac674bfc4294362bb3d6f2fc33a623c",
        "name": "static_object.bollard",
        "description": "Bollard"
    },
    {
        "token": "d2ebea04082345d6a3d8ac66b2f4e31e",
        "name": "vehicle.bus",
        "description": "Bus"
    },
    {
        "token": "26956bbf67924312818ebc0a57c42d76",
        "name": "static_object.construction_cone",
        "description": "Construction cone"
    },
    {
        "token": "ac66b8a184ec4ee8a605053ada479bb6",
        "name": "vehicle.large_vehicle",
        "description": "Large vehicle"
    },
    {
        "token": "3f15027843a8457ab7dbed5619209329",
        "name": "static_object.sign",
        "description": "Sign"
    },
    {
        "token": "c29a946a63534f2c8f8b7dfc4d34c97d",
        "name": "vehicle.truck",
        "description": "Truck cab"
    },
    {
        "token": "0a56556abd9c48a2af1e689e03a8483f",
        "name": "vehicle.bicycle",
        "description": "Bicycle"
    },
    {
        "token": "80ad0d08e1be4c5391798b457c89a456",
        "name": "human.bicyclist",
        "description": "Bicyclist"
    }
]