[
    {
        "token": "028b397981664108b6ef21ce81d104ac",
        "category_token": "cc1e1dd674a244a7900fc01b4811d264",
        "nbr_annotations": 1,
        "first_annotation_token": "a5d4ce2b2e80432a9413a36c15245aa8",
        "last_annotation_token": "a5d4ce2b2e80432a9413a36c15245aa8"
    },
    {
        "token": "03ba9ebff671400bba8627072075211d",
        "category_token": "3f15027843a8457ab7dbed5619209329",
        "nbr_annotations": 1,
        "first_annotation_token": "753a3ee826af4c0a92cfc3d67c736bb2",
        "last_annotation_token": "753a3ee826af4c0a92cfc3d67c736bb2"
    },
    {
        "token": "0a1aa6f332b447d2b9a9d0b6796dbd94",
        "category_token": "d2ebea04082345d6a3d8ac66b2f4e31e",
        "nbr_annotations": 1,
        "first_annotation_token": "173e91ae56e64cd89e8e89289fea2290",
        "last_annotation_token": "173e91ae56e64cd89e8e89289fea2290"
    },
    {
        "token": "0e643be4de9d4f0390df3117e501a962",
        "category_token": "8114c52a98a34cfe8794f5e038a25da9",
        "nbr_annotations": 1,
        "first_annotation_token": "caf6c684963a44f49632e6f1123ea7c8",
        "last_annotation_token": "caf6c684963a44f49632e6f1123ea7c8"
    },
    {
        "token": "0f5b3e1e690e4bfeb61438fc495933d8",
        "category_token": "3ac674bfc4294362bb3d6f2fc33a623c",
        "nbr_annotations": 1,
        "first_annotation_token": "776e7b21820c492188d976dbf3ab56fb",
        "last_annotation_token": "776e7b21820c492188d976dbf3ab56fb"
    },
    {
        "token": "107f649cd9db41848cc416f577443903",
        "category_token": "cc1e1dd674a244a7900fc01b4811d264",
        "nbr_annotations": 1,
        "first_annotation_token": "f62f212bec3447b69a0cab52003c80de",
        "last_annotation_token": "f62f212bec3447b69a0cab52003c80de"
    },
    {
        "token": "11c081267a6e424ebf64b1bb3c986bed",
        "category_token": "8114c52a98a34cfe8794f5e038a25da9",
        "nbr_annotations": 1,
        "first_annotation_token": "6e89efba79f84a26a3245fa4334b9fdd",
        "last_annotation_token": "6e89efba79f84a26a3245fa4334b9fdd"
    },
    {
        "token": "125590eb6ff04da48976936a4ee97a9c",
        "category_token": "8114c52a98a34cfe8794f5e038a25da9",
        "nbr_annotations": 1,
        "first_annotation_token": "0d0830734a93461bbf5ce9c547e04ecc",
        "last_annotation_token": "0d0830734a93461bbf5ce9c547e04ecc"
    },
    {
        "token": "142652b97dda40f0915a35feb7775b63",
        "category_token": "3ac674bfc4294362bb3d6f2fc33a623c",
        "nbr_annotations": 2,
        "first_annotation_token": "2313dbdfa5d245d68d10010b967a970f",
        "last_annotation_token": "850f97fae5684914b9a228bcd89a767c"
    },
    {
        "token": "14d71792f51542c5be64778e2e0cf54d",
        "category_token": "3ac674bfc4294362bb3d6f2fc33a623c",
        "nbr_annotations": 2,
        "first_annotation_token": "f911fa0100594fdfa32314bb0f1b3db3",
        "last_annotation_token": "513f810793b74da39ada4be26f962c43"
    },
    {
        "token": "15e86a7f3b1344eb8af3f5f39d83c1fe",
        "category_token": "8114c52a98a34cfe8794f5e038a25da9",
        "nbr_annotations": 1,
        "first_annotation_token": "b70e592f872c40ea9d7f0dd8ee2e736e",
        "last_annotation_token": "b70e592f872c40ea9d7f0dd8ee2e736e"
    },
    {
        "token": "20d3859481344d14b34b60b0a2fe5455",
        "category_token": "80ad0d08e1be4c5391798b457c89a456",
        "nbr_annotations": 1,
        "first_annotation_token": "70d0d406266c460d81c7cee3b00c3bdc",
        "last_annotation_token": "70d0d406266c460d81c7cee3b00c3bdc"
    },
    {
        "token": "2518cbd8265b49ce8cdf2ffdcfbb5e17",
        "category_token": "8114c52a98a34cfe8794f5e038a25da9",
        "nbr_annotations": 2,
        "first_annotation_token": "a5323173e6844547a3c615ec33f998b8",
        "last_annotation_token": "84f5501586ab47a9a60c7b5ea3969b48"
    },
    {
        "token": "25628ad52798434087b11f601021f652",
        "category_token": "8114c52a98a34cfe8794f5e038a25da9",
        "nbr_annotations": 1,
        "first_annotation_token": "e342082ee75d4e4589381aa3645a8b5e",
        "last_annotation_token": "e342082ee75d4e4589381aa3645a8b5e"
    },
    {
        "token": "25d49f52589c4712b7de742d7b6146dc",
        "category_token": "3ac674bfc4294362bb3d6f2fc33a623c",
        "nbr_annotations": 2,
        "first_annotation_token": "b05613afbc884d7bbacd3818a50e2e4c",
        "last_annotation_token": "56a8763e848c4e2c8b08444572bfa19b"
    },
    {
        "token": "268e7d1147c44a2290fccc84583d6ff3",
        "category_token": "8114c52a98a34cfe8794f5e038a25da9",
        "nbr_annotations": 1,
        "first_annotation_token": "43370dc73d7f4a3ca6b2230e3321ccda",
        "last_annotation_token": "43370dc73d7f4a3ca6b2230e3321ccda"
    },
    {
        "token": "298d832843244ea2be3b0985534ee0ba",
        "category_token": "cc1e1dd674a244a7900fc01b4811d264",
        "nbr_annotations": 1,
        "first_annotation_token": "9283243e831a4e34b466674fa0783063",
        "last_annotation_token": "9283243e831a4e34b466674fa0783063"
    },
    {
        "token": "2d6cf173a65f44c997452be63ae919ef",
        "category_token": "3ac674bfc4294362bb3d6f2fc33a623c",
        "nbr_annotations": 1,
        "first_annotation_token": "99f37c49239f407eae47cd5537c7b30f",
        "last_annotation_token": "99f37c49239f407eae47cd5537c7b30f"
    },
    {
        "token": "2e0d869a9da044d4b0bc6f3441aee029",
        "category_token": "8114c52a98a34cfe8794f5e038a25da9",
        "nbr_annotations": 1,
        "first_annotation_token": "7398158bab084aada08558b6cd020b7d",
        "last_annotation_token": "7398158bab084aada08558b6cd020b7d"
    },
    {
        "token": "2fd5aadde1724267918b1034ffde0841",
        "category_token": "cc1e1dd674a244a7900fc01b4811d264",
        "nbr_annotations": 2,
        "first_annotation_token": "e128e68fabf44019aeafe1c0d166167b",
        "last_annotation_token": "203f314800224261a7a2613110ba1281"
    },
    {
        "token": "32bf43bab30f4a2d9bf4b47364a68e93",
        "category_token": "8114c52a98a34cfe8794f5e038a25da9",
        "nbr_annotations": 1,
        "first_annotation_token": "c50ad26fe80d4d0aaa9d1abf320394f9",
        "last_annotation_token": "c50ad26fe80d4d0aaa9d1abf320394f9"
    },
    {
        "token": "32cda4ac4d684c128d2b301dc18e850d",
        "category_token": "cc1e1dd674a244a7900fc01b4811d264",
        "nbr_annotations": 3,
        "first_annotation_token": "0880acb6f0594978875b6565224520ac",
        "last_annotation_token": "895c8de1b70b48f88cb9a3297f252a07"
    },
    {
        "token": "35a8c19b9d0548079766f71544dd1801",
        "category_token": "3ac674bfc4294362bb3d6f2fc33a623c",
        "nbr_annotations": 1,
        "first_annotation_token": "32828e38f7744b529d2b9cfa10c68f06",
        "last_annotation_token": "32828e38f7744b529d2b9cfa10c68f06"
    },
    {
        "token": "3d2054dc8286455a98bc342126e56e08",
        "category_token": "3ac674bfc4294362bb3d6f2fc33a623c",
        "nbr_annotations": 3,
        "first_annotation_token": "f0906a17998f458ab01400f3cd7aad49",
        "last_annotation_token": "a2cc0541a2d1481a9563be42a26a8079"
    },
    {
        "token": "409e9c0288a0426cb00f8bfa37dc7005",
        "category_token": "cc1e1dd674a244a7900fc01b4811d264",
        "nbr_annotations": 2,
        "first_annotation_token": "0165819a63f24e95b89800a33e2c235b",
        "last_annotation_token": "eaf8f3a949654a54b0ae08e4ad3848ab"
    },
    {
        "token": "42cb64ceb24340709cb71f7e5825620f",
        "category_token": "26956bbf67924312818ebc0a57c42d76",
        "nbr_annotations": 2,
        "first_annotation_token": "a3c115e0967b491aac7bdfaff61544bb",
        "last_annotation_token": "20223762b8d746ffa67173eb64b43cac"
    },
    {
        "token": "492884e81b9e49fb96b626f56da83e0f",
        "category_token": "3ac674bfc4294362bb3d6f2fc33a623c",
        "nbr_annotations": 1,
        "first_annotation_token": "566975c9c02a4f4eaf1f565be010574d",
        "last_annotation_token": "566975c9c02a4f4eaf1f565be010574d"
    },
    {
        "token": "4a892489cce643949cd81b0cad6d46ce",
        "category_token": "cc1e1dd674a244a7900fc01b4811d264",
        "nbr_annotations": 1,
        "first_annotation_token": "28db175e902a4b629cd7788d1df55006",
        "last_annotation_token": "28db175e902a4b629cd7788d1df55006"
    },
    {
        "token": "4bf7f1b152eb427e80d377338159ceee",
        "category_token": "8114c52a98a34cfe8794f5e038a25da9",
        "nbr_annotations": 1,
        "first_annotation_token": "fa2a0b1446ec449286d18ebe2aeaca49",
        "last_annotation_token": "fa2a0b1446ec449286d18ebe2aeaca49"
    },
    {
        "token": "4e824d984ac240129a84eb03e5f01170",
        "category_token": "8114c52a98a34cfe8794f5e038a25da9",
        "nbr_annotations": 1,
        "first_annotation_token": "1e89145e89884c59a8ca9b8f7471fc7e",
        "last_annotation_token": "1e89145e89884c59a8ca9b8f7471fc7e"
    },
    {
        "token": "5446c840d2ab42ef910d62a6c9a6bdce",
        "category_token": "8114c52a98a34cfe8794f5e038a25da9",
        "nbr_annotations": 1,
        "first_annotation_token": "d470eb73186443d7b3be1fa85a3dff10",
        "last_annotation_token": "d470eb73186443d7b3be1fa85a3dff10"
    },
    {
        "token": "54a2ebf00d0446d18895be683c05ca96",
        "category_token": "d2ebea04082345d6a3d8ac66b2f4e31e",
        "nbr_annotations": 3,
        "first_annotation_token": "ddd33afb638b4a52825263a8457cf334",
        "last_annotation_token": "a3816d673ab9419883514457a1c8d8ef"
    },
    {
        "token": "56d408da7d3c49bcaf72311639f9160b",
        "category_token": "cc1e1dd674a244a7900fc01b4811d264",
        "nbr_annotations": 1,
        "first_annotation_token": "fb99ef2800d94ac688378ea643cfced1",
        "last_annotation_token": "fb99ef2800d94ac688378ea643cfced1"
    },
    {
        "token": "5cdd09d4a233478c8b0ec6e41d70ee7c",
        "category_token": "26956bbf67924312818ebc0a57c42d76",
        "nbr_annotations": 1,
        "first_annotation_token": "60dcabab13a2451284cc53746357b13a",
        "last_annotation_token": "60dcabab13a2451284cc53746357b13a"
    },
    {
        "token": "5d4ab9dfbab14c52b84c365a00d121e6",
        "category_token": "3ac674bfc4294362bb3d6f2fc33a623c",
        "nbr_annotations": 1,
        "first_annotation_token": "ebe00ec1493642238642fe310f91f440",
        "last_annotation_token": "ebe00ec1493642238642fe310f91f440"
    },
    {
        "token": "605842dce5ad4d0c8280535ae74a34e9",
        "category_token": "3ac674bfc4294362bb3d6f2fc33a623c",
        "nbr_annotations": 1,
        "first_annotation_token": "21e3f5f0c0ad423bb26792faf19a7a1b",
        "last_annotation_token": "21e3f5f0c0ad423bb26792faf19a7a1b"
    },
    {
        "token": "60b51a6838be4f928763620b54fec86e",
        "category_token": "8114c52a98a34cfe8794f5e038a25da9",
        "nbr_annotations": 1,
        "first_annotation_token": "cc7f0a56df1045c1b862b13d49c2fcd2",
        "last_annotation_token": "cc7f0a56df1045c1b862b13d49c2fcd2"
    },
    {
        "token": "616fffba1a574dfda3799ad7cc217f97",
        "category_token": "3ac674bfc4294362bb3d6f2fc33a623c",
        "nbr_annotations": 1,
        "first_annotation_token": "8db52896af364c7cafc4158b4a29c3ec",
        "last_annotation_token": "8db52896af364c7cafc4158b4a29c3ec"
    },
    {
        "token": "636ecf8759d146e8b6160550812827fe",
        "category_token": "d2ebea04082345d6a3d8ac66b2f4e31e",
        "nbr_annotations": 2,
        "first_annotation_token": "46418bb463df4dfa8c9000fe86670be0",
        "last_annotation_token": "981ff5c89dd949fca45b2f56ff57a2a0"
    },
    {
        "token": "64ec70217413492290594befbdad07f6",
        "category_token": "cc1e1dd674a244a7900fc01b4811d264",
        "nbr_annotations": 1,
        "first_annotation_token": "81386658377c4cdcbd6d7e423607b7c3",
        "last_annotation_token": "81386658377c4cdcbd6d7e423607b7c3"
    },
    {
        "token": "65fe9356ec784054978c3a4d25013c2d",
        "category_token": "cc1e1dd674a244a7900fc01b4811d264",
        "nbr_annotations": 1,
        "first_annotation_token": "eda16e8e24974e9780b5d9f5fc24e3b5",
        "last_annotation_token": "eda16e8e24974e9780b5d9f5fc24e3b5"
    },
    {
        "token": "6a008adfa38742a187ca5ccf3cca8876",
        "category_token": "3ac674bfc4294362bb3d6f2fc33a623c",
        "nbr_annotations": 5,
        "first_annotation_token": "f5a53d1e6d00450397cb88bbc3edff41",
        "last_annotation_token": "e5710a003a114023a083b074c5f568e6"
    },
    {
        "token": "6e97eaf5a93b4234bd6b3fb16c7022c3",
        "category_token": "8114c52a98a34cfe8794f5e038a25da9",
        "nbr_annotations": 1,
        "first_annotation_token": "2ff921070cdc447eb54b5e816f5ad95d",
        "last_annotation_token": "2ff921070cdc447eb54b5e816f5ad95d"
    },
    {
        "token": "774222bac20441629f12ad0645aa5f0d",
        "category_token": "26956bbf67924312818ebc0a57c42d76",
        "nbr_annotations": 1,
        "first_annotation_token": "62665f9d694345349b2dd275d4bb0f5d",
        "last_annotation_token": "62665f9d694345349b2dd275d4bb0f5d"
    },
    {
        "token": "77e098d3250b48f4ab4a33c478583d6b",
        "category_token": "3ac674bfc4294362bb3d6f2fc33a623c",
        "nbr_annotations": 1,
        "first_annotation_token": "84b6b780bcb94332b203d580721a3d07",
        "last_annotation_token": "84b6b780bcb94332b203d580721a3d07"
    },
    {
        "token": "78001f7ef58c47f3aa1d4628e007fc90",
        "category_token": "3ac674bfc4294362bb3d6f2fc33a623c",
        "nbr_annotations": 3,
        "first_annotation_token": "2ade3ba76ec64506b3a0b4c5898213d4",
        "last_annotation_token": "5e6c018c0cf24aad8577f673b5318b53"
    },
    {
        "token": "799a2e3c7fd749228ba1d7612163cf33",
        "category_token": "3ac674bfc4294362bb3d6f2fc33a623c",
        "nbr_annotations": 2,
        "first_annotation_token": "77c753c27e8d47dfa6abc28907c16c9a",
        "last_annotation_token": "ba100d3950144349852d18dacff9260e"
    },
    {
        "token": "7d9521cb27d048548f2932906c6326c7",
        "category_token": "8114c52a98a34cfe8794f5e038a25da9",
        "nbr_annotations": 1,
        "first_annotation_token": "02dd9dc98b054befb11db64efa786c79",
        "last_annotation_token": "02dd9dc98b054befb11db64efa786c79"
    },
    {
        "token": "7f2cd714b6464e1595e51740b30ab0ee",
        "category_token": "8114c52a98a34cfe8794f5e038a25da9",
        "nbr_annotations": 1,
        "first_annotation_token": "100d2ac8d84e421c9419a7bc413e19a6",
        "last_annotation_token": "100d2ac8d84e421c9419a7bc413e19a6"
    },
    {
        "token": "8024fdf7762949638ef9dd56b23e9a01",
        "category_token": "3ac674bfc4294362bb3d6f2fc33a623c",
        "nbr_annotations": 2,
        "first_annotation_token": "2a40ecb9bf1c4747b67253105861e9fa",
        "last_annotation_token": "077d9a53217b44b0be437370d563eb3d"
    },
    {
        "token": "824b6c7f8dd249fab7296e727b585600",
        "category_token": "cc1e1dd674a244a7900fc01b4811d264",
        "nbr_annotations": 1,
        "first_annotation_token": "eeab165659514f7f8d8a6f71ccf73996",
        "last_annotation_token": "eeab165659514f7f8d8a6f71ccf73996"
    },
    {
        "token": "82832cedf6eb49979b90b864edad39c9",
        "category_token": "cc1e1dd674a244a7900fc01b4811d264",
        "nbr_annotations": 2,
        "first_annotation_token": "17fb639f75d54df983aea16d7014a70a",
        "last_annotation_token": "5b129b6f7e2448f99f42a86f1a2d7bc8"
    },
    {
        "token": "8c2b1a386dd44171a2c33b65bb09b215",
        "category_token": "3ac674bfc4294362bb3d6f2fc33a623c",
        "nbr_annotations": 1,
        "first_annotation_token": "9a4d5d7470674f0695fd612aa0698571",
        "last_annotation_token": "9a4d5d7470674f0695fd612aa0698571"
    },
    {
        "token": "8cb75028ec14467e93095313fef1a2b3",
        "category_token": "cc1e1dd674a244a7900fc01b4811d264",
        "nbr_annotations": 1,
        "first_annotation_token": "da6f9514ec5b4cc9bb270d96dcf77f1c",
        "last_annotation_token": "da6f9514ec5b4cc9bb270d96dcf77f1c"
    },
    {
        "token": "8dee8fd7eb0a4fcb9c6cac7e611a3f83",
        "category_token": "8114c52a98a34cfe8794f5e038a25da9",
        "nbr_annotations": 2,
        "first_annotation_token": "f59fa433e324488bb614234cf09459db",
        "last_annotation_token": "7b8b247c037e4bee90a135854418263f"
    },
    {
        "token": "902e07bece0f46bdb3d03237dd4a6053",
        "category_token": "3ac674bfc4294362bb3d6f2fc33a623c",
        "nbr_annotations": 2,
        "first_annotation_token": "2450e0aeda7345349fb4e83255f1856d",
        "last_annotation_token": "18394c206f4d407b808b6f64d8909327"
    },
    {
        "token": "974a36fed98d4d3caf40ac443281a8d8",
        "category_token": "8114c52a98a34cfe8794f5e038a25da9",
        "nbr_annotations": 1,
        "first_annotation_token": "9f1571e9070d4b2f9bc5a009b6ee30d3",
        "last_annotation_token": "9f1571e9070d4b2f9bc5a009b6ee30d3"
    },
    {
        "token": "99764549298c42aab9bff286b0f8a6af",
        "category_token": "8114c52a98a34cfe8794f5e038a25da9",
        "nbr_annotations": 1,
        "first_annotation_token": "5069785da922442bb0d1a394c313b466",
        "last_annotation_token": "5069785da922442bb0d1a394c313b466"
    },
    {
        "token": "a0de2730ed4548948940f2f8b4a0ba70",
        "category_token": "8114c52a98a34cfe8794f5e038a25da9",
        "nbr_annotations": 1,
        "first_annotation_token": "29c3e55851b648e3a28006e1b91dd7f6",
        "last_annotation_token": "29c3e55851b648e3a28006e1b91dd7f6"
    },
    {
        "token": "a22015a9cd2d4c92a42be5e3d1905282",
        "category_token": "ac66b8a184ec4ee8a605053ada479bb6",
        "nbr_annotations": 1,
        "first_annotation_token": "0a8c0ae070c74967b2e516b01fa8d40f",
        "last_annotation_token": "0a8c0ae070c74967b2e516b01fa8d40f"
    },
    {
        "token": "a3e927615c8549758be709ecc2d59436",
        "category_token": "cc1e1dd674a244a7900fc01b4811d264",
        "nbr_annotations": 1,
        "first_annotation_token": "f3020b3b3db843f69ad385775b20e187",
        "last_annotation_token": "f3020b3b3db843f69ad385775b20e187"
    },
    {
        "token": "a4b2ab133466477daaedf9f9f11ae3d2",
        "category_token": "cc1e1dd674a244a7900fc01b4811d264",
        "nbr_annotations": 1,
        "first_annotation_token": "069f4ccdf6754620b92deca4c5be77fb",
        "last_annotation_token": "069f4ccdf6754620b92deca4c5be77fb"
    },
    {
        "token": "a509920949174974974cdf8e41eb8ddd",
        "category_token": "3ac674bfc4294362bb3d6f2fc33a623c",
        "nbr_annotations": 6,
        "first_annotation_token": "0d44369d725543198239d34c206eeac9",
        "last_annotation_token": "971d445bc51b4a208fde096901d685e8"
    },
    {
        "token": "a98a73e85a76413fa24c4926dbb3db6b",
        "category_token": "cc1e1dd674a244a7900fc01b4811d264",
        "nbr_annotations": 5,
        "first_annotation_token": "b26d786ca4b1465f8cd3716c5bcb1730",
        "last_annotation_token": "54db8ac14a7b47ebb662cbf19583a628"
    },
    {
        "token": "a9f94d0bea6a4b2f89a64a883d7b1095",
        "category_token": "cc1e1dd674a244a7900fc01b4811d264",
        "nbr_annotations": 1,
        "first_annotation_token": "6f21d4fe17974d02a0a44aceb61cf943",
        "last_annotation_token": "6f21d4fe17974d02a0a44aceb61cf943"
    },
    {
        "token": "af3afe8ced2f43f69100cb33dc316e52",
        "category_token": "3ac674bfc4294362bb3d6f2fc33a623c",
        "nbr_annotations": 2,
        "first_annotation_token": "dd8ca50d22ed44b9975fd147ee4b2845",
        "last_annotation_token": "32602ef642c04dae98998eb47939d3e9"
    },
    {
        "token": "b0f33fc33cdf49b8a43fec1be96da03e",
        "category_token": "d2ebea04082345d6a3d8ac66b2f4e31e",
        "nbr_annotations": 3,
        "first_annotation_token": "af893eba2dcf4c74ab43419c50f3a19a",
        "last_annotation_token": "889c7a70aadf4222aacf562585f78b17"
    },
    {
        "token": "b139a7383d9249908b26c9d526129ff8",
        "category_token": "c29a946a63534f2c8f8b7dfc4d34c97d",
        "nbr_annotations": 2,
        "first_annotation_token": "112869826cc94bf7a9a2beea769fb4ed",
        "last_annotation_token": "15375ad36b904c349d2246780361409c"
    },
    {
        "token": "b5e9544d3b674dd3a2b1d6c3c306f130",
        "category_token": "cc1e1dd674a244a7900fc01b4811d264",
        "nbr_annotations": 1,
        "first_annotation_token": "29d60ba9694c4f81b3dede600dd01f44",
        "last_annotation_token": "29d60ba9694c4f81b3dede600dd01f44"
    },
    {
        "token": "b9e3d6c65bee4da588c54746f47c260d",
        "category_token": "8114c52a98a34cfe8794f5e038a25da9",
        "nbr_annotations": 2,
        "first_annotation_token": "d40a4023810a47c9a6aced91ed51bffe",
        "last_annotation_token": "7a8db6a1730b44c8be0f732a8b28b8a7"
    },
    {
        "token": "bcca9e09634346baa7d9bfd87c6ea8c2",
        "category_token": "d2ebea04082345d6a3d8ac66b2f4e31e",
        "nbr_annotations": 1,
        "first_annotation_token": "3f8d3a7f433449db9472dcde2c0e349d",
        "last_annotation_token": "3f8d3a7f433449db9472dcde2c0e349d"
    },
    {
        "token": "c078217b8d1649089fb68aa63a680285",
        "category_token": "cc1e1dd674a244a7900fc01b4811d264",
        "nbr_annotations": 1,
        "first_annotation_token": "8775b0da9bc1491cb75605d9d0cb4b1a",
        "last_annotation_token": "8775b0da9bc1491cb75605d9d0cb4b1a"
    },
    {
        "token": "c1ba180ddd77493bad37f5b9b7e78ecf",
        "category_token": "8114c52a98a34cfe8794f5e038a25da9",
        "nbr_annotations": 1,
        "first_annotation_token": "edf2e853d25e4078afa5e9f929b40492",
        "last_annotation_token": "edf2e853d25e4078afa5e9f929b40492"
    },
    {
        "token": "c1f1b96e61eb416486b35148372f1eac",
        "category_token": "8114c52a98a34cfe8794f5e038a25da9",
        "nbr_annotations": 1,
        "first_annotation_token": "b0305cdd4e214c29aa286c819c5e501d",
        "last_annotation_token": "b0305cdd4e214c29aa286c819c5e501d"
    },
    {
        "token": "c793194552234b698dd6d457996eb33c",
        "category_token": "3f15027843a8457ab7dbed5619209329",
        "nbr_annotations": 1,
        "first_annotation_token": "1acc9f4a15d54feebdce6f0ffc6893d6",
        "last_annotation_token": "1acc9f4a15d54feebdce6f0ffc6893d6"
    },
    {
        "token": "ca23e34b4aae437ea0d5374ad4318246",
        "category_token": "3ac674bfc4294362bb3d6f2fc33a623c",
        "nbr_annotations": 1,
        "first_annotation_token": "1484198cf0b84f92809c47521c2dbfcd",
        "last_annotation_token": "1484198cf0b84f92809c47521c2dbfcd"
    },
    {
        "token": "ca9a810f64324b278c0b807c5aac8379",
        "category_token": "8114c52a98a34cfe8794f5e038a25da9",
        "nbr_annotations": 2,
        "first_annotation_token": "824a76eac57246fa8893aae0581d6d6e",
        "last_annotation_token": "f67feef80f7a4053a84e2aaf808fbf01"
    },
    {
        "token": "cc8e6b715070454892a7aad29ae4da49",
        "category_token": "cc1e1dd674a244a7900fc01b4811d264",
        "nbr_annotations": 1,
        "first_annotation_token": "fee87347bd2943daaf450d74193d4c2f",
        "last_annotation_token": "fee87347bd2943daaf450d74193d4c2f"
    },
    {
        "token": "d03d628fe88b4ecc8da4fce5d9c141cc",
        "category_token": "3ac674bfc4294362bb3d6f2fc33a623c",
        "nbr_annotations": 2,
        "first_annotation_token": "d414af91980c4c998dfe038f2bfe2c8a",
        "last_annotation_token": "7cf0d43392c246aaa3ebb100bfba7a2c"
    },
    {
        "token": "d0dc864adb7d4caaa1cf79e94b28c736",
        "category_token": "cc1e1dd674a244a7900fc01b4811d264",
        "nbr_annotations": 2,
        "first_annotation_token": "31b5ecb8e69a450f818e12ee80553f92",
        "last_annotation_token": "5b300651b5094a8b9e5755b25e5943ae"
    },
    {
        "token": "d378c0b6619b4b9a8611d58af99246a7",
        "category_token": "3ac674bfc4294362bb3d6f2fc33a623c",
        "nbr_annotations": 2,
        "first_annotation_token": "f1a95bbbf07b47d6beb4115e815e56ef",
        "last_annotation_token": "af97d5f56d9845eba6b6bb1ad644981b"
    },
    {
        "token": "d5ef0132cf0a4fd18e2823e808ee72be",
        "category_token": "ac66b8a184ec4ee8a605053ada479bb6",
        "nbr_annotations": 1,
        "first_annotation_token": "d1c0516f875c41c2a2373599e6c01fb9",
        "last_annotation_token": "d1c0516f875c41c2a2373599e6c01fb9"
    },
    {
        "token": "d6e61573747d4debafabed089337f77e",
        "category_token": "8114c52a98a34cfe8794f5e038a25da9",
        "nbr_annotations": 4,
        "first_annotation_token": "3ae2015ca44e4e2a8af55adc724344ab",
        "last_annotation_token": "a42e54cf22874f749d099c4086b4d283"
    },
    {
        "token": "d7b144a9b716462d8f048091f7657a6c",
        "category_token": "8114c52a98a34cfe8794f5e038a25da9",
        "nbr_annotations": 1,
        "first_annotation_token": "7daae2e3899b40dcace568c94fa18b05",
        "last_annotation_token": "7daae2e3899b40dcace568c94fa18b05"
    },
    {
        "token": "d7c36783ee2a41fabb1e4a7efdc563de",
        "category_token": "26956bbf67924312818ebc0a57c42d76",
        "nbr_annotations": 1,
        "first_annotation_token": "31e9c77821c94d728a2a0f205e9ef6a7",
        "last_annotation_token": "31e9c77821c94d728a2a0f205e9ef6a7"
    },
    {
        "token": "d7cfcfe87b95471fa866893700676047",
        "category_token": "0a56556abd9c48a2af1e689e03a8483f",
        "nbr_annotations": 1,
        "first_annotation_token": "815bc43227314a059a031dff27642f01",
        "last_annotation_token": "815bc43227314a059a031dff27642f01"
    },
    {
        "token": "eb9b70255f7042c09dbded404bfee296",
        "category_token": "3ac674bfc4294362bb3d6f2fc33a623c",
        "nbr_annotations": 2,
        "first_annotation_token": "6bcd168c1e1a4d1a96bb7b37f3b7c10f",
        "last_annotation_token": "0d04db3748324e8f862542cd7eecc110"
    },
    {
        "token": "ebcfe584d68943ec80897b9abb7dfffd",
        "category_token": "3ac674bfc4294362bb3d6f2fc33a623c",
        "nbr_annotations": 2,
        "first_annotation_token": "94cdceb211bd4c5eb301dbffccd1872e",
        "last_annotation_token": "7188026130ca460bb9a9397c5eb8cd81"
    },
    {
        "token": "ec6bf05bed9040afb1222778011f2cd9",
        "category_token": "26956bbf67924312818ebc0a57c42d76",
        "nbr_annotations": 1,
        "first_annotation_token": "c7eb6c77fc91499fa27d357dc3cc738c",
        "last_annotation_token": "c7eb6c77fc91499fa27d357dc3cc738c"
    },
    {
        "token": "ec7cadeaa1a647c89f8a6818d4346c08",
        "category_token": "cc1e1dd674a244a7900fc01b4811d264",
        "nbr_annotations": 2,
        "first_annotation_token": "cafa5330d8dd404da1dbd2fab7b12755",
        "last_annotation_token": "e22a92213c134344a446aa884a518acb"
    },
    {
        "token": "ed0d7c3af4da41d09a75c45bb954f1af",
        "category_token": "3ac674bfc4294362bb3d6f2fc33a623c",
        "nbr_annotations": 1,
        "first_annotation_token": "36d43858c9874225af7c8a3296470755",
        "last_annotation_token": "36d43858c9874225af7c8a3296470755"
    },
    {
        "token": "ed5ab42f6544470c8a8bb775d67923b2",
        "category_token": "3ac674bfc4294362bb3d6f2fc33a623c",
        "nbr_annotations": 1,
        "first_annotation_token": "d20d490334f54447914466a694fc9e5d",
        "last_annotation_token": "d20d490334f54447914466a694fc9e5d"
    },
    {
        "token": "f03a5136265047c28f4d926e0f6335cd",
        "category_token": "8114c52a98a34cfe8794f5e038a25da9",
        "nbr_annotations": 1,
        "first_annotation_token": "c3068e7fef584af49bb159974abc5135",
        "last_annotation_token": "c3068e7fef584af49bb159974abc5135"
    },
    {
        "token": "f196e94475d548b589b04aa1bf5d816d",
        "category_token": "cc1e1dd674a244a7900fc01b4811d264",
        "nbr_annotations": 1,
        "first_annotation_token": "e4b9d6be8b654f9f8193ff08aa2b89c0",
        "last_annotation_token": "e4b9d6be8b654f9f8193ff08aa2b89c0"
    },
    {
        "token": "f1f114e742674f27b282d389b3c8be2e",
        "category_token": "cc1e1dd674a244a7900fc01b4811d264",
        "nbr_annotations": 2,
        "first_annotation_token": "c76c3753cecf42f9b62d32ce9a4ccf89",
        "last_annotation_token": "b67cc29e32b34fecad681c2cda083d15"
    },
    {
        "token": "f33f5442fe674229b63868153387f14d",
        "category_token": "3ac674bfc4294362bb3d6f2fc33a623c",
        "nbr_annotations": 2,
        "first_annotation_token": "845eec29d8f34463968c5fa15b6a76a3",
        "last_annotation_token": "959d02dfe67d4d22be12053fd835bdf6"
    },
    {
        "token": "f4087d38f84444c8a8709edc6052c07c",
        "category_token": "cc1e1dd674a244a7900fc01b4811d264",
        "nbr_annotations": 2,
        "first_annotation_token": "60b2895fbfcf42f79818c0de8fef8650",
        "last_annotation_token": "79c545a154644974999f905ed92f3c8a"
    },
    {
        "token": "f518f5ce5deb4975b958cd5443da97de",
        "category_token": "3ac674bfc4294362bb3d6f2fc33a623c",
        "nbr_annotations": 2,
        "first_annotation_token": "6595e76112804fda8fec092753ad40af",
        "last_annotation_token": "cd620f2364864d9ba0c8e0cbef65b734"
    },
    {
        "token": "fc963cfc42794f16ba1808c8ca9af2b3",
        "category_token": "3ac674bfc4294362bb3d6f2fc33a623c",
        "nbr_annotations": 1,
        "first_annotation_token": "ac798017253c43189bb7bac03191fa6a",
        "last_annotation_token": "ac798017253c43189bb7bac03191fa6a"
    },
    {
        "token": "feda50f975fd4d8b9becb8693ebea14f",
        "category_token": "d2ebea04082345d6a3d8ac66b2f4e31e",
        "nbr_annotations": 5,
        "first_annotation_token": "04906c630f4f476b9c2ae6a09aa5a8a9",
        "last_annotation_token": "430e4fdfafdc44dfaed43cd5f7c40700"
    }
]