[
    {
        "token": "872404f5dd77495e99f9fe2a5e230bb1",
        "channel": "ring_front_left",
        "modality": "camera"
    },
    {
        "token": "4373b1c8a73c46e7b4143bd3a5456236",
        "channel": "ring_front_right",
        "modality": "camera"
    },
    {
        "token": "3107159fb9e2485a997208d6d22d8714",
        "channel": "ring_front_center",
        "modality": "camera"
    },
    {
        "token": "78754745bda04343b41b531c94706fde",
        "channel": "ring_rear_left",
        "modality": "camera"
    },
    {
        "token": "ac82a3eb828143b68b429d0b87f6bcf2",
        "channel": "ring_rear_right",
        "modality": "camera"
    },
    {
        "token": "afc0674599474b46aac95f9fafb9a313",
        "channel": "ring_side_left",
        "modality": "camera"
    },
    {
        "token": "b8e8c3c56d944597b56e14de9f4f9134",
        "channel": "ring_side_right",
        "modality": "camera"
    },
    {
        "token": "68667ddae0764e06b187e77760e22b1f",
        "channel": "stereo_front_left",
        "modality": "camera"
    },
    {
        "token": "4b3d6d978f5646ea8f21b3cf8a044e29",
        "channel": "stereo_front_right",
        "modality": "camera"
    },
    {
        "token": "152ead00e1884fa3b8fed23fac243185",
        "channel": "lidar",
        "modality": "lidar"
    }
]